# Object Export From Tinkercad Server 2015

mtllib obj.mtl

o obj_0
v 1 		-1 		14
v 1 		1 		14
v 1 		-1 		0
v 1 		1 		0
v -1 		1 		14
v -1 		-1 		14
v -1 		1 		0
v -1 		-1 		0
# 8 vertices

g group_0_15277357

usemtl color_15277357
s 0

f 1 	3 	2
f 3 	4 	2
f 5 	7 	6
f 7 	8 	6
f 5 	6 	2
f 6 	1 	2
f 8 	7 	3
f 7 	4 	3
f 6 	8 	1
f 8 	3 	1
f 2 	4 	5
f 4 	7 	5
# 12 faces

 #end of obj_0

o obj_1
v 24.0000 		-1.0000 		0.0000
v 24.0000 		-1.0000 		73.0000
v 24.0000 		-1.0000 		85.2055
v 24.0000 		-0.5000 		59.0000
v 24.0000 		-0.5000 		59.6741
v 24.0000 		-0.5000 		61.5868
v 24.3046 		-0.5000 		59.1775
v 24.5738 		-0.5000 		58.7386
v 24.0000 		1.0000 		0.0000
v 24.0000 		0.5000 		59.0000
v 24.0000 		0.5000 		59.6741
v 24.0000 		0.5000 		61.5868
v 24.3046 		0.5000 		59.1775
v 24.0000 		1.0000 		73.0000
v 24.0000 		1.0000 		85.2055
v 24.5738 		0.5000 		58.7386
v 26.0000 		-1.0000 		0.0000
v 25.4262 		-0.5000 		59.2614
v 26.0000 		-1.0000 		73.0000
v 26.0000 		-1.0000 		84.7945
v 26.0000 		1.0000 		0.0000
v 25.4262 		0.5000 		59.2614
v 26.0000 		1.0000 		73.0000
v 26.0000 		1.0000 		84.7945
# 24 vertices

g group_1_15277357

usemtl color_15277357
s 0

f 9 	12 	18
f 9 	25 	10
f 9 	17 	25
f 9 	10 	12
f 10 	13 	12
f 10 	14 	13
f 12 	13 	15
f 12 	15 	21
f 10 	11 	23
f 10 	22 	14
f 10 	27 	11
f 9 	22 	17
f 9 	18 	22
f 12 	21 	18
f 22 	20 	14
f 10 	23 	22
f 18 	21 	19
f 18 	19 	22
f 22 	19 	20
f 11 	32 	23
f 17 	22 	31
f 22 	23 	32
f 25 	29 	27
f 10 	25 	27
f 11 	27 	28
f 11 	28 	32
f 27 	31 	28
f 17 	29 	25
f 17 	31 	29
f 22 	32 	31
f 27 	29 	31
f 28 	31 	32
f 26 	13 	14
f 16 	21 	15
f 15 	13 	26
f 16 	15 	26
f 16 	26 	24
f 26 	14 	30
f 16 	24 	21
f 30 	14 	20
f 20 	19 	21
f 24 	20 	21
f 24 	30 	20
f 26 	30 	24
# 44 faces

 #end of obj_1

o obj_2
v 59.0000 		-1.0000 		0.0000
v 59.0000 		-1.0000 		73.0000
v 59.0000 		-1.0000 		78.0137
v 59.0000 		1.0000 		0.0000
v 59.0000 		1.0000 		73.0000
v 59.0000 		1.0000 		78.0137
v 61.0000 		-1.0000 		0.0000
v 61.0000 		-1.0000 		73.0000
v 61.0000 		-1.0000 		77.6027
v 61.0000 		1.0000 		0.0000
v 61.0000 		1.0000 		73.0000
v 61.0000 		1.0000 		77.6027
# 12 vertices

g group_2_15277357

usemtl color_15277357
s 0

f 33 	39 	34
f 33 	36 	39
f 33 	34 	37
f 34 	35 	38
f 34 	40 	35
f 33 	37 	36
f 34 	38 	37
f 36 	37 	43
f 37 	38 	44
f 39 	42 	40
f 34 	39 	40
f 40 	41 	35
f 40 	43 	41
f 36 	42 	39
f 36 	43 	42
f 37 	44 	43
f 40 	42 	43
f 43 	44 	41
f 38 	35 	44
f 35 	41 	44
# 20 faces

 #end of obj_2

o obj_3
v 76.0000 		-1.0000 		0.0000
v 76.0000 		-1.0000 		73.0000
v 76.0000 		-1.0000 		74.5205
v 76.0000 		1.0000 		0.0000
v 76.0000 		1.0000 		73.0000
v 76.0000 		1.0000 		74.5205
v 78.0000 		-1.0000 		0.0000
v 78.0000 		-1.0000 		73.0000
v 78.0000 		-1.0000 		74.1096
v 78.0000 		1.0000 		0.0000
v 78.0000 		1.0000 		73.0000
v 78.0000 		1.0000 		74.1096
# 12 vertices

g group_3_15277357

usemtl color_15277357
s 0

f 45 	51 	46
f 45 	48 	51
f 45 	46 	49
f 46 	47 	50
f 46 	52 	47
f 45 	49 	48
f 46 	50 	49
f 48 	49 	55
f 49 	50 	56
f 51 	54 	52
f 46 	51 	52
f 52 	53 	47
f 52 	55 	53
f 48 	54 	51
f 48 	55 	54
f 49 	56 	55
f 52 	54 	55
f 55 	56 	53
f 50 	47 	56
f 47 	53 	56
# 20 faces

 #end of obj_3

o obj_4
v 97.0000 		-1.0000 		0.0000
v 97.0000 		-1.0000 		70.2055
v 97.7875 		-0.5000 		59.4526
v 97.0000 		1.0000 		0.0000
v 97.0000 		1.0000 		70.2055
v 97.7875 		0.5000 		59.4526
v 99.0000 		-1.0000 		0.0000
v 98.2125 		-0.5000 		58.5474
v 99.0000 		-1.0000 		69.7945
v 99.0000 		-0.5000 		58.9172
v 99.0000 		-0.5000 		60.0219
v 99.0000 		1.0000 		0.0000
v 98.2125 		0.5000 		58.5474
v 99.0000 		0.5000 		58.9172
v 99.0000 		0.5000 		60.0219
v 99.0000 		1.0000 		69.7945
# 16 vertices

g group_4_15277357

usemtl color_15277357
s 0

f 57 	63 	58
f 57 	60 	63
f 57 	58 	61
f 57 	61 	60
f 58 	72 	61
f 60 	61 	72
f 63 	68 	65
f 58 	63 	65
f 58 	65 	72
f 65 	66 	67
f 65 	68 	66
f 65 	67 	71
f 60 	68 	63
f 60 	72 	68
f 68 	70 	66
f 65 	71 	72
f 68 	72 	70
f 72 	71 	70
f 64 	62 	59
f 64 	59 	67
f 64 	66 	69
f 64 	67 	66
f 59 	71 	67
f 64 	69 	62
f 59 	62 	71
f 69 	70 	62
f 69 	66 	70
f 62 	70 	71
# 28 faces

 #end of obj_4

o obj_5
v 1 		-26 		14
v 1 		-24 		14
v 1 		-26 		0
v 1 		-24 		0
v -1 		-24 		14
v -1 		-26 		14
v -1 		-24 		0
v -1 		-26 		0
# 8 vertices

g group_5_15277357

usemtl color_15277357
s 0

f 73 	75 	74
f 75 	76 	74
f 77 	79 	78
f 79 	80 	78
f 77 	78 	74
f 78 	73 	74
f 80 	79 	75
f 79 	76 	75
f 78 	80 	73
f 80 	75 	73
f 74 	76 	77
f 76 	79 	77
# 12 faces

 #end of obj_5

o obj_6
v 24.0000 		-26.0000 		0.0000
v 24.0000 		-26.0000 		73.0000
v 24.0000 		-26.0000 		85.2055
v 24.0000 		-25.5000 		59.0000
v 24.0000 		-25.5000 		59.6741
v 24.0000 		-25.5000 		61.5868
v 24.3046 		-25.5000 		59.1775
v 24.5738 		-25.5000 		58.7386
v 24.0000 		-24.0000 		0.0000
v 24.0000 		-24.5000 		59.0000
v 24.0000 		-24.5000 		59.6741
v 24.0000 		-24.5000 		61.5868
v 24.3046 		-24.5000 		59.1775
v 24.0000 		-24.0000 		73.0000
v 24.0000 		-24.0000 		85.2055
v 24.5738 		-24.5000 		58.7386
v 26.0000 		-26.0000 		0.0000
v 25.4262 		-25.5000 		59.2614
v 26.0000 		-26.0000 		73.0000
v 26.0000 		-26.0000 		84.7945
v 26.0000 		-24.0000 		0.0000
v 25.4262 		-24.5000 		59.2614
v 26.0000 		-24.0000 		73.0000
v 26.0000 		-24.0000 		84.7945
# 24 vertices

g group_6_15277357

usemtl color_15277357
s 0

f 81 	84 	90
f 81 	97 	82
f 81 	89 	97
f 81 	82 	84
f 82 	85 	84
f 82 	86 	85
f 84 	85 	87
f 84 	87 	93
f 82 	83 	95
f 82 	94 	86
f 82 	99 	83
f 81 	94 	89
f 81 	90 	94
f 84 	93 	90
f 94 	92 	86
f 82 	95 	94
f 90 	93 	91
f 90 	91 	94
f 94 	91 	92
f 83 	104 	95
f 89 	94 	103
f 94 	95 	104
f 97 	101 	99
f 82 	97 	99
f 83 	99 	100
f 83 	100 	104
f 99 	103 	100
f 89 	101 	97
f 89 	103 	101
f 94 	104 	103
f 99 	101 	103
f 100 	103 	104
f 98 	85 	86
f 88 	93 	87
f 87 	85 	98
f 88 	87 	98
f 88 	98 	96
f 98 	86 	102
f 88 	96 	93
f 102 	86 	92
f 92 	91 	93
f 96 	92 	93
f 96 	102 	92
f 98 	102 	96
# 44 faces

 #end of obj_6

o obj_7
v 59.0000 		-26.0000 		0.0000
v 59.0000 		-26.0000 		73.0000
v 59.0000 		-26.0000 		78.0137
v 59.0000 		-24.0000 		0.0000
v 59.0000 		-24.0000 		73.0000
v 59.0000 		-24.0000 		78.0137
v 61.0000 		-26.0000 		0.0000
v 61.0000 		-26.0000 		73.0000
v 61.0000 		-26.0000 		77.6027
v 61.0000 		-24.0000 		0.0000
v 61.0000 		-24.0000 		73.0000
v 61.0000 		-24.0000 		77.6027
# 12 vertices

g group_7_15277357

usemtl color_15277357
s 0

f 105 	111 	106
f 105 	108 	111
f 105 	106 	109
f 106 	107 	110
f 106 	112 	107
f 105 	109 	108
f 106 	110 	109
f 108 	109 	115
f 109 	110 	116
f 111 	114 	112
f 106 	111 	112
f 112 	113 	107
f 112 	115 	113
f 108 	114 	111
f 108 	115 	114
f 109 	116 	115
f 112 	114 	115
f 115 	116 	113
f 110 	107 	116
f 107 	113 	116
# 20 faces

 #end of obj_7

o obj_8
v 76.0000 		-26.0000 		0.0000
v 76.0000 		-26.0000 		73.0000
v 76.0000 		-26.0000 		74.5205
v 76.0000 		-24.0000 		0.0000
v 76.0000 		-24.0000 		73.0000
v 76.0000 		-24.0000 		74.5205
v 78.0000 		-26.0000 		0.0000
v 78.0000 		-26.0000 		73.0000
v 78.0000 		-26.0000 		74.1096
v 78.0000 		-24.0000 		0.0000
v 78.0000 		-24.0000 		73.0000
v 78.0000 		-24.0000 		74.1096
# 12 vertices

g group_8_15277357

usemtl color_15277357
s 0

f 117 	123 	118
f 117 	120 	123
f 117 	118 	121
f 118 	119 	122
f 118 	124 	119
f 117 	121 	120
f 118 	122 	121
f 120 	121 	127
f 121 	122 	128
f 123 	126 	124
f 118 	123 	124
f 124 	125 	119
f 124 	127 	125
f 120 	126 	123
f 120 	127 	126
f 121 	128 	127
f 124 	126 	127
f 127 	128 	125
f 122 	119 	128
f 119 	125 	128
# 20 faces

 #end of obj_8

o obj_9
v 97.0000 		-26.0000 		0.0000
v 97.0000 		-26.0000 		70.2055
v 97.7875 		-25.5000 		59.4526
v 97.0000 		-24.0000 		0.0000
v 97.0000 		-24.0000 		70.2055
v 97.7875 		-24.5000 		59.4526
v 99.0000 		-26.0000 		0.0000
v 98.2125 		-25.5000 		58.5474
v 99.0000 		-26.0000 		69.7945
v 99.0000 		-25.5000 		58.9172
v 99.0000 		-25.5000 		60.0219
v 99.0000 		-24.0000 		0.0000
v 98.2125 		-24.5000 		58.5474
v 99.0000 		-24.5000 		58.9172
v 99.0000 		-24.5000 		60.0219
v 99.0000 		-24.0000 		69.7945
# 16 vertices

g group_9_15277357

usemtl color_15277357
s 0

f 129 	135 	130
f 129 	132 	135
f 129 	130 	133
f 129 	133 	132
f 130 	144 	133
f 132 	133 	144
f 135 	140 	137
f 130 	135 	137
f 130 	137 	144
f 137 	138 	139
f 137 	140 	138
f 137 	139 	143
f 132 	140 	135
f 132 	144 	140
f 140 	142 	138
f 137 	143 	144
f 140 	144 	142
f 144 	143 	142
f 136 	134 	131
f 136 	131 	139
f 136 	138 	141
f 136 	139 	138
f 131 	143 	139
f 136 	141 	134
f 131 	134 	143
f 141 	142 	134
f 141 	138 	142
f 134 	142 	143
# 28 faces

 #end of obj_9

o obj_10
v 1 		-51 		14
v 1 		-49 		14
v 1 		-51 		0
v 1 		-49 		0
v -1 		-49 		14
v -1 		-51 		14
v -1 		-49 		0
v -1 		-51 		0
# 8 vertices

g group_10_15277357

usemtl color_15277357
s 0

f 145 	147 	146
f 147 	148 	146
f 149 	151 	150
f 151 	152 	150
f 149 	150 	146
f 150 	145 	146
f 152 	151 	147
f 151 	148 	147
f 150 	152 	145
f 152 	147 	145
f 146 	148 	149
f 148 	151 	149
# 12 faces

 #end of obj_10

o obj_11
v 24.0000 		-51.0000 		0.0000
v 24.0000 		-51.0000 		73.0000
v 24.0000 		-51.0000 		85.2055
v 24.0000 		-50.5000 		59.0000
v 24.0000 		-50.5000 		59.6741
v 24.0000 		-50.5000 		61.5868
v 24.3046 		-50.5000 		59.1775
v 24.5738 		-50.5000 		58.7386
v 24.0000 		-49.0000 		0.0000
v 24.0000 		-49.5000 		59.0000
v 24.0000 		-49.5000 		59.6741
v 24.0000 		-49.5000 		61.5868
v 24.3046 		-49.5000 		59.1775
v 24.0000 		-49.0000 		73.0000
v 24.0000 		-49.0000 		85.2055
v 24.5738 		-49.5000 		58.7386
v 26.0000 		-51.0000 		0.0000
v 25.4262 		-50.5000 		59.2614
v 26.0000 		-51.0000 		73.0000
v 26.0000 		-51.0000 		84.7945
v 26.0000 		-49.0000 		0.0000
v 25.4262 		-49.5000 		59.2614
v 26.0000 		-49.0000 		73.0000
v 26.0000 		-49.0000 		84.7945
# 24 vertices

g group_11_15277357

usemtl color_15277357
s 0

f 153 	156 	162
f 153 	169 	154
f 153 	161 	169
f 153 	154 	156
f 154 	157 	156
f 154 	158 	157
f 156 	157 	159
f 156 	159 	165
f 154 	155 	167
f 154 	166 	158
f 154 	171 	155
f 153 	166 	161
f 153 	162 	166
f 156 	165 	162
f 166 	164 	158
f 154 	167 	166
f 162 	165 	163
f 162 	163 	166
f 166 	163 	164
f 155 	176 	167
f 161 	166 	175
f 166 	167 	176
f 169 	173 	171
f 154 	169 	171
f 155 	171 	172
f 155 	172 	176
f 171 	175 	172
f 161 	173 	169
f 161 	175 	173
f 166 	176 	175
f 171 	173 	175
f 172 	175 	176
f 170 	157 	158
f 160 	165 	159
f 159 	157 	170
f 160 	159 	170
f 160 	170 	168
f 170 	158 	174
f 160 	168 	165
f 174 	158 	164
f 164 	163 	165
f 168 	164 	165
f 168 	174 	164
f 170 	174 	168
# 44 faces

 #end of obj_11

o obj_12
v 59.0000 		-51.0000 		0.0000
v 59.0000 		-51.0000 		78.0100
v 59.0000 		-51.0000 		78.0137
v 59.0000 		-49.0000 		0.0000
v 59.0000 		-49.0000 		78.0100
v 59.0000 		-49.0000 		78.0137
v 61.0000 		-51.0000 		0.0000
v 61.0000 		-51.0000 		77.6027
v 61.0000 		-49.0000 		0.0000
v 61.0000 		-49.0000 		77.6027
# 10 vertices

g group_12_15277357

usemtl color_15277357
s 0

f 177 	183 	178
f 177 	180 	183
f 177 	178 	181
f 178 	179 	182
f 178 	183 	179
f 177 	181 	180
f 178 	182 	181
f 180 	181 	186
f 181 	182 	186
f 183 	185 	184
f 183 	184 	179
f 180 	185 	183
f 180 	186 	185
f 185 	186 	184
f 179 	186 	182
f 186 	179 	184
# 16 faces

 #end of obj_12

o obj_13
v 76.0000 		-51.0000 		0.0000
v 76.0000 		-51.0000 		73.0000
v 76.0000 		-51.0000 		74.5205
v 76.0000 		-49.0000 		0.0000
v 76.0000 		-49.0000 		73.0000
v 76.0000 		-49.0000 		74.5205
v 78.0000 		-51.0000 		0.0000
v 78.0000 		-51.0000 		73.0000
v 78.0000 		-51.0000 		74.1096
v 78.0000 		-49.0000 		0.0000
v 78.0000 		-49.0000 		73.0000
v 78.0000 		-49.0000 		74.1096
# 12 vertices

g group_13_15277357

usemtl color_15277357
s 0

f 187 	193 	188
f 187 	190 	193
f 187 	188 	191
f 188 	189 	192
f 188 	194 	189
f 187 	191 	190
f 188 	192 	191
f 190 	191 	197
f 191 	192 	198
f 193 	196 	194
f 188 	193 	194
f 194 	195 	189
f 194 	197 	195
f 190 	196 	193
f 190 	197 	196
f 191 	198 	197
f 194 	196 	197
f 197 	198 	195
f 192 	189 	198
f 189 	195 	198
# 20 faces

 #end of obj_13

o obj_14
v 1 		-76 		14
v 1 		-74 		14
v 1 		-76 		0
v 1 		-74 		0
v -1 		-74 		14
v -1 		-76 		14
v -1 		-74 		0
v -1 		-76 		0
# 8 vertices

g group_14_15277357

usemtl color_15277357
s 0

f 199 	201 	200
f 201 	202 	200
f 203 	205 	204
f 205 	206 	204
f 203 	204 	200
f 204 	199 	200
f 206 	205 	201
f 205 	202 	201
f 204 	206 	199
f 206 	201 	199
f 200 	202 	203
f 202 	205 	203
# 12 faces

 #end of obj_14

o obj_15
v 24.0000 		-76.0000 		0.0000
v 24.0000 		-76.0000 		73.0000
v 24.0000 		-76.0000 		85.2055
v 24.0000 		-75.5000 		59.0000
v 24.0000 		-75.5000 		59.6741
v 24.0000 		-75.5000 		61.5868
v 24.3046 		-75.5000 		59.1775
v 24.5738 		-75.5000 		58.7386
v 24.0000 		-74.0000 		0.0000
v 24.0000 		-74.5000 		59.0000
v 24.0000 		-74.5000 		59.6741
v 24.0000 		-74.5000 		61.5868
v 24.3046 		-74.5000 		59.1775
v 24.0000 		-74.0000 		73.0000
v 24.0000 		-74.0000 		85.2055
v 24.5738 		-74.5000 		58.7386
v 26.0000 		-76.0000 		0.0000
v 25.4262 		-75.5000 		59.2614
v 26.0000 		-76.0000 		73.0000
v 26.0000 		-76.0000 		84.7945
v 26.0000 		-74.0000 		0.0000
v 25.4262 		-74.5000 		59.2614
v 26.0000 		-74.0000 		73.0000
v 26.0000 		-74.0000 		84.7945
# 24 vertices

g group_15_15277357

usemtl color_15277357
s 0

f 207 	210 	216
f 207 	223 	208
f 207 	215 	223
f 207 	208 	210
f 208 	211 	210
f 208 	212 	211
f 210 	211 	213
f 210 	213 	219
f 208 	209 	221
f 208 	220 	212
f 208 	225 	209
f 207 	220 	215
f 207 	216 	220
f 210 	219 	216
f 220 	218 	212
f 208 	221 	220
f 216 	219 	217
f 216 	217 	220
f 220 	217 	218
f 209 	230 	221
f 215 	220 	229
f 220 	221 	230
f 223 	227 	225
f 208 	223 	225
f 209 	225 	226
f 209 	226 	230
f 225 	229 	226
f 215 	227 	223
f 215 	229 	227
f 220 	230 	229
f 225 	227 	229
f 226 	229 	230
f 224 	211 	212
f 214 	219 	213
f 213 	211 	224
f 214 	213 	224
f 214 	224 	222
f 224 	212 	228
f 214 	222 	219
f 228 	212 	218
f 218 	217 	219
f 222 	218 	219
f 222 	228 	218
f 224 	228 	222
# 44 faces

 #end of obj_15

o obj_16
v 59.0000 		-76.0000 		0.0000
v 59.0000 		-76.0000 		73.0000
v 59.0000 		-76.0000 		78.0137
v 59.0000 		-74.0000 		0.0000
v 59.0000 		-74.0000 		73.0000
v 59.0000 		-74.0000 		78.0137
v 61.0000 		-76.0000 		0.0000
v 61.0000 		-76.0000 		73.0000
v 61.0000 		-76.0000 		77.6027
v 61.0000 		-74.0000 		0.0000
v 61.0000 		-74.0000 		73.0000
v 61.0000 		-74.0000 		77.6027
# 12 vertices

g group_16_15277357

usemtl color_15277357
s 0

f 231 	237 	232
f 231 	234 	237
f 231 	232 	235
f 232 	233 	236
f 232 	238 	233
f 231 	235 	234
f 232 	236 	235
f 234 	235 	241
f 235 	236 	242
f 237 	240 	238
f 232 	237 	238
f 238 	239 	233
f 238 	241 	239
f 234 	240 	237
f 234 	241 	240
f 235 	242 	241
f 238 	240 	241
f 241 	242 	239
f 236 	233 	242
f 233 	239 	242
# 20 faces

 #end of obj_16

o obj_17
v 76.0000 		-76.0000 		0.0000
v 76.0000 		-76.0000 		73.0000
v 76.0000 		-76.0000 		74.5205
v 76.0000 		-74.0000 		0.0000
v 76.0000 		-74.0000 		73.0000
v 76.0000 		-74.0000 		74.5205
v 78.0000 		-76.0000 		0.0000
v 78.0000 		-76.0000 		73.0000
v 78.0000 		-76.0000 		74.1096
v 78.0000 		-74.0000 		0.0000
v 78.0000 		-74.0000 		73.0000
v 78.0000 		-74.0000 		74.1096
# 12 vertices

g group_17_15277357

usemtl color_15277357
s 0

f 243 	249 	244
f 243 	246 	249
f 243 	244 	247
f 244 	245 	248
f 244 	250 	245
f 243 	247 	246
f 244 	248 	247
f 246 	247 	253
f 247 	248 	254
f 249 	252 	250
f 244 	249 	250
f 250 	251 	245
f 250 	253 	251
f 246 	252 	249
f 246 	253 	252
f 247 	254 	253
f 250 	252 	253
f 253 	254 	251
f 248 	245 	254
f 245 	251 	254
# 20 faces

 #end of obj_17

o obj_18
v 97.0000 		-76.0000 		0.0000
v 97.0000 		-76.0000 		70.2055
v 97.7875 		-75.5000 		59.4526
v 97.0000 		-74.0000 		0.0000
v 97.0000 		-74.0000 		70.2055
v 97.7875 		-74.5000 		59.4526
v 99.0000 		-76.0000 		0.0000
v 98.2125 		-75.5000 		58.5474
v 99.0000 		-76.0000 		69.7945
v 99.0000 		-75.5000 		58.9172
v 99.0000 		-75.5000 		60.0219
v 99.0000 		-74.0000 		0.0000
v 98.2125 		-74.5000 		58.5474
v 99.0000 		-74.5000 		58.9172
v 99.0000 		-74.5000 		60.0219
v 99.0000 		-74.0000 		69.7945
# 16 vertices

g group_18_15277357

usemtl color_15277357
s 0

f 255 	261 	256
f 255 	258 	261
f 255 	256 	259
f 255 	259 	258
f 256 	270 	259
f 258 	259 	270
f 261 	266 	263
f 256 	261 	263
f 256 	263 	270
f 263 	264 	265
f 263 	266 	264
f 263 	265 	269
f 258 	266 	261
f 258 	270 	266
f 266 	268 	264
f 263 	269 	270
f 266 	270 	268
f 270 	269 	268
f 262 	260 	257
f 262 	257 	265
f 262 	264 	267
f 262 	265 	264
f 257 	269 	265
f 262 	267 	260
f 257 	260 	269
f 267 	268 	260
f 267 	264 	268
f 260 	268 	269
# 28 faces

 #end of obj_18

o obj_19
v 1 		-101 		14
v 1 		-99 		14
v 1 		-101 		0
v 1 		-99 		0
v -1 		-99 		14
v -1 		-101 		14
v -1 		-99 		0
v -1 		-101 		0
# 8 vertices

g group_19_15277357

usemtl color_15277357
s 0

f 271 	273 	272
f 273 	274 	272
f 275 	277 	276
f 277 	278 	276
f 275 	276 	272
f 276 	271 	272
f 278 	277 	273
f 277 	274 	273
f 276 	278 	271
f 278 	273 	271
f 272 	274 	275
f 274 	277 	275
# 12 faces

 #end of obj_19

o obj_20
v 24.0000 		-101.0000 		0.0000
v 24.0000 		-101.0000 		73.0000
v 24.0000 		-101.0000 		85.2055
v 24.0000 		-100.5000 		59.0000
v 24.0000 		-100.5000 		59.6741
v 24.0000 		-100.5000 		61.5868
v 24.3046 		-100.5000 		59.1775
v 24.5738 		-100.5000 		58.7386
v 24.0000 		-99.0000 		0.0000
v 24.0000 		-99.5000 		59.0000
v 24.0000 		-99.5000 		59.6741
v 24.0000 		-99.5000 		61.5868
v 24.3046 		-99.5000 		59.1775
v 24.0000 		-99.0000 		73.0000
v 24.0000 		-99.0000 		85.2055
v 24.5738 		-99.5000 		58.7386
v 26.0000 		-101.0000 		0.0000
v 25.4262 		-100.5000 		59.2614
v 26.0000 		-101.0000 		73.0000
v 26.0000 		-101.0000 		84.7945
v 26.0000 		-99.0000 		0.0000
v 25.4262 		-99.5000 		59.2614
v 26.0000 		-99.0000 		73.0000
v 26.0000 		-99.0000 		84.7945
# 24 vertices

g group_20_15277357

usemtl color_15277357
s 0

f 279 	282 	288
f 279 	295 	280
f 279 	287 	295
f 279 	280 	282
f 280 	283 	282
f 280 	284 	283
f 282 	283 	285
f 282 	285 	291
f 280 	281 	293
f 280 	292 	284
f 280 	297 	281
f 279 	292 	287
f 279 	288 	292
f 282 	291 	288
f 292 	290 	284
f 280 	293 	292
f 288 	291 	289
f 288 	289 	292
f 292 	289 	290
f 281 	302 	293
f 287 	292 	301
f 292 	293 	302
f 295 	299 	297
f 280 	295 	297
f 281 	297 	298
f 281 	298 	302
f 297 	301 	298
f 287 	299 	295
f 287 	301 	299
f 292 	302 	301
f 297 	299 	301
f 298 	301 	302
f 296 	283 	284
f 286 	291 	285
f 285 	283 	296
f 286 	285 	296
f 286 	296 	294
f 296 	284 	300
f 286 	294 	291
f 300 	284 	290
f 290 	289 	291
f 294 	290 	291
f 294 	300 	290
f 296 	300 	294
# 44 faces

 #end of obj_20

o obj_21
v 59.0000 		-101.0000 		0.0000
v 59.0000 		-101.0000 		73.0000
v 59.0000 		-101.0000 		78.0137
v 59.0000 		-99.0000 		0.0000
v 59.0000 		-99.0000 		73.0000
v 59.0000 		-99.0000 		78.0137
v 61.0000 		-101.0000 		0.0000
v 61.0000 		-101.0000 		73.0000
v 61.0000 		-101.0000 		77.6027
v 61.0000 		-99.0000 		0.0000
v 61.0000 		-99.0000 		73.0000
v 61.0000 		-99.0000 		77.6027
# 12 vertices

g group_21_15277357

usemtl color_15277357
s 0

f 303 	309 	304
f 303 	306 	309
f 303 	304 	307
f 304 	305 	308
f 304 	310 	305
f 303 	307 	306
f 304 	308 	307
f 306 	307 	313
f 307 	308 	314
f 309 	312 	310
f 304 	309 	310
f 310 	311 	305
f 310 	313 	311
f 306 	312 	309
f 306 	313 	312
f 307 	314 	313
f 310 	312 	313
f 313 	314 	311
f 308 	305 	314
f 305 	311 	314
# 20 faces

 #end of obj_21

o obj_22
v 76.0000 		-101.0000 		0.0000
v 76.0000 		-101.0000 		73.0000
v 76.0000 		-101.0000 		74.5205
v 76.0000 		-99.0000 		0.0000
v 76.0000 		-99.0000 		73.0000
v 76.0000 		-99.0000 		74.5205
v 78.0000 		-101.0000 		0.0000
v 78.0000 		-101.0000 		73.0000
v 78.0000 		-101.0000 		74.1096
v 78.0000 		-99.0000 		0.0000
v 78.0000 		-99.0000 		73.0000
v 78.0000 		-99.0000 		74.1096
# 12 vertices

g group_22_15277357

usemtl color_15277357
s 0

f 315 	321 	316
f 315 	318 	321
f 315 	316 	319
f 316 	317 	320
f 316 	322 	317
f 315 	319 	318
f 316 	320 	319
f 318 	319 	325
f 319 	320 	326
f 321 	324 	322
f 316 	321 	322
f 322 	323 	317
f 322 	325 	323
f 318 	324 	321
f 318 	325 	324
f 319 	326 	325
f 322 	324 	325
f 325 	326 	323
f 320 	317 	326
f 317 	323 	326
# 20 faces

 #end of obj_22

o obj_23
v 97.0000 		-101.0000 		0.0000
v 97.0000 		-101.0000 		70.2055
v 97.7875 		-100.5000 		59.4526
v 97.0000 		-99.0000 		0.0000
v 97.0000 		-99.0000 		70.2055
v 97.7875 		-99.5000 		59.4526
v 99.0000 		-101.0000 		0.0000
v 98.2125 		-100.5000 		58.5474
v 99.0000 		-101.0000 		69.7945
v 99.0000 		-100.5000 		58.9172
v 99.0000 		-100.5000 		60.0219
v 99.0000 		-99.0000 		0.0000
v 98.2125 		-99.5000 		58.5474
v 99.0000 		-99.5000 		58.9172
v 99.0000 		-99.5000 		60.0219
v 99.0000 		-99.0000 		69.7945
# 16 vertices

g group_23_15277357

usemtl color_15277357
s 0

f 327 	333 	328
f 327 	330 	333
f 327 	328 	331
f 327 	331 	330
f 328 	342 	331
f 330 	331 	342
f 333 	338 	335
f 328 	333 	335
f 328 	335 	342
f 335 	336 	337
f 335 	338 	336
f 335 	337 	341
f 330 	338 	333
f 330 	342 	338
f 338 	340 	336
f 335 	341 	342
f 338 	342 	340
f 342 	341 	340
f 334 	332 	329
f 334 	329 	337
f 334 	336 	339
f 334 	337 	336
f 329 	341 	337
f 334 	339 	332
f 329 	332 	341
f 339 	340 	332
f 339 	336 	340
f 332 	340 	341
# 28 faces

 #end of obj_23

o obj_24
v 97 		0 		17.5
v 97 		1 		17.5
v 97 		0 		15
v 97 		1 		15
v 78 		1 		17.5
v 78 		0 		17.5
v 78 		1 		15
v 78 		0 		15
# 8 vertices

g group_24_4634441

usemtl color_4634441
s 0

f 343 	345 	344
f 345 	346 	344
f 347 	349 	348
f 349 	350 	348
f 347 	348 	344
f 348 	343 	344
f 350 	349 	345
f 349 	346 	345
f 348 	350 	343
f 350 	345 	343
f 344 	346 	347
f 346 	349 	347
# 12 faces

 #end of obj_24

o obj_25
v 2.5 		-2.5 		0
v 2.5 		2.5 		0
v 2.5 		-2.5 		-10
v 2.5 		2.5 		-10
v -2.5 		2.5 		0
v -2.5 		-2.5 		0
v -2.5 		2.5 		-10
v -2.5 		-2.5 		-10
# 8 vertices

g group_25_9771553

usemtl color_9771553
s 0

f 351 	353 	352
f 353 	354 	352
f 355 	357 	356
f 357 	358 	356
f 355 	356 	352
f 356 	351 	352
f 358 	357 	353
f 357 	354 	353
f 356 	358 	351
f 358 	353 	351
f 352 	354 	355
f 354 	357 	355
# 12 faces

 #end of obj_25

o obj_26
v 2.5 		-27.5 		0
v 2.5 		-22.5 		0
v 2.5 		-27.5 		-10
v 2.5 		-22.5 		-10
v -2.5 		-22.5 		0
v -2.5 		-27.5 		0
v -2.5 		-22.5 		-10
v -2.5 		-27.5 		-10
# 8 vertices

g group_26_9771553

usemtl color_9771553
s 0

f 359 	361 	360
f 361 	362 	360
f 363 	365 	364
f 365 	366 	364
f 363 	364 	360
f 364 	359 	360
f 366 	365 	361
f 365 	362 	361
f 364 	366 	359
f 366 	361 	359
f 360 	362 	363
f 362 	365 	363
# 12 faces

 #end of obj_26

o obj_27
v 2.5 		-52.5 		0
v 2.5 		-47.5 		0
v 2.5 		-52.5 		-10
v 2.5 		-47.5 		-10
v -2.5 		-47.5 		0
v -2.5 		-52.5 		0
v -2.5 		-47.5 		-10
v -2.5 		-52.5 		-10
# 8 vertices

g group_27_9771553

usemtl color_9771553
s 0

f 367 	369 	368
f 369 	370 	368
f 371 	373 	372
f 373 	374 	372
f 371 	372 	368
f 372 	367 	368
f 374 	373 	369
f 373 	370 	369
f 372 	374 	367
f 374 	369 	367
f 368 	370 	371
f 370 	373 	371
# 12 faces

 #end of obj_27

o obj_28
v 2.5 		-77.5 		0
v 2.5 		-72.5 		0
v 2.5 		-77.5 		-10
v 2.5 		-72.5 		-10
v -2.5 		-72.5 		0
v -2.5 		-77.5 		0
v -2.5 		-72.5 		-10
v -2.5 		-77.5 		-10
# 8 vertices

g group_28_9771553

usemtl color_9771553
s 0

f 375 	377 	376
f 377 	378 	376
f 379 	381 	380
f 381 	382 	380
f 379 	380 	376
f 380 	375 	376
f 382 	381 	377
f 381 	378 	377
f 380 	382 	375
f 382 	377 	375
f 376 	378 	379
f 378 	381 	379
# 12 faces

 #end of obj_28

o obj_29
v 2.5 		-102.5 		0
v 2.5 		-97.5 		0
v 2.5 		-102.5 		-10
v 2.5 		-97.5 		-10
v -2.5 		-97.5 		0
v -2.5 		-102.5 		0
v -2.5 		-97.5 		-10
v -2.5 		-102.5 		-10
# 8 vertices

g group_29_9771553

usemtl color_9771553
s 0

f 383 	385 	384
f 385 	386 	384
f 387 	389 	388
f 389 	390 	388
f 387 	388 	384
f 388 	383 	384
f 390 	389 	385
f 389 	386 	385
f 388 	390 	383
f 390 	385 	383
f 384 	386 	387
f 386 	389 	387
# 12 faces

 #end of obj_29

o obj_30
v 27.5 		-2.5 		0
v 27.5 		2.5 		0
v 27.5 		-2.5 		-10
v 27.5 		2.5 		-10
v 22.5 		2.5 		0
v 22.5 		-2.5 		0
v 22.5 		2.5 		-10
v 22.5 		-2.5 		-10
# 8 vertices

g group_30_9771553

usemtl color_9771553
s 0

f 391 	393 	392
f 393 	394 	392
f 395 	397 	396
f 397 	398 	396
f 395 	396 	392
f 396 	391 	392
f 398 	397 	393
f 397 	394 	393
f 396 	398 	391
f 398 	393 	391
f 392 	394 	395
f 394 	397 	395
# 12 faces

 #end of obj_30

o obj_31
v 27.5 		-27.5 		0
v 27.5 		-22.5 		0
v 27.5 		-27.5 		-10
v 27.5 		-22.5 		-10
v 22.5 		-22.5 		0
v 22.5 		-27.5 		0
v 22.5 		-22.5 		-10
v 22.5 		-27.5 		-10
# 8 vertices

g group_31_9771553

usemtl color_9771553
s 0

f 399 	401 	400
f 401 	402 	400
f 403 	405 	404
f 405 	406 	404
f 403 	404 	400
f 404 	399 	400
f 406 	405 	401
f 405 	402 	401
f 404 	406 	399
f 406 	401 	399
f 400 	402 	403
f 402 	405 	403
# 12 faces

 #end of obj_31

o obj_32
v 27.5 		-52.5 		0
v 27.5 		-47.5 		0
v 27.5 		-52.5 		-10
v 27.5 		-47.5 		-10
v 22.5 		-47.5 		0
v 22.5 		-52.5 		0
v 22.5 		-47.5 		-10
v 22.5 		-52.5 		-10
# 8 vertices

g group_32_9771553

usemtl color_9771553
s 0

f 407 	409 	408
f 409 	410 	408
f 411 	413 	412
f 413 	414 	412
f 411 	412 	408
f 412 	407 	408
f 414 	413 	409
f 413 	410 	409
f 412 	414 	407
f 414 	409 	407
f 408 	410 	411
f 410 	413 	411
# 12 faces

 #end of obj_32

o obj_33
v 27.5 		-77.5 		0
v 27.5 		-72.5 		0
v 27.5 		-77.5 		-10
v 27.5 		-72.5 		-10
v 22.5 		-72.5 		0
v 22.5 		-77.5 		0
v 22.5 		-72.5 		-10
v 22.5 		-77.5 		-10
# 8 vertices

g group_33_9771553

usemtl color_9771553
s 0

f 415 	417 	416
f 417 	418 	416
f 419 	421 	420
f 421 	422 	420
f 419 	420 	416
f 420 	415 	416
f 422 	421 	417
f 421 	418 	417
f 420 	422 	415
f 422 	417 	415
f 416 	418 	419
f 418 	421 	419
# 12 faces

 #end of obj_33

o obj_34
v 27.5 		-102.5 		0
v 27.5 		-97.5 		0
v 27.5 		-102.5 		-10
v 27.5 		-97.5 		-10
v 22.5 		-97.5 		0
v 22.5 		-102.5 		0
v 22.5 		-97.5 		-10
v 22.5 		-102.5 		-10
# 8 vertices

g group_34_9771553

usemtl color_9771553
s 0

f 423 	425 	424
f 425 	426 	424
f 427 	429 	428
f 429 	430 	428
f 427 	428 	424
f 428 	423 	424
f 430 	429 	425
f 429 	426 	425
f 428 	430 	423
f 430 	425 	423
f 424 	426 	427
f 426 	429 	427
# 12 faces

 #end of obj_34

o obj_35
v 62.5 		-2.5 		0
v 62.5 		2.5 		0
v 62.5 		-2.5 		-10
v 62.5 		2.5 		-10
v 57.5 		2.5 		0
v 57.5 		-2.5 		0
v 57.5 		2.5 		-10
v 57.5 		-2.5 		-10
# 8 vertices

g group_35_9771553

usemtl color_9771553
s 0

f 431 	433 	432
f 433 	434 	432
f 435 	437 	436
f 437 	438 	436
f 435 	436 	432
f 436 	431 	432
f 438 	437 	433
f 437 	434 	433
f 436 	438 	431
f 438 	433 	431
f 432 	434 	435
f 434 	437 	435
# 12 faces

 #end of obj_35

o obj_36
v 62.5 		-27.5 		0
v 62.5 		-22.5 		0
v 62.5 		-27.5 		-10
v 62.5 		-22.5 		-10
v 57.5 		-22.5 		0
v 57.5 		-27.5 		0
v 57.5 		-22.5 		-10
v 57.5 		-27.5 		-10
# 8 vertices

g group_36_9771553

usemtl color_9771553
s 0

f 439 	441 	440
f 441 	442 	440
f 443 	445 	444
f 445 	446 	444
f 443 	444 	440
f 444 	439 	440
f 446 	445 	441
f 445 	442 	441
f 444 	446 	439
f 446 	441 	439
f 440 	442 	443
f 442 	445 	443
# 12 faces

 #end of obj_36

o obj_37
v 62.5 		-52.5 		0
v 62.5 		-47.5 		0
v 62.5 		-52.5 		-10
v 62.5 		-47.5 		-10
v 57.5 		-47.5 		0
v 57.5 		-52.5 		0
v 57.5 		-47.5 		-10
v 57.5 		-52.5 		-10
# 8 vertices

g group_37_9771553

usemtl color_9771553
s 0

f 447 	449 	448
f 449 	450 	448
f 451 	453 	452
f 453 	454 	452
f 451 	452 	448
f 452 	447 	448
f 454 	453 	449
f 453 	450 	449
f 452 	454 	447
f 454 	449 	447
f 448 	450 	451
f 450 	453 	451
# 12 faces

 #end of obj_37

o obj_38
v 62.5 		-77.5 		0
v 62.5 		-72.5 		0
v 62.5 		-77.5 		-10
v 62.5 		-72.5 		-10
v 57.5 		-72.5 		0
v 57.5 		-77.5 		0
v 57.5 		-72.5 		-10
v 57.5 		-77.5 		-10
# 8 vertices

g group_38_9771553

usemtl color_9771553
s 0

f 455 	457 	456
f 457 	458 	456
f 459 	461 	460
f 461 	462 	460
f 459 	460 	456
f 460 	455 	456
f 462 	461 	457
f 461 	458 	457
f 460 	462 	455
f 462 	457 	455
f 456 	458 	459
f 458 	461 	459
# 12 faces

 #end of obj_38

o obj_39
v 62.5 		-102.5 		0
v 62.5 		-97.5 		0
v 62.5 		-102.5 		-10
v 62.5 		-97.5 		-10
v 57.5 		-97.5 		0
v 57.5 		-102.5 		0
v 57.5 		-97.5 		-10
v 57.5 		-102.5 		-10
# 8 vertices

g group_39_9771553

usemtl color_9771553
s 0

f 463 	465 	464
f 465 	466 	464
f 467 	469 	468
f 469 	470 	468
f 467 	468 	464
f 468 	463 	464
f 470 	469 	465
f 469 	466 	465
f 468 	470 	463
f 470 	465 	463
f 464 	466 	467
f 466 	469 	467
# 12 faces

 #end of obj_39

o obj_40
v 79.5 		-2.5 		0
v 79.5 		2.5 		0
v 79.5 		-2.5 		-10
v 79.5 		2.5 		-10
v 74.5 		2.5 		0
v 74.5 		-2.5 		0
v 74.5 		2.5 		-10
v 74.5 		-2.5 		-10
# 8 vertices

g group_40_9771553

usemtl color_9771553
s 0

f 471 	473 	472
f 473 	474 	472
f 475 	477 	476
f 477 	478 	476
f 475 	476 	472
f 476 	471 	472
f 478 	477 	473
f 477 	474 	473
f 476 	478 	471
f 478 	473 	471
f 472 	474 	475
f 474 	477 	475
# 12 faces

 #end of obj_40

o obj_41
v 79.5 		-27.5 		0
v 79.5 		-22.5 		0
v 79.5 		-27.5 		-10
v 79.5 		-22.5 		-10
v 74.5 		-22.5 		0
v 74.5 		-27.5 		0
v 74.5 		-22.5 		-10
v 74.5 		-27.5 		-10
# 8 vertices

g group_41_9771553

usemtl color_9771553
s 0

f 479 	481 	480
f 481 	482 	480
f 483 	485 	484
f 485 	486 	484
f 483 	484 	480
f 484 	479 	480
f 486 	485 	481
f 485 	482 	481
f 484 	486 	479
f 486 	481 	479
f 480 	482 	483
f 482 	485 	483
# 12 faces

 #end of obj_41

o obj_42
v 79.5 		-52.5 		0
v 79.5 		-47.5 		0
v 79.5 		-52.5 		-10
v 79.5 		-47.5 		-10
v 74.5 		-47.5 		0
v 74.5 		-52.5 		0
v 74.5 		-47.5 		-10
v 74.5 		-52.5 		-10
# 8 vertices

g group_42_9771553

usemtl color_9771553
s 0

f 487 	489 	488
f 489 	490 	488
f 491 	493 	492
f 493 	494 	492
f 491 	492 	488
f 492 	487 	488
f 494 	493 	489
f 493 	490 	489
f 492 	494 	487
f 494 	489 	487
f 488 	490 	491
f 490 	493 	491
# 12 faces

 #end of obj_42

o obj_43
v 79.5 		-77.5 		0
v 79.5 		-72.5 		0
v 79.5 		-77.5 		-10
v 79.5 		-72.5 		-10
v 74.5 		-72.5 		0
v 74.5 		-77.5 		0
v 74.5 		-72.5 		-10
v 74.5 		-77.5 		-10
# 8 vertices

g group_43_9771553

usemtl color_9771553
s 0

f 495 	497 	496
f 497 	498 	496
f 499 	501 	500
f 501 	502 	500
f 499 	500 	496
f 500 	495 	496
f 502 	501 	497
f 501 	498 	497
f 500 	502 	495
f 502 	497 	495
f 496 	498 	499
f 498 	501 	499
# 12 faces

 #end of obj_43

o obj_44
v 79.5 		-102.5 		0
v 79.5 		-97.5 		0
v 79.5 		-102.5 		-10
v 79.5 		-97.5 		-10
v 74.5 		-97.5 		0
v 74.5 		-102.5 		0
v 74.5 		-97.5 		-10
v 74.5 		-102.5 		-10
# 8 vertices

g group_44_9771553

usemtl color_9771553
s 0

f 503 	505 	504
f 505 	506 	504
f 507 	509 	508
f 509 	510 	508
f 507 	508 	504
f 508 	503 	504
f 510 	509 	505
f 509 	506 	505
f 508 	510 	503
f 510 	505 	503
f 504 	506 	507
f 506 	509 	507
# 12 faces

 #end of obj_44

o obj_45
v 100.5 		-2.5 		0
v 100.5 		2.5 		0
v 100.5 		-2.5 		-10
v 100.5 		2.5 		-10
v 95.5 		2.5 		0
v 95.5 		-2.5 		0
v 95.5 		2.5 		-10
v 95.5 		-2.5 		-10
# 8 vertices

g group_45_9771553

usemtl color_9771553
s 0

f 511 	513 	512
f 513 	514 	512
f 515 	517 	516
f 517 	518 	516
f 515 	516 	512
f 516 	511 	512
f 518 	517 	513
f 517 	514 	513
f 516 	518 	511
f 518 	513 	511
f 512 	514 	515
f 514 	517 	515
# 12 faces

 #end of obj_45

o obj_46
v 100.5 		-27.5 		0
v 100.5 		-22.5 		0
v 100.5 		-27.5 		-10
v 100.5 		-22.5 		-10
v 95.5 		-22.5 		0
v 95.5 		-27.5 		0
v 95.5 		-22.5 		-10
v 95.5 		-27.5 		-10
# 8 vertices

g group_46_9771553

usemtl color_9771553
s 0

f 519 	521 	520
f 521 	522 	520
f 523 	525 	524
f 525 	526 	524
f 523 	524 	520
f 524 	519 	520
f 526 	525 	521
f 525 	522 	521
f 524 	526 	519
f 526 	521 	519
f 520 	522 	523
f 522 	525 	523
# 12 faces

 #end of obj_46

o obj_47
v 100.5 		-77.5 		0
v 100.5 		-72.5 		0
v 100.5 		-77.5 		-10
v 100.5 		-72.5 		-10
v 95.5 		-72.5 		0
v 95.5 		-77.5 		0
v 95.5 		-72.5 		-10
v 95.5 		-77.5 		-10
# 8 vertices

g group_47_9771553

usemtl color_9771553
s 0

f 527 	529 	528
f 529 	530 	528
f 531 	533 	532
f 533 	534 	532
f 531 	532 	528
f 532 	527 	528
f 534 	533 	529
f 533 	530 	529
f 532 	534 	527
f 534 	529 	527
f 528 	530 	531
f 530 	533 	531
# 12 faces

 #end of obj_47

o obj_48
v 100.5 		-102.5 		0
v 100.5 		-97.5 		0
v 100.5 		-102.5 		-10
v 100.5 		-97.5 		-10
v 95.5 		-97.5 		0
v 95.5 		-102.5 		0
v 95.5 		-97.5 		-10
v 95.5 		-102.5 		-10
# 8 vertices

g group_48_9771553

usemtl color_9771553
s 0

f 535 	537 	536
f 537 	538 	536
f 539 	541 	540
f 541 	542 	540
f 539 	540 	536
f 540 	535 	536
f 542 	541 	537
f 541 	538 	537
f 540 	542 	535
f 542 	537 	535
f 536 	538 	539
f 538 	541 	539
# 12 faces

 #end of obj_48

o obj_49
v 76 		0 		17.5
v 76 		1 		17.5
v 76 		0 		15
v 76 		1 		15
v 61 		1 		17.5
v 61 		0 		17.5
v 61 		1 		15
v 61 		0 		15
# 8 vertices

g group_49_4634441

usemtl color_4634441
s 0

f 543 	545 	544
f 545 	546 	544
f 547 	549 	548
f 549 	550 	548
f 547 	548 	544
f 548 	543 	544
f 550 	549 	545
f 549 	546 	545
f 548 	550 	543
f 550 	545 	543
f 544 	546 	547
f 546 	549 	547
# 12 faces

 #end of obj_49

o obj_50
v 59 		0 		14
v 59 		1 		14
v 59 		0 		11.5
v 59 		1 		11.5
v 26 		1 		14
v 26 		0 		14
v 26 		1 		11.5
v 26 		0 		11.5
# 8 vertices

g group_50_4634441

usemtl color_4634441
s 0

f 551 	553 	552
f 553 	554 	552
f 555 	557 	556
f 557 	558 	556
f 555 	556 	552
f 556 	551 	552
f 558 	557 	553
f 557 	554 	553
f 556 	558 	551
f 558 	553 	551
f 552 	554 	555
f 554 	557 	555
# 12 faces

 #end of obj_50

o obj_51
v 24 		0 		14
v 24 		1 		14
v 24 		0 		11.5
v 24 		1 		11.5
v 1 		1 		14
v 1 		0 		14
v 1 		1 		11.5
v 1 		0 		11.5
# 8 vertices

g group_51_4634441

usemtl color_4634441
s 0

f 559 	561 	560
f 561 	562 	560
f 563 	565 	564
f 565 	566 	564
f 563 	564 	560
f 564 	559 	560
f 566 	565 	561
f 565 	562 	561
f 564 	566 	559
f 566 	561 	559
f 560 	562 	563
f 562 	565 	563
# 12 faces

 #end of obj_51

o obj_52
v 97 		-25.5 		17.5
v 97 		-24.5 		17.5
v 97 		-25.5 		15
v 97 		-24.5 		15
v 78 		-24.5 		17.5
v 78 		-25.5 		17.5
v 78 		-24.5 		15
v 78 		-25.5 		15
# 8 vertices

g group_52_4634441

usemtl color_4634441
s 0

f 567 	569 	568
f 569 	570 	568
f 571 	573 	572
f 573 	574 	572
f 571 	572 	568
f 572 	567 	568
f 574 	573 	569
f 573 	570 	569
f 572 	574 	567
f 574 	569 	567
f 568 	570 	571
f 570 	573 	571
# 12 faces

 #end of obj_52

o obj_53
v 59 		-25.5 		14
v 59 		-24.5 		14
v 59 		-25.5 		11.5
v 59 		-24.5 		11.5
v 26 		-24.5 		14
v 26 		-25.5 		14
v 26 		-24.5 		11.5
v 26 		-25.5 		11.5
# 8 vertices

g group_53_4634441

usemtl color_4634441
s 0

f 575 	577 	576
f 577 	578 	576
f 579 	581 	580
f 581 	582 	580
f 579 	580 	576
f 580 	575 	576
f 582 	581 	577
f 581 	578 	577
f 580 	582 	575
f 582 	577 	575
f 576 	578 	579
f 578 	581 	579
# 12 faces

 #end of obj_53

o obj_54
v 76 		-25.5 		17.5
v 76 		-24.5 		17.5
v 76 		-25.5 		15
v 76 		-24.5 		15
v 61 		-24.5 		17.5
v 61 		-25.5 		17.5
v 61 		-24.5 		15
v 61 		-25.5 		15
# 8 vertices

g group_54_4634441

usemtl color_4634441
s 0

f 583 	585 	584
f 585 	586 	584
f 587 	589 	588
f 589 	590 	588
f 587 	588 	584
f 588 	583 	584
f 590 	589 	585
f 589 	586 	585
f 588 	590 	583
f 590 	585 	583
f 584 	586 	587
f 586 	589 	587
# 12 faces

 #end of obj_54

o obj_55
v 24 		-25.5 		14
v 24 		-24.5 		14
v 24 		-25.5 		11.5
v 24 		-24.5 		11.5
v 1 		-24.5 		14
v 1 		-25.5 		14
v 1 		-24.5 		11.5
v 1 		-25.5 		11.5
# 8 vertices

g group_55_4634441

usemtl color_4634441
s 0

f 591 	593 	592
f 593 	594 	592
f 595 	597 	596
f 597 	598 	596
f 595 	596 	592
f 596 	591 	592
f 598 	597 	593
f 597 	594 	593
f 596 	598 	591
f 598 	593 	591
f 592 	594 	595
f 594 	597 	595
# 12 faces

 #end of obj_55

o obj_56
v 97 		-75.5 		17.5
v 97 		-74.5 		17.5
v 97 		-75.5 		15
v 97 		-74.5 		15
v 78 		-74.5 		17.5
v 78 		-75.5 		17.5
v 78 		-74.5 		15
v 78 		-75.5 		15
# 8 vertices

g group_56_4634441

usemtl color_4634441
s 0

f 599 	601 	600
f 601 	602 	600
f 603 	605 	604
f 605 	606 	604
f 603 	604 	600
f 604 	599 	600
f 606 	605 	601
f 605 	602 	601
f 604 	606 	599
f 606 	601 	599
f 600 	602 	603
f 602 	605 	603
# 12 faces

 #end of obj_56

o obj_57
v 59 		-75.5 		14
v 59 		-74.5 		14
v 59 		-75.5 		11.5
v 59 		-74.5 		11.5
v 26 		-74.5 		14
v 26 		-75.5 		14
v 26 		-74.5 		11.5
v 26 		-75.5 		11.5
# 8 vertices

g group_57_4634441

usemtl color_4634441
s 0

f 607 	609 	608
f 609 	610 	608
f 611 	613 	612
f 613 	614 	612
f 611 	612 	608
f 612 	607 	608
f 614 	613 	609
f 613 	610 	609
f 612 	614 	607
f 614 	609 	607
f 608 	610 	611
f 610 	613 	611
# 12 faces

 #end of obj_57

o obj_58
v 76 		-75.5 		17.5
v 76 		-74.5 		17.5
v 76 		-75.5 		15
v 76 		-74.5 		15
v 61 		-74.5 		17.5
v 61 		-75.5 		17.5
v 61 		-74.5 		15
v 61 		-75.5 		15
# 8 vertices

g group_58_4634441

usemtl color_4634441
s 0

f 615 	617 	616
f 617 	618 	616
f 619 	621 	620
f 621 	622 	620
f 619 	620 	616
f 620 	615 	616
f 622 	621 	617
f 621 	618 	617
f 620 	622 	615
f 622 	617 	615
f 616 	618 	619
f 618 	621 	619
# 12 faces

 #end of obj_58

o obj_59
v 24 		-75.5 		14
v 24 		-74.5 		14
v 24 		-75.5 		11.5
v 24 		-74.5 		11.5
v 1 		-74.5 		14
v 1 		-75.5 		14
v 1 		-74.5 		11.5
v 1 		-75.5 		11.5
# 8 vertices

g group_59_4634441

usemtl color_4634441
s 0

f 623 	625 	624
f 625 	626 	624
f 627 	629 	628
f 629 	630 	628
f 627 	628 	624
f 628 	623 	624
f 630 	629 	625
f 629 	626 	625
f 628 	630 	623
f 630 	625 	623
f 624 	626 	627
f 626 	629 	627
# 12 faces

 #end of obj_59

o obj_60
v 97 		-101 		17.5
v 97 		-100 		17.5
v 97 		-101 		15
v 97 		-100 		15
v 78 		-100 		17.5
v 78 		-101 		17.5
v 78 		-100 		15
v 78 		-101 		15
# 8 vertices

g group_60_4634441

usemtl color_4634441
s 0

f 631 	633 	632
f 633 	634 	632
f 635 	637 	636
f 637 	638 	636
f 635 	636 	632
f 636 	631 	632
f 638 	637 	633
f 637 	634 	633
f 636 	638 	631
f 638 	633 	631
f 632 	634 	635
f 634 	637 	635
# 12 faces

 #end of obj_60

o obj_61
v 59 		-101 		14
v 59 		-100 		14
v 59 		-101 		11.5
v 59 		-100 		11.5
v 26 		-100 		14
v 26 		-101 		14
v 26 		-100 		11.5
v 26 		-101 		11.5
# 8 vertices

g group_61_4634441

usemtl color_4634441
s 0

f 639 	641 	640
f 641 	642 	640
f 643 	645 	644
f 645 	646 	644
f 643 	644 	640
f 644 	639 	640
f 646 	645 	641
f 645 	642 	641
f 644 	646 	639
f 646 	641 	639
f 640 	642 	643
f 642 	645 	643
# 12 faces

 #end of obj_61

o obj_62
v 76 		-101 		17.5
v 76 		-100 		17.5
v 76 		-101 		15
v 76 		-100 		15
v 61 		-100 		17.5
v 61 		-101 		17.5
v 61 		-100 		15
v 61 		-101 		15
# 8 vertices

g group_62_4634441

usemtl color_4634441
s 0

f 647 	649 	648
f 649 	650 	648
f 651 	653 	652
f 653 	654 	652
f 651 	652 	648
f 652 	647 	648
f 654 	653 	649
f 653 	650 	649
f 652 	654 	647
f 654 	649 	647
f 648 	650 	651
f 650 	653 	651
# 12 faces

 #end of obj_62

o obj_63
v 24 		-101 		14
v 24 		-100 		14
v 24 		-101 		11.5
v 24 		-100 		11.5
v 1 		-100 		14
v 1 		-101 		14
v 1 		-100 		11.5
v 1 		-101 		11.5
# 8 vertices

g group_63_4634441

usemtl color_4634441
s 0

f 655 	657 	656
f 657 	658 	656
f 659 	661 	660
f 661 	662 	660
f 659 	660 	656
f 660 	655 	656
f 662 	661 	657
f 661 	658 	657
f 660 	662 	655
f 662 	657 	655
f 656 	658 	659
f 658 	661 	659
# 12 faces

 #end of obj_63

o obj_64
v 59 		-50.5 		14
v 59 		-49.5 		14
v 59 		-50.5 		11.5
v 59 		-49.5 		11.5
v 26 		-49.5 		14
v 26 		-50.5 		14
v 26 		-49.5 		11.5
v 26 		-50.5 		11.5
# 8 vertices

g group_64_4634441

usemtl color_4634441
s 0

f 663 	665 	664
f 665 	666 	664
f 667 	669 	668
f 669 	670 	668
f 667 	668 	664
f 668 	663 	664
f 670 	669 	665
f 669 	666 	665
f 668 	670 	663
f 670 	665 	663
f 664 	666 	667
f 666 	669 	667
# 12 faces

 #end of obj_64

o obj_65
v 76 		-50.5 		17.5
v 76 		-49.5 		17.5
v 76 		-50.5 		15
v 76 		-49.5 		15
v 61 		-49.5 		17.5
v 61 		-50.5 		17.5
v 61 		-49.5 		15
v 61 		-50.5 		15
# 8 vertices

g group_65_4634441

usemtl color_4634441
s 0

f 671 	673 	672
f 673 	674 	672
f 675 	677 	676
f 677 	678 	676
f 675 	676 	672
f 676 	671 	672
f 678 	677 	673
f 677 	674 	673
f 676 	678 	671
f 678 	673 	671
f 672 	674 	675
f 674 	677 	675
# 12 faces

 #end of obj_65

o obj_66
v 24 		-50.5 		14
v 24 		-49.5 		14
v 24 		-50.5 		11.5
v 24 		-49.5 		11.5
v 1 		-49.5 		14
v 1 		-50.5 		14
v 1 		-49.5 		11.5
v 1 		-50.5 		11.5
# 8 vertices

g group_66_4634441

usemtl color_4634441
s 0

f 679 	681 	680
f 681 	682 	680
f 683 	685 	684
f 685 	686 	684
f 683 	684 	680
f 684 	679 	680
f 686 	685 	681
f 685 	682 	681
f 684 	686 	679
f 686 	681 	679
f 680 	682 	683
f 682 	685 	683
# 12 faces

 #end of obj_66

o obj_67
v 99 		-1 		17.5
v 98 		-1 		17.5
v 99 		-1 		15
v 98 		-1 		15
v 98 		-24 		17.5
v 99 		-24 		17.5
v 98 		-24 		15
v 99 		-24 		15
# 8 vertices

g group_67_4634441

usemtl color_4634441
s 0

f 687 	689 	688
f 689 	690 	688
f 691 	693 	692
f 693 	694 	692
f 691 	692 	688
f 692 	687 	688
f 694 	693 	689
f 693 	690 	689
f 692 	694 	687
f 694 	689 	687
f 688 	690 	691
f 690 	693 	691
# 12 faces

 #end of obj_67

o obj_68
v 77.5 		-1 		17.5
v 76.5 		-1 		17.5
v 77.5 		-1 		15
v 76.5 		-1 		15
v 76.5 		-24 		17.5
v 77.5 		-24 		17.5
v 76.5 		-24 		15
v 77.5 		-24 		15
# 8 vertices

g group_68_4634441

usemtl color_4634441
s 0

f 695 	697 	696
f 697 	698 	696
f 699 	701 	700
f 701 	702 	700
f 699 	700 	696
f 700 	695 	696
f 702 	701 	697
f 701 	698 	697
f 700 	702 	695
f 702 	697 	695
f 696 	698 	699
f 698 	701 	699
# 12 faces

 #end of obj_68

o obj_69
v 60.5 		-1 		17.5
v 59.5 		-1 		17.5
v 60.5 		-1 		15
v 59.5 		-1 		15
v 59.5 		-24 		17.5
v 60.5 		-24 		17.5
v 59.5 		-24 		15
v 60.5 		-24 		15
# 8 vertices

g group_69_4634441

usemtl color_4634441
s 0

f 703 	705 	704
f 705 	706 	704
f 707 	709 	708
f 709 	710 	708
f 707 	708 	704
f 708 	703 	704
f 710 	709 	705
f 709 	706 	705
f 708 	710 	703
f 710 	705 	703
f 704 	706 	707
f 706 	709 	707
# 12 faces

 #end of obj_69

o obj_70
v 25 		-1 		14
v 24 		-1 		14
v 25 		-1 		11.5
v 24 		-1 		11.5
v 24 		-24 		14
v 25 		-24 		14
v 24 		-24 		11.5
v 25 		-24 		11.5
# 8 vertices

g group_70_4634441

usemtl color_4634441
s 0

f 711 	713 	712
f 713 	714 	712
f 715 	717 	716
f 717 	718 	716
f 715 	716 	712
f 716 	711 	712
f 718 	717 	713
f 717 	714 	713
f 716 	718 	711
f 718 	713 	711
f 712 	714 	715
f 714 	717 	715
# 12 faces

 #end of obj_70

o obj_71
v 0 		-1 		14
v -1 		-1 		14
v 0 		-1 		11.5
v -1 		-1 		11.5
v -1 		-24 		14
v 0 		-24 		14
v -1 		-24 		11.5
v 0 		-24 		11.5
# 8 vertices

g group_71_4634441

usemtl color_4634441
s 0

f 719 	721 	720
f 721 	722 	720
f 723 	725 	724
f 725 	726 	724
f 723 	724 	720
f 724 	719 	720
f 726 	725 	721
f 725 	722 	721
f 724 	726 	719
f 726 	721 	719
f 720 	722 	723
f 722 	725 	723
# 12 faces

 #end of obj_71

o obj_72
v 60.5 		-1 		14
v 59.5 		-1 		14
v 60.5 		-1 		11.5
v 59.5 		-1 		11.5
v 59.5 		-24 		14
v 60.5 		-24 		14
v 59.5 		-24 		11.5
v 60.5 		-24 		11.5
# 8 vertices

g group_72_4634441

usemtl color_4634441
s 0

f 727 	729 	728
f 729 	730 	728
f 731 	733 	732
f 733 	734 	732
f 731 	732 	728
f 732 	727 	728
f 734 	733 	729
f 733 	730 	729
f 732 	734 	727
f 734 	729 	727
f 728 	730 	731
f 730 	733 	731
# 12 faces

 #end of obj_72

o obj_73
v 77.5 		-26 		17.5
v 76.5 		-26 		17.5
v 77.5 		-26 		15
v 76.5 		-26 		15
v 76.5 		-49 		17.5
v 77.5 		-49 		17.5
v 76.5 		-49 		15
v 77.5 		-49 		15
# 8 vertices

g group_73_4634441

usemtl color_4634441
s 0

f 735 	737 	736
f 737 	738 	736
f 739 	741 	740
f 741 	742 	740
f 739 	740 	736
f 740 	735 	736
f 742 	741 	737
f 741 	738 	737
f 740 	742 	735
f 742 	737 	735
f 736 	738 	739
f 738 	741 	739
# 12 faces

 #end of obj_73

o obj_74
v 60.5 		-26 		17.5
v 59.5 		-26 		17.5
v 60.5 		-26 		15
v 59.5 		-26 		15
v 59.5 		-49 		17.5
v 60.5 		-49 		17.5
v 59.5 		-49 		15
v 60.5 		-49 		15
# 8 vertices

g group_74_4634441

usemtl color_4634441
s 0

f 743 	745 	744
f 745 	746 	744
f 747 	749 	748
f 749 	750 	748
f 747 	748 	744
f 748 	743 	744
f 750 	749 	745
f 749 	746 	745
f 748 	750 	743
f 750 	745 	743
f 744 	746 	747
f 746 	749 	747
# 12 faces

 #end of obj_74

o obj_75
v 25 		-26 		14
v 24 		-26 		14
v 25 		-26 		11.5
v 24 		-26 		11.5
v 24 		-49 		14
v 25 		-49 		14
v 24 		-49 		11.5
v 25 		-49 		11.5
# 8 vertices

g group_75_4634441

usemtl color_4634441
s 0

f 751 	753 	752
f 753 	754 	752
f 755 	757 	756
f 757 	758 	756
f 755 	756 	752
f 756 	751 	752
f 758 	757 	753
f 757 	754 	753
f 756 	758 	751
f 758 	753 	751
f 752 	754 	755
f 754 	757 	755
# 12 faces

 #end of obj_75

o obj_76
v 0 		-26 		14
v -1 		-26 		14
v 0 		-26 		11.5
v -1 		-26 		11.5
v -1 		-49 		14
v 0 		-49 		14
v -1 		-49 		11.5
v 0 		-49 		11.5
# 8 vertices

g group_76_4634441

usemtl color_4634441
s 0

f 759 	761 	760
f 761 	762 	760
f 763 	765 	764
f 765 	766 	764
f 763 	764 	760
f 764 	759 	760
f 766 	765 	761
f 765 	762 	761
f 764 	766 	759
f 766 	761 	759
f 760 	762 	763
f 762 	765 	763
# 12 faces

 #end of obj_76

o obj_77
v 60.5 		-26 		14
v 59.5 		-26 		14
v 60.5 		-26 		11.5
v 59.5 		-26 		11.5
v 59.5 		-49 		14
v 60.5 		-49 		14
v 59.5 		-49 		11.5
v 60.5 		-49 		11.5
# 8 vertices

g group_77_4634441

usemtl color_4634441
s 0

f 767 	769 	768
f 769 	770 	768
f 771 	773 	772
f 773 	774 	772
f 771 	772 	768
f 772 	767 	768
f 774 	773 	769
f 773 	770 	769
f 772 	774 	767
f 774 	769 	767
f 768 	770 	771
f 770 	773 	771
# 12 faces

 #end of obj_77

o obj_78
v 77.5 		-51 		17.5
v 76.5 		-51 		17.5
v 77.5 		-51 		15
v 76.5 		-51 		15
v 76.5 		-74 		17.5
v 77.5 		-74 		17.5
v 76.5 		-74 		15
v 77.5 		-74 		15
# 8 vertices

g group_78_4634441

usemtl color_4634441
s 0

f 775 	777 	776
f 777 	778 	776
f 779 	781 	780
f 781 	782 	780
f 779 	780 	776
f 780 	775 	776
f 782 	781 	777
f 781 	778 	777
f 780 	782 	775
f 782 	777 	775
f 776 	778 	779
f 778 	781 	779
# 12 faces

 #end of obj_78

o obj_79
v 60.5 		-51 		17.5
v 59.5 		-51 		17.5
v 60.5 		-51 		15
v 59.5 		-51 		15
v 59.5 		-74 		17.5
v 60.5 		-74 		17.5
v 59.5 		-74 		15
v 60.5 		-74 		15
# 8 vertices

g group_79_4634441

usemtl color_4634441
s 0

f 783 	785 	784
f 785 	786 	784
f 787 	789 	788
f 789 	790 	788
f 787 	788 	784
f 788 	783 	784
f 790 	789 	785
f 789 	786 	785
f 788 	790 	783
f 790 	785 	783
f 784 	786 	787
f 786 	789 	787
# 12 faces

 #end of obj_79

o obj_80
v 25 		-51 		14
v 24 		-51 		14
v 25 		-51 		11.5
v 24 		-51 		11.5
v 24 		-74 		14
v 25 		-74 		14
v 24 		-74 		11.5
v 25 		-74 		11.5
# 8 vertices

g group_80_4634441

usemtl color_4634441
s 0

f 791 	793 	792
f 793 	794 	792
f 795 	797 	796
f 797 	798 	796
f 795 	796 	792
f 796 	791 	792
f 798 	797 	793
f 797 	794 	793
f 796 	798 	791
f 798 	793 	791
f 792 	794 	795
f 794 	797 	795
# 12 faces

 #end of obj_80

o obj_81
v 0 		-51 		14
v -1 		-51 		14
v 0 		-51 		11.5
v -1 		-51 		11.5
v -1 		-74 		14
v 0 		-74 		14
v -1 		-74 		11.5
v 0 		-74 		11.5
# 8 vertices

g group_81_4634441

usemtl color_4634441
s 0

f 799 	801 	800
f 801 	802 	800
f 803 	805 	804
f 805 	806 	804
f 803 	804 	800
f 804 	799 	800
f 806 	805 	801
f 805 	802 	801
f 804 	806 	799
f 806 	801 	799
f 800 	802 	803
f 802 	805 	803
# 12 faces

 #end of obj_81

o obj_82
v 60.5 		-51 		14
v 59.5 		-51 		14
v 60.5 		-51 		11.5
v 59.5 		-51 		11.5
v 59.5 		-74 		14
v 60.5 		-74 		14
v 59.5 		-74 		11.5
v 60.5 		-74 		11.5
# 8 vertices

g group_82_4634441

usemtl color_4634441
s 0

f 807 	809 	808
f 809 	810 	808
f 811 	813 	812
f 813 	814 	812
f 811 	812 	808
f 812 	807 	808
f 814 	813 	809
f 813 	810 	809
f 812 	814 	807
f 814 	809 	807
f 808 	810 	811
f 810 	813 	811
# 12 faces

 #end of obj_82

o obj_83
v 99 		-76 		17.5
v 98 		-76 		17.5
v 99 		-76 		15
v 98 		-76 		15
v 98 		-99 		17.5
v 99 		-99 		17.5
v 98 		-99 		15
v 99 		-99 		15
# 8 vertices

g group_83_4634441

usemtl color_4634441
s 0

f 815 	817 	816
f 817 	818 	816
f 819 	821 	820
f 821 	822 	820
f 819 	820 	816
f 820 	815 	816
f 822 	821 	817
f 821 	818 	817
f 820 	822 	815
f 822 	817 	815
f 816 	818 	819
f 818 	821 	819
# 12 faces

 #end of obj_83

o obj_84
v 77.5 		-76 		17.5
v 76.5 		-76 		17.5
v 77.5 		-76 		15
v 76.5 		-76 		15
v 76.5 		-99 		17.5
v 77.5 		-99 		17.5
v 76.5 		-99 		15
v 77.5 		-99 		15
# 8 vertices

g group_84_4634441

usemtl color_4634441
s 0

f 823 	825 	824
f 825 	826 	824
f 827 	829 	828
f 829 	830 	828
f 827 	828 	824
f 828 	823 	824
f 830 	829 	825
f 829 	826 	825
f 828 	830 	823
f 830 	825 	823
f 824 	826 	827
f 826 	829 	827
# 12 faces

 #end of obj_84

o obj_85
v 60.5 		-76 		17.5
v 59.5 		-76 		17.5
v 60.5 		-76 		15
v 59.5 		-76 		15
v 59.5 		-99 		17.5
v 60.5 		-99 		17.5
v 59.5 		-99 		15
v 60.5 		-99 		15
# 8 vertices

g group_85_4634441

usemtl color_4634441
s 0

f 831 	833 	832
f 833 	834 	832
f 835 	837 	836
f 837 	838 	836
f 835 	836 	832
f 836 	831 	832
f 838 	837 	833
f 837 	834 	833
f 836 	838 	831
f 838 	833 	831
f 832 	834 	835
f 834 	837 	835
# 12 faces

 #end of obj_85

o obj_86
v 25 		-76 		14
v 24 		-76 		14
v 25 		-76 		11.5
v 24 		-76 		11.5
v 24 		-99 		14
v 25 		-99 		14
v 24 		-99 		11.5
v 25 		-99 		11.5
# 8 vertices

g group_86_4634441

usemtl color_4634441
s 0

f 839 	841 	840
f 841 	842 	840
f 843 	845 	844
f 845 	846 	844
f 843 	844 	840
f 844 	839 	840
f 846 	845 	841
f 845 	842 	841
f 844 	846 	839
f 846 	841 	839
f 840 	842 	843
f 842 	845 	843
# 12 faces

 #end of obj_86

o obj_87
v 0 		-76 		14
v -1 		-76 		14
v 0 		-76 		11.5
v -1 		-76 		11.5
v -1 		-99 		14
v 0 		-99 		14
v -1 		-99 		11.5
v 0 		-99 		11.5
# 8 vertices

g group_87_4634441

usemtl color_4634441
s 0

f 847 	849 	848
f 849 	850 	848
f 851 	853 	852
f 853 	854 	852
f 851 	852 	848
f 852 	847 	848
f 854 	853 	849
f 853 	850 	849
f 852 	854 	847
f 854 	849 	847
f 848 	850 	851
f 850 	853 	851
# 12 faces

 #end of obj_87

o obj_88
v 60.5 		-76 		14
v 59.5 		-76 		14
v 60.5 		-76 		11.5
v 59.5 		-76 		11.5
v 59.5 		-99 		14
v 60.5 		-99 		14
v 59.5 		-99 		11.5
v 60.5 		-99 		11.5
# 8 vertices

g group_88_4634441

usemtl color_4634441
s 0

f 855 	857 	856
f 857 	858 	856
f 859 	861 	860
f 861 	862 	860
f 859 	860 	856
f 860 	855 	856
f 862 	861 	857
f 861 	858 	857
f 860 	862 	855
f 862 	857 	855
f 856 	858 	859
f 858 	861 	859
# 12 faces

 #end of obj_88

o obj_89
v 97 		0 		45
v 97 		1 		45
v 97 		0 		42.5
v 97 		1 		42.5
v 78 		1 		45
v 78 		0 		45
v 78 		1 		42.5
v 78 		0 		42.5
# 8 vertices

g group_89_4634441

usemtl color_4634441
s 0

f 863 	865 	864
f 865 	866 	864
f 867 	869 	868
f 869 	870 	868
f 867 	868 	864
f 868 	863 	864
f 870 	869 	865
f 869 	866 	865
f 868 	870 	863
f 870 	865 	863
f 864 	866 	867
f 866 	869 	867
# 12 faces

 #end of obj_89

o obj_90
v 94.5 		-24.5 		17.5
v 94.5 		0 		17.5
v 94.5 		-24.5 		16
v 94.5 		0 		16
v 94 		0 		17.5
v 94 		-24.5 		17.5
v 94 		0 		16
v 94 		-24.5 		16
# 8 vertices

g group_90_16768282

usemtl color_16768282
s 0

f 871 	873 	872
f 873 	874 	872
f 875 	877 	876
f 877 	878 	876
f 875 	876 	872
f 876 	871 	872
f 878 	877 	873
f 877 	874 	873
f 876 	878 	871
f 878 	873 	871
f 872 	874 	875
f 874 	877 	875
# 12 faces

 #end of obj_90

o obj_91
v 90 		-24.5 		17.5
v 90 		0 		17.5
v 90 		-24.5 		16
v 90 		0 		16
v 89.5 		0 		17.5
v 89.5 		-24.5 		17.5
v 89.5 		0 		16
v 89.5 		-24.5 		16
# 8 vertices

g group_91_16768282

usemtl color_16768282
s 0

f 879 	881 	880
f 881 	882 	880
f 883 	885 	884
f 885 	886 	884
f 883 	884 	880
f 884 	879 	880
f 886 	885 	881
f 885 	882 	881
f 884 	886 	879
f 886 	881 	879
f 880 	882 	883
f 882 	885 	883
# 12 faces

 #end of obj_91

o obj_92
v 85.5 		-24.5 		17.5
v 85.5 		0 		17.5
v 85.5 		-24.5 		16
v 85.5 		0 		16
v 85 		0 		17.5
v 85 		-24.5 		17.5
v 85 		0 		16
v 85 		-24.5 		16
# 8 vertices

g group_92_16768282

usemtl color_16768282
s 0

f 887 	889 	888
f 889 	890 	888
f 891 	893 	892
f 893 	894 	892
f 891 	892 	888
f 892 	887 	888
f 894 	893 	889
f 893 	890 	889
f 892 	894 	887
f 894 	889 	887
f 888 	890 	891
f 890 	893 	891
# 12 faces

 #end of obj_92

o obj_93
v 81 		-24.5 		17.5
v 81 		0 		17.5
v 81 		-24.5 		16
v 81 		0 		16
v 80.5 		0 		17.5
v 80.5 		-24.5 		17.5
v 80.5 		0 		16
v 80.5 		-24.5 		16
# 8 vertices

g group_93_16768282

usemtl color_16768282
s 0

f 895 	897 	896
f 897 	898 	896
f 899 	901 	900
f 901 	902 	900
f 899 	900 	896
f 900 	895 	896
f 902 	901 	897
f 901 	898 	897
f 900 	902 	895
f 902 	897 	895
f 896 	898 	899
f 898 	901 	899
# 12 faces

 #end of obj_93

o obj_94
v 72.5 		-24.5 		17.5
v 72.5 		0 		17.5
v 72.5 		-24.5 		16
v 72.5 		0 		16
v 72 		0 		17.5
v 72 		-24.5 		17.5
v 72 		0 		16
v 72 		-24.5 		16
# 8 vertices

g group_94_16768282

usemtl color_16768282
s 0

f 903 	905 	904
f 905 	906 	904
f 907 	909 	908
f 909 	910 	908
f 907 	908 	904
f 908 	903 	904
f 910 	909 	905
f 909 	906 	905
f 908 	910 	903
f 910 	905 	903
f 904 	906 	907
f 906 	909 	907
# 12 faces

 #end of obj_94

o obj_95
v 68 		-24.5 		17.5
v 68 		0 		17.5
v 68 		-24.5 		16
v 68 		0 		16
v 67.5 		0 		17.5
v 67.5 		-24.5 		17.5
v 67.5 		0 		16
v 67.5 		-24.5 		16
# 8 vertices

g group_95_16768282

usemtl color_16768282
s 0

f 911 	913 	912
f 913 	914 	912
f 915 	917 	916
f 917 	918 	916
f 915 	916 	912
f 916 	911 	912
f 918 	917 	913
f 917 	914 	913
f 916 	918 	911
f 918 	913 	911
f 912 	914 	915
f 914 	917 	915
# 12 faces

 #end of obj_95

o obj_96
v 63.5 		-24.5 		17.5
v 63.5 		0 		17.5
v 63.5 		-24.5 		16
v 63.5 		0 		16
v 63 		0 		17.5
v 63 		-24.5 		17.5
v 63 		0 		16
v 63 		-24.5 		16
# 8 vertices

g group_96_16768282

usemtl color_16768282
s 0

f 919 	921 	920
f 921 	922 	920
f 923 	925 	924
f 925 	926 	924
f 923 	924 	920
f 924 	919 	920
f 926 	925 	921
f 925 	922 	921
f 924 	926 	919
f 926 	921 	919
f 920 	922 	923
f 922 	925 	923
# 12 faces

 #end of obj_96

o obj_97
v 55.5 		-24.5 		14
v 55.5 		0 		14
v 55.5 		-24.5 		12.5
v 55.5 		0 		12.5
v 55 		0 		14
v 55 		-24.5 		14
v 55 		0 		12.5
v 55 		-24.5 		12.5
# 8 vertices

g group_97_16768282

usemtl color_16768282
s 0

f 927 	929 	928
f 929 	930 	928
f 931 	933 	932
f 933 	934 	932
f 931 	932 	928
f 932 	927 	928
f 934 	933 	929
f 933 	930 	929
f 932 	934 	927
f 934 	929 	927
f 928 	930 	931
f 930 	933 	931
# 12 faces

 #end of obj_97

o obj_98
v 51 		-24.5 		14
v 51 		0 		14
v 51 		-24.5 		12.5
v 51 		0 		12.5
v 50.5 		0 		14
v 50.5 		-24.5 		14
v 50.5 		0 		12.5
v 50.5 		-24.5 		12.5
# 8 vertices

g group_98_16768282

usemtl color_16768282
s 0

f 935 	937 	936
f 937 	938 	936
f 939 	941 	940
f 941 	942 	940
f 939 	940 	936
f 940 	935 	936
f 942 	941 	937
f 941 	938 	937
f 940 	942 	935
f 942 	937 	935
f 936 	938 	939
f 938 	941 	939
# 12 faces

 #end of obj_98

o obj_99
v 46.5 		-24.5 		14
v 46.5 		0 		14
v 46.5 		-24.5 		12.5
v 46.5 		0 		12.5
v 46 		0 		14
v 46 		-24.5 		14
v 46 		0 		12.5
v 46 		-24.5 		12.5
# 8 vertices

g group_99_16768282

usemtl color_16768282
s 0

f 943 	945 	944
f 945 	946 	944
f 947 	949 	948
f 949 	950 	948
f 947 	948 	944
f 948 	943 	944
f 950 	949 	945
f 949 	946 	945
f 948 	950 	943
f 950 	945 	943
f 944 	946 	947
f 946 	949 	947
# 12 faces

 #end of obj_99

o obj_100
v 42 		-24.5 		14
v 42 		0 		14
v 42 		-24.5 		12.5
v 42 		0 		12.5
v 41.5 		0 		14
v 41.5 		-24.5 		14
v 41.5 		0 		12.5
v 41.5 		-24.5 		12.5
# 8 vertices

g group_100_16768282

usemtl color_16768282
s 0

f 951 	953 	952
f 953 	954 	952
f 955 	957 	956
f 957 	958 	956
f 955 	956 	952
f 956 	951 	952
f 958 	957 	953
f 957 	954 	953
f 956 	958 	951
f 958 	953 	951
f 952 	954 	955
f 954 	957 	955
# 12 faces

 #end of obj_100

o obj_101
v 37.5 		-24.5 		14
v 37.5 		0 		14
v 37.5 		-24.5 		12.5
v 37.5 		0 		12.5
v 37 		0 		14
v 37 		-24.5 		14
v 37 		0 		12.5
v 37 		-24.5 		12.5
# 8 vertices

g group_101_16768282

usemtl color_16768282
s 0

f 959 	961 	960
f 961 	962 	960
f 963 	965 	964
f 965 	966 	964
f 963 	964 	960
f 964 	959 	960
f 966 	965 	961
f 965 	962 	961
f 964 	966 	959
f 966 	961 	959
f 960 	962 	963
f 962 	965 	963
# 12 faces

 #end of obj_101

o obj_102
v 33 		-24.5 		14
v 33 		0 		14
v 33 		-24.5 		12.5
v 33 		0 		12.5
v 32.5 		0 		14
v 32.5 		-24.5 		14
v 32.5 		0 		12.5
v 32.5 		-24.5 		12.5
# 8 vertices

g group_102_16768282

usemtl color_16768282
s 0

f 967 	969 	968
f 969 	970 	968
f 971 	973 	972
f 973 	974 	972
f 971 	972 	968
f 972 	967 	968
f 974 	973 	969
f 973 	970 	969
f 972 	974 	967
f 974 	969 	967
f 968 	970 	971
f 970 	973 	971
# 12 faces

 #end of obj_102

o obj_103
v 28.5 		-24.5 		14
v 28.5 		0 		14
v 28.5 		-24.5 		12.5
v 28.5 		0 		12.5
v 28 		0 		14
v 28 		-24.5 		14
v 28 		0 		12.5
v 28 		-24.5 		12.5
# 8 vertices

g group_103_16768282

usemtl color_16768282
s 0

f 975 	977 	976
f 977 	978 	976
f 979 	981 	980
f 981 	982 	980
f 979 	980 	976
f 980 	975 	976
f 982 	981 	977
f 981 	978 	977
f 980 	982 	975
f 982 	977 	975
f 976 	978 	979
f 978 	981 	979
# 12 faces

 #end of obj_103

o obj_104
v 20 		-24.5 		14
v 20 		0 		14
v 20 		-24.5 		12.5
v 20 		0 		12.5
v 19.5 		0 		14
v 19.5 		-24.5 		14
v 19.5 		0 		12.5
v 19.5 		-24.5 		12.5
# 8 vertices

g group_104_16768282

usemtl color_16768282
s 0

f 983 	985 	984
f 985 	986 	984
f 987 	989 	988
f 989 	990 	988
f 987 	988 	984
f 988 	983 	984
f 990 	989 	985
f 989 	986 	985
f 988 	990 	983
f 990 	985 	983
f 984 	986 	987
f 986 	989 	987
# 12 faces

 #end of obj_104

o obj_105
v 15.5 		-24.5 		14
v 15.5 		0 		14
v 15.5 		-24.5 		12.5
v 15.5 		0 		12.5
v 15 		0 		14
v 15 		-24.5 		14
v 15 		0 		12.5
v 15 		-24.5 		12.5
# 8 vertices

g group_105_16768282

usemtl color_16768282
s 0

f 991 	993 	992
f 993 	994 	992
f 995 	997 	996
f 997 	998 	996
f 995 	996 	992
f 996 	991 	992
f 998 	997 	993
f 997 	994 	993
f 996 	998 	991
f 998 	993 	991
f 992 	994 	995
f 994 	997 	995
# 12 faces

 #end of obj_105

o obj_106
v 11 		-24.5 		14
v 11 		0 		14
v 11 		-24.5 		12.5
v 11 		0 		12.5
v 10.5 		0 		14
v 10.5 		-24.5 		14
v 10.5 		0 		12.5
v 10.5 		-24.5 		12.5
# 8 vertices

g group_106_16768282

usemtl color_16768282
s 0

f 999 	1001 	1000
f 1001 	1002 	1000
f 1003 	1005 	1004
f 1005 	1006 	1004
f 1003 	1004 	1000
f 1004 	999 	1000
f 1006 	1005 	1001
f 1005 	1002 	1001
f 1004 	1006 	999
f 1006 	1001 	999
f 1000 	1002 	1003
f 1002 	1005 	1003
# 12 faces

 #end of obj_106

o obj_107
v 6.5 		-24.5 		14
v 6.5 		0 		14
v 6.5 		-24.5 		12.5
v 6.5 		0 		12.5
v 6 		0 		14
v 6 		-24.5 		14
v 6 		0 		12.5
v 6 		-24.5 		12.5
# 8 vertices

g group_107_16768282

usemtl color_16768282
s 0

f 1007 	1009 	1008
f 1009 	1010 	1008
f 1011 	1013 	1012
f 1013 	1014 	1012
f 1011 	1012 	1008
f 1012 	1007 	1008
f 1014 	1013 	1009
f 1013 	1010 	1009
f 1012 	1014 	1007
f 1014 	1009 	1007
f 1008 	1010 	1011
f 1010 	1013 	1011
# 12 faces

 #end of obj_107

o obj_108
v 2 		-24.5 		14
v 2 		0 		14
v 2 		-24.5 		12.5
v 2 		0 		12.5
v 1.5 		0 		14
v 1.5 		-24.5 		14
v 1.5 		0 		12.5
v 1.5 		-24.5 		12.5
# 8 vertices

g group_108_16768282

usemtl color_16768282
s 0

f 1015 	1017 	1016
f 1017 	1018 	1016
f 1019 	1021 	1020
f 1021 	1022 	1020
f 1019 	1020 	1016
f 1020 	1015 	1016
f 1022 	1021 	1017
f 1021 	1018 	1017
f 1020 	1022 	1015
f 1022 	1017 	1015
f 1016 	1018 	1019
f 1018 	1021 	1019
# 12 faces

 #end of obj_108

o obj_109
v 94.5 		-49.5 		17.5
v 94.5 		-25.5 		17.5
v 94.5 		-49.5 		16
v 94.5 		-25.5 		16
v 94 		-25.5 		17.5
v 94 		-49.5 		17.5
v 94 		-25.5 		16
v 94 		-49.5 		16
# 8 vertices

g group_109_16768282

usemtl color_16768282
s 0

f 1023 	1025 	1024
f 1025 	1026 	1024
f 1027 	1029 	1028
f 1029 	1030 	1028
f 1027 	1028 	1024
f 1028 	1023 	1024
f 1030 	1029 	1025
f 1029 	1026 	1025
f 1028 	1030 	1023
f 1030 	1025 	1023
f 1024 	1026 	1027
f 1026 	1029 	1027
# 12 faces

 #end of obj_109

o obj_110
v 81 		-49.5 		17.5
v 81 		-25.5 		17.5
v 81 		-49.5 		16
v 81 		-25.5 		16
v 80.5 		-25.5 		17.5
v 80.5 		-49.5 		17.5
v 80.5 		-25.5 		16
v 80.5 		-49.5 		16
# 8 vertices

g group_110_16768282

usemtl color_16768282
s 0

f 1031 	1033 	1032
f 1033 	1034 	1032
f 1035 	1037 	1036
f 1037 	1038 	1036
f 1035 	1036 	1032
f 1036 	1031 	1032
f 1038 	1037 	1033
f 1037 	1034 	1033
f 1036 	1038 	1031
f 1038 	1033 	1031
f 1032 	1034 	1035
f 1034 	1037 	1035
# 12 faces

 #end of obj_110

o obj_111
v 72.5 		-49.5 		17.5
v 72.5 		-25.5 		17.5
v 72.5 		-49.5 		16
v 72.5 		-25.5 		16
v 72 		-25.5 		17.5
v 72 		-49.5 		17.5
v 72 		-25.5 		16
v 72 		-49.5 		16
# 8 vertices

g group_111_16768282

usemtl color_16768282
s 0

f 1039 	1041 	1040
f 1041 	1042 	1040
f 1043 	1045 	1044
f 1045 	1046 	1044
f 1043 	1044 	1040
f 1044 	1039 	1040
f 1046 	1045 	1041
f 1045 	1042 	1041
f 1044 	1046 	1039
f 1046 	1041 	1039
f 1040 	1042 	1043
f 1042 	1045 	1043
# 12 faces

 #end of obj_111

o obj_112
v 68 		-49.5 		17.5
v 68 		-25.5 		17.5
v 68 		-49.5 		16
v 68 		-25.5 		16
v 67.5 		-25.5 		17.5
v 67.5 		-49.5 		17.5
v 67.5 		-25.5 		16
v 67.5 		-49.5 		16
# 8 vertices

g group_112_16768282

usemtl color_16768282
s 0

f 1047 	1049 	1048
f 1049 	1050 	1048
f 1051 	1053 	1052
f 1053 	1054 	1052
f 1051 	1052 	1048
f 1052 	1047 	1048
f 1054 	1053 	1049
f 1053 	1050 	1049
f 1052 	1054 	1047
f 1054 	1049 	1047
f 1048 	1050 	1051
f 1050 	1053 	1051
# 12 faces

 #end of obj_112

o obj_113
v 63.5 		-49.5 		17.5
v 63.5 		-25.5 		17.5
v 63.5 		-49.5 		16
v 63.5 		-25.5 		16
v 63 		-25.5 		17.5
v 63 		-49.5 		17.5
v 63 		-25.5 		16
v 63 		-49.5 		16
# 8 vertices

g group_113_16768282

usemtl color_16768282
s 0

f 1055 	1057 	1056
f 1057 	1058 	1056
f 1059 	1061 	1060
f 1061 	1062 	1060
f 1059 	1060 	1056
f 1060 	1055 	1056
f 1062 	1061 	1057
f 1061 	1058 	1057
f 1060 	1062 	1055
f 1062 	1057 	1055
f 1056 	1058 	1059
f 1058 	1061 	1059
# 12 faces

 #end of obj_113

o obj_114
v 55.5 		-49.5 		14
v 55.5 		-25.5 		14
v 55.5 		-49.5 		12.5
v 55.5 		-25.5 		12.5
v 55 		-25.5 		14
v 55 		-49.5 		14
v 55 		-25.5 		12.5
v 55 		-49.5 		12.5
# 8 vertices

g group_114_16768282

usemtl color_16768282
s 0

f 1063 	1065 	1064
f 1065 	1066 	1064
f 1067 	1069 	1068
f 1069 	1070 	1068
f 1067 	1068 	1064
f 1068 	1063 	1064
f 1070 	1069 	1065
f 1069 	1066 	1065
f 1068 	1070 	1063
f 1070 	1065 	1063
f 1064 	1066 	1067
f 1066 	1069 	1067
# 12 faces

 #end of obj_114

o obj_115
v 51 		-49.5 		14
v 51 		-25.5 		14
v 51 		-49.5 		12.5
v 51 		-25.5 		12.5
v 50.5 		-25.5 		14
v 50.5 		-49.5 		14
v 50.5 		-25.5 		12.5
v 50.5 		-49.5 		12.5
# 8 vertices

g group_115_16768282

usemtl color_16768282
s 0

f 1071 	1073 	1072
f 1073 	1074 	1072
f 1075 	1077 	1076
f 1077 	1078 	1076
f 1075 	1076 	1072
f 1076 	1071 	1072
f 1078 	1077 	1073
f 1077 	1074 	1073
f 1076 	1078 	1071
f 1078 	1073 	1071
f 1072 	1074 	1075
f 1074 	1077 	1075
# 12 faces

 #end of obj_115

o obj_116
v 46.5 		-49.5 		14
v 46.5 		-25.5 		14
v 46.5 		-49.5 		12.5
v 46.5 		-25.5 		12.5
v 46 		-25.5 		14
v 46 		-49.5 		14
v 46 		-25.5 		12.5
v 46 		-49.5 		12.5
# 8 vertices

g group_116_16768282

usemtl color_16768282
s 0

f 1079 	1081 	1080
f 1081 	1082 	1080
f 1083 	1085 	1084
f 1085 	1086 	1084
f 1083 	1084 	1080
f 1084 	1079 	1080
f 1086 	1085 	1081
f 1085 	1082 	1081
f 1084 	1086 	1079
f 1086 	1081 	1079
f 1080 	1082 	1083
f 1082 	1085 	1083
# 12 faces

 #end of obj_116

o obj_117
v 42 		-49.5 		14
v 42 		-25.5 		14
v 42 		-49.5 		12.5
v 42 		-25.5 		12.5
v 41.5 		-25.5 		14
v 41.5 		-49.5 		14
v 41.5 		-25.5 		12.5
v 41.5 		-49.5 		12.5
# 8 vertices

g group_117_16768282

usemtl color_16768282
s 0

f 1087 	1089 	1088
f 1089 	1090 	1088
f 1091 	1093 	1092
f 1093 	1094 	1092
f 1091 	1092 	1088
f 1092 	1087 	1088
f 1094 	1093 	1089
f 1093 	1090 	1089
f 1092 	1094 	1087
f 1094 	1089 	1087
f 1088 	1090 	1091
f 1090 	1093 	1091
# 12 faces

 #end of obj_117

o obj_118
v 37.5 		-49.5 		14
v 37.5 		-25.5 		14
v 37.5 		-49.5 		12.5
v 37.5 		-25.5 		12.5
v 37 		-25.5 		14
v 37 		-49.5 		14
v 37 		-25.5 		12.5
v 37 		-49.5 		12.5
# 8 vertices

g group_118_16768282

usemtl color_16768282
s 0

f 1095 	1097 	1096
f 1097 	1098 	1096
f 1099 	1101 	1100
f 1101 	1102 	1100
f 1099 	1100 	1096
f 1100 	1095 	1096
f 1102 	1101 	1097
f 1101 	1098 	1097
f 1100 	1102 	1095
f 1102 	1097 	1095
f 1096 	1098 	1099
f 1098 	1101 	1099
# 12 faces

 #end of obj_118

o obj_119
v 33 		-49.5 		14
v 33 		-25.5 		14
v 33 		-49.5 		12.5
v 33 		-25.5 		12.5
v 32.5 		-25.5 		14
v 32.5 		-49.5 		14
v 32.5 		-25.5 		12.5
v 32.5 		-49.5 		12.5
# 8 vertices

g group_119_16768282

usemtl color_16768282
s 0

f 1103 	1105 	1104
f 1105 	1106 	1104
f 1107 	1109 	1108
f 1109 	1110 	1108
f 1107 	1108 	1104
f 1108 	1103 	1104
f 1110 	1109 	1105
f 1109 	1106 	1105
f 1108 	1110 	1103
f 1110 	1105 	1103
f 1104 	1106 	1107
f 1106 	1109 	1107
# 12 faces

 #end of obj_119

o obj_120
v 28.5 		-49.5 		14
v 28.5 		-25.5 		14
v 28.5 		-49.5 		12.5
v 28.5 		-25.5 		12.5
v 28 		-25.5 		14
v 28 		-49.5 		14
v 28 		-25.5 		12.5
v 28 		-49.5 		12.5
# 8 vertices

g group_120_16768282

usemtl color_16768282
s 0

f 1111 	1113 	1112
f 1113 	1114 	1112
f 1115 	1117 	1116
f 1117 	1118 	1116
f 1115 	1116 	1112
f 1116 	1111 	1112
f 1118 	1117 	1113
f 1117 	1114 	1113
f 1116 	1118 	1111
f 1118 	1113 	1111
f 1112 	1114 	1115
f 1114 	1117 	1115
# 12 faces

 #end of obj_120

o obj_121
v 20 		-49.5 		14
v 20 		-25.5 		14
v 20 		-49.5 		12.5
v 20 		-25.5 		12.5
v 19.5 		-25.5 		14
v 19.5 		-49.5 		14
v 19.5 		-25.5 		12.5
v 19.5 		-49.5 		12.5
# 8 vertices

g group_121_16768282

usemtl color_16768282
s 0

f 1119 	1121 	1120
f 1121 	1122 	1120
f 1123 	1125 	1124
f 1125 	1126 	1124
f 1123 	1124 	1120
f 1124 	1119 	1120
f 1126 	1125 	1121
f 1125 	1122 	1121
f 1124 	1126 	1119
f 1126 	1121 	1119
f 1120 	1122 	1123
f 1122 	1125 	1123
# 12 faces

 #end of obj_121

o obj_122
v 15.5 		-49.5 		14
v 15.5 		-25.5 		14
v 15.5 		-49.5 		12.5
v 15.5 		-25.5 		12.5
v 15 		-25.5 		14
v 15 		-49.5 		14
v 15 		-25.5 		12.5
v 15 		-49.5 		12.5
# 8 vertices

g group_122_16768282

usemtl color_16768282
s 0

f 1127 	1129 	1128
f 1129 	1130 	1128
f 1131 	1133 	1132
f 1133 	1134 	1132
f 1131 	1132 	1128
f 1132 	1127 	1128
f 1134 	1133 	1129
f 1133 	1130 	1129
f 1132 	1134 	1127
f 1134 	1129 	1127
f 1128 	1130 	1131
f 1130 	1133 	1131
# 12 faces

 #end of obj_122

o obj_123
v 11 		-49.5 		14
v 11 		-25.5 		14
v 11 		-49.5 		12.5
v 11 		-25.5 		12.5
v 10.5 		-25.5 		14
v 10.5 		-49.5 		14
v 10.5 		-25.5 		12.5
v 10.5 		-49.5 		12.5
# 8 vertices

g group_123_16768282

usemtl color_16768282
s 0

f 1135 	1137 	1136
f 1137 	1138 	1136
f 1139 	1141 	1140
f 1141 	1142 	1140
f 1139 	1140 	1136
f 1140 	1135 	1136
f 1142 	1141 	1137
f 1141 	1138 	1137
f 1140 	1142 	1135
f 1142 	1137 	1135
f 1136 	1138 	1139
f 1138 	1141 	1139
# 12 faces

 #end of obj_123

o obj_124
v 6.5 		-49.5 		14
v 6.5 		-25.5 		14
v 6.5 		-49.5 		12.5
v 6.5 		-25.5 		12.5
v 6 		-25.5 		14
v 6 		-49.5 		14
v 6 		-25.5 		12.5
v 6 		-49.5 		12.5
# 8 vertices

g group_124_16768282

usemtl color_16768282
s 0

f 1143 	1145 	1144
f 1145 	1146 	1144
f 1147 	1149 	1148
f 1149 	1150 	1148
f 1147 	1148 	1144
f 1148 	1143 	1144
f 1150 	1149 	1145
f 1149 	1146 	1145
f 1148 	1150 	1143
f 1150 	1145 	1143
f 1144 	1146 	1147
f 1146 	1149 	1147
# 12 faces

 #end of obj_124

o obj_125
v 2 		-49.5 		14
v 2 		-25.5 		14
v 2 		-49.5 		12.5
v 2 		-25.5 		12.5
v 1.5 		-25.5 		14
v 1.5 		-49.5 		14
v 1.5 		-25.5 		12.5
v 1.5 		-49.5 		12.5
# 8 vertices

g group_125_16768282

usemtl color_16768282
s 0

f 1151 	1153 	1152
f 1153 	1154 	1152
f 1155 	1157 	1156
f 1157 	1158 	1156
f 1155 	1156 	1152
f 1156 	1151 	1152
f 1158 	1157 	1153
f 1157 	1154 	1153
f 1156 	1158 	1151
f 1158 	1153 	1151
f 1152 	1154 	1155
f 1154 	1157 	1155
# 12 faces

 #end of obj_125

o obj_126
v 94.5 		-74.5 		17.5
v 94.5 		-50.5 		17.5
v 94.5 		-74.5 		16
v 94.5 		-50.5 		16
v 94 		-50.5 		17.5
v 94 		-74.5 		17.5
v 94 		-50.5 		16
v 94 		-74.5 		16
# 8 vertices

g group_126_16768282

usemtl color_16768282
s 0

f 1159 	1161 	1160
f 1161 	1162 	1160
f 1163 	1165 	1164
f 1165 	1166 	1164
f 1163 	1164 	1160
f 1164 	1159 	1160
f 1166 	1165 	1161
f 1165 	1162 	1161
f 1164 	1166 	1159
f 1166 	1161 	1159
f 1160 	1162 	1163
f 1162 	1165 	1163
# 12 faces

 #end of obj_126

o obj_127
v 85.5 		-74.5 		17.5
v 85.5 		-50.5 		17.5
v 85.5 		-74.5 		16
v 85.5 		-50.5 		16
v 85 		-50.5 		17.5
v 85 		-74.5 		17.5
v 85 		-50.5 		16
v 85 		-74.5 		16
# 8 vertices

g group_127_16768282

usemtl color_16768282
s 0

f 1167 	1169 	1168
f 1169 	1170 	1168
f 1171 	1173 	1172
f 1173 	1174 	1172
f 1171 	1172 	1168
f 1172 	1167 	1168
f 1174 	1173 	1169
f 1173 	1170 	1169
f 1172 	1174 	1167
f 1174 	1169 	1167
f 1168 	1170 	1171
f 1170 	1173 	1171
# 12 faces

 #end of obj_127

o obj_128
v 81 		-74.5 		17.5
v 81 		-50.5 		17.5
v 81 		-74.5 		16
v 81 		-50.5 		16
v 80.5 		-50.5 		17.5
v 80.5 		-74.5 		17.5
v 80.5 		-50.5 		16
v 80.5 		-74.5 		16
# 8 vertices

g group_128_16768282

usemtl color_16768282
s 0

f 1175 	1177 	1176
f 1177 	1178 	1176
f 1179 	1181 	1180
f 1181 	1182 	1180
f 1179 	1180 	1176
f 1180 	1175 	1176
f 1182 	1181 	1177
f 1181 	1178 	1177
f 1180 	1182 	1175
f 1182 	1177 	1175
f 1176 	1178 	1179
f 1178 	1181 	1179
# 12 faces

 #end of obj_128

o obj_129
v 72.5 		-74.5 		17.5
v 72.5 		-50.5 		17.5
v 72.5 		-74.5 		16
v 72.5 		-50.5 		16
v 72 		-50.5 		17.5
v 72 		-74.5 		17.5
v 72 		-50.5 		16
v 72 		-74.5 		16
# 8 vertices

g group_129_16768282

usemtl color_16768282
s 0

f 1183 	1185 	1184
f 1185 	1186 	1184
f 1187 	1189 	1188
f 1189 	1190 	1188
f 1187 	1188 	1184
f 1188 	1183 	1184
f 1190 	1189 	1185
f 1189 	1186 	1185
f 1188 	1190 	1183
f 1190 	1185 	1183
f 1184 	1186 	1187
f 1186 	1189 	1187
# 12 faces

 #end of obj_129

o obj_130
v 68 		-74.5 		17.5
v 68 		-50.5 		17.5
v 68 		-74.5 		16
v 68 		-50.5 		16
v 67.5 		-50.5 		17.5
v 67.5 		-74.5 		17.5
v 67.5 		-50.5 		16
v 67.5 		-74.5 		16
# 8 vertices

g group_130_16768282

usemtl color_16768282
s 0

f 1191 	1193 	1192
f 1193 	1194 	1192
f 1195 	1197 	1196
f 1197 	1198 	1196
f 1195 	1196 	1192
f 1196 	1191 	1192
f 1198 	1197 	1193
f 1197 	1194 	1193
f 1196 	1198 	1191
f 1198 	1193 	1191
f 1192 	1194 	1195
f 1194 	1197 	1195
# 12 faces

 #end of obj_130

o obj_131
v 63.5 		-74.5 		17.5
v 63.5 		-50.5 		17.5
v 63.5 		-74.5 		16
v 63.5 		-50.5 		16
v 63 		-50.5 		17.5
v 63 		-74.5 		17.5
v 63 		-50.5 		16
v 63 		-74.5 		16
# 8 vertices

g group_131_16768282

usemtl color_16768282
s 0

f 1199 	1201 	1200
f 1201 	1202 	1200
f 1203 	1205 	1204
f 1205 	1206 	1204
f 1203 	1204 	1200
f 1204 	1199 	1200
f 1206 	1205 	1201
f 1205 	1202 	1201
f 1204 	1206 	1199
f 1206 	1201 	1199
f 1200 	1202 	1203
f 1202 	1205 	1203
# 12 faces

 #end of obj_131

o obj_132
v 55.5 		-74.5 		14
v 55.5 		-50.5 		14
v 55.5 		-74.5 		12.5
v 55.5 		-50.5 		12.5
v 55 		-50.5 		14
v 55 		-74.5 		14
v 55 		-50.5 		12.5
v 55 		-74.5 		12.5
# 8 vertices

g group_132_16768282

usemtl color_16768282
s 0

f 1207 	1209 	1208
f 1209 	1210 	1208
f 1211 	1213 	1212
f 1213 	1214 	1212
f 1211 	1212 	1208
f 1212 	1207 	1208
f 1214 	1213 	1209
f 1213 	1210 	1209
f 1212 	1214 	1207
f 1214 	1209 	1207
f 1208 	1210 	1211
f 1210 	1213 	1211
# 12 faces

 #end of obj_132

o obj_133
v 51 		-74.5 		14
v 51 		-50.5 		14
v 51 		-74.5 		12.5
v 51 		-50.5 		12.5
v 50.5 		-50.5 		14
v 50.5 		-74.5 		14
v 50.5 		-50.5 		12.5
v 50.5 		-74.5 		12.5
# 8 vertices

g group_133_16768282

usemtl color_16768282
s 0

f 1215 	1217 	1216
f 1217 	1218 	1216
f 1219 	1221 	1220
f 1221 	1222 	1220
f 1219 	1220 	1216
f 1220 	1215 	1216
f 1222 	1221 	1217
f 1221 	1218 	1217
f 1220 	1222 	1215
f 1222 	1217 	1215
f 1216 	1218 	1219
f 1218 	1221 	1219
# 12 faces

 #end of obj_133

o obj_134
v 46.5 		-74.5 		14
v 46.5 		-50.5 		14
v 46.5 		-74.5 		12.5
v 46.5 		-50.5 		12.5
v 46 		-50.5 		14
v 46 		-74.5 		14
v 46 		-50.5 		12.5
v 46 		-74.5 		12.5
# 8 vertices

g group_134_16768282

usemtl color_16768282
s 0

f 1223 	1225 	1224
f 1225 	1226 	1224
f 1227 	1229 	1228
f 1229 	1230 	1228
f 1227 	1228 	1224
f 1228 	1223 	1224
f 1230 	1229 	1225
f 1229 	1226 	1225
f 1228 	1230 	1223
f 1230 	1225 	1223
f 1224 	1226 	1227
f 1226 	1229 	1227
# 12 faces

 #end of obj_134

o obj_135
v 42 		-74.5 		14
v 42 		-50.5 		14
v 42 		-74.5 		12.5
v 42 		-50.5 		12.5
v 41.5 		-50.5 		14
v 41.5 		-74.5 		14
v 41.5 		-50.5 		12.5
v 41.5 		-74.5 		12.5
# 8 vertices

g group_135_16768282

usemtl color_16768282
s 0

f 1231 	1233 	1232
f 1233 	1234 	1232
f 1235 	1237 	1236
f 1237 	1238 	1236
f 1235 	1236 	1232
f 1236 	1231 	1232
f 1238 	1237 	1233
f 1237 	1234 	1233
f 1236 	1238 	1231
f 1238 	1233 	1231
f 1232 	1234 	1235
f 1234 	1237 	1235
# 12 faces

 #end of obj_135

o obj_136
v 37.5 		-74.5 		14
v 37.5 		-50.5 		14
v 37.5 		-74.5 		12.5
v 37.5 		-50.5 		12.5
v 37 		-50.5 		14
v 37 		-74.5 		14
v 37 		-50.5 		12.5
v 37 		-74.5 		12.5
# 8 vertices

g group_136_16768282

usemtl color_16768282
s 0

f 1239 	1241 	1240
f 1241 	1242 	1240
f 1243 	1245 	1244
f 1245 	1246 	1244
f 1243 	1244 	1240
f 1244 	1239 	1240
f 1246 	1245 	1241
f 1245 	1242 	1241
f 1244 	1246 	1239
f 1246 	1241 	1239
f 1240 	1242 	1243
f 1242 	1245 	1243
# 12 faces

 #end of obj_136

o obj_137
v 33 		-74.5 		14
v 33 		-50.5 		14
v 33 		-74.5 		12.5
v 33 		-50.5 		12.5
v 32.5 		-50.5 		14
v 32.5 		-74.5 		14
v 32.5 		-50.5 		12.5
v 32.5 		-74.5 		12.5
# 8 vertices

g group_137_16768282

usemtl color_16768282
s 0

f 1247 	1249 	1248
f 1249 	1250 	1248
f 1251 	1253 	1252
f 1253 	1254 	1252
f 1251 	1252 	1248
f 1252 	1247 	1248
f 1254 	1253 	1249
f 1253 	1250 	1249
f 1252 	1254 	1247
f 1254 	1249 	1247
f 1248 	1250 	1251
f 1250 	1253 	1251
# 12 faces

 #end of obj_137

o obj_138
v 28.5 		-74.5 		14
v 28.5 		-50.5 		14
v 28.5 		-74.5 		12.5
v 28.5 		-50.5 		12.5
v 28 		-50.5 		14
v 28 		-74.5 		14
v 28 		-50.5 		12.5
v 28 		-74.5 		12.5
# 8 vertices

g group_138_16768282

usemtl color_16768282
s 0

f 1255 	1257 	1256
f 1257 	1258 	1256
f 1259 	1261 	1260
f 1261 	1262 	1260
f 1259 	1260 	1256
f 1260 	1255 	1256
f 1262 	1261 	1257
f 1261 	1258 	1257
f 1260 	1262 	1255
f 1262 	1257 	1255
f 1256 	1258 	1259
f 1258 	1261 	1259
# 12 faces

 #end of obj_138

o obj_139
v 20 		-74.5 		14
v 20 		-50.5 		14
v 20 		-74.5 		12.5
v 20 		-50.5 		12.5
v 19.5 		-50.5 		14
v 19.5 		-74.5 		14
v 19.5 		-50.5 		12.5
v 19.5 		-74.5 		12.5
# 8 vertices

g group_139_16768282

usemtl color_16768282
s 0

f 1263 	1265 	1264
f 1265 	1266 	1264
f 1267 	1269 	1268
f 1269 	1270 	1268
f 1267 	1268 	1264
f 1268 	1263 	1264
f 1270 	1269 	1265
f 1269 	1266 	1265
f 1268 	1270 	1263
f 1270 	1265 	1263
f 1264 	1266 	1267
f 1266 	1269 	1267
# 12 faces

 #end of obj_139

o obj_140
v 15.5 		-74.5 		14
v 15.5 		-50.5 		14
v 15.5 		-74.5 		12.5
v 15.5 		-50.5 		12.5
v 15 		-50.5 		14
v 15 		-74.5 		14
v 15 		-50.5 		12.5
v 15 		-74.5 		12.5
# 8 vertices

g group_140_16768282

usemtl color_16768282
s 0

f 1271 	1273 	1272
f 1273 	1274 	1272
f 1275 	1277 	1276
f 1277 	1278 	1276
f 1275 	1276 	1272
f 1276 	1271 	1272
f 1278 	1277 	1273
f 1277 	1274 	1273
f 1276 	1278 	1271
f 1278 	1273 	1271
f 1272 	1274 	1275
f 1274 	1277 	1275
# 12 faces

 #end of obj_140

o obj_141
v 11 		-74.5 		14
v 11 		-50.5 		14
v 11 		-74.5 		12.5
v 11 		-50.5 		12.5
v 10.5 		-50.5 		14
v 10.5 		-74.5 		14
v 10.5 		-50.5 		12.5
v 10.5 		-74.5 		12.5
# 8 vertices

g group_141_16768282

usemtl color_16768282
s 0

f 1279 	1281 	1280
f 1281 	1282 	1280
f 1283 	1285 	1284
f 1285 	1286 	1284
f 1283 	1284 	1280
f 1284 	1279 	1280
f 1286 	1285 	1281
f 1285 	1282 	1281
f 1284 	1286 	1279
f 1286 	1281 	1279
f 1280 	1282 	1283
f 1282 	1285 	1283
# 12 faces

 #end of obj_141

o obj_142
v 6.5 		-74.5 		14
v 6.5 		-50.5 		14
v 6.5 		-74.5 		12.5
v 6.5 		-50.5 		12.5
v 6 		-50.5 		14
v 6 		-74.5 		14
v 6 		-50.5 		12.5
v 6 		-74.5 		12.5
# 8 vertices

g group_142_16768282

usemtl color_16768282
s 0

f 1287 	1289 	1288
f 1289 	1290 	1288
f 1291 	1293 	1292
f 1293 	1294 	1292
f 1291 	1292 	1288
f 1292 	1287 	1288
f 1294 	1293 	1289
f 1293 	1290 	1289
f 1292 	1294 	1287
f 1294 	1289 	1287
f 1288 	1290 	1291
f 1290 	1293 	1291
# 12 faces

 #end of obj_142

o obj_143
v 2 		-74.5 		14
v 2 		-50.5 		14
v 2 		-74.5 		12.5
v 2 		-50.5 		12.5
v 1.5 		-50.5 		14
v 1.5 		-74.5 		14
v 1.5 		-50.5 		12.5
v 1.5 		-74.5 		12.5
# 8 vertices

g group_143_16768282

usemtl color_16768282
s 0

f 1295 	1297 	1296
f 1297 	1298 	1296
f 1299 	1301 	1300
f 1301 	1302 	1300
f 1299 	1300 	1296
f 1300 	1295 	1296
f 1302 	1301 	1297
f 1301 	1298 	1297
f 1300 	1302 	1295
f 1302 	1297 	1295
f 1296 	1298 	1299
f 1298 	1301 	1299
# 12 faces

 #end of obj_143

o obj_144
v 94.5 		-100 		17.5
v 94.5 		-75.5 		17.5
v 94.5 		-100 		16
v 94.5 		-75.5 		16
v 94 		-75.5 		17.5
v 94 		-100 		17.5
v 94 		-75.5 		16
v 94 		-100 		16
# 8 vertices

g group_144_16768282

usemtl color_16768282
s 0

f 1303 	1305 	1304
f 1305 	1306 	1304
f 1307 	1309 	1308
f 1309 	1310 	1308
f 1307 	1308 	1304
f 1308 	1303 	1304
f 1310 	1309 	1305
f 1309 	1306 	1305
f 1308 	1310 	1303
f 1310 	1305 	1303
f 1304 	1306 	1307
f 1306 	1309 	1307
# 12 faces

 #end of obj_144

o obj_145
v 90 		-100 		17.5
v 90 		-75.5 		17.5
v 90 		-100 		16
v 90 		-75.5 		16
v 89.5 		-75.5 		17.5
v 89.5 		-100 		17.5
v 89.5 		-75.5 		16
v 89.5 		-100 		16
# 8 vertices

g group_145_16768282

usemtl color_16768282
s 0

f 1311 	1313 	1312
f 1313 	1314 	1312
f 1315 	1317 	1316
f 1317 	1318 	1316
f 1315 	1316 	1312
f 1316 	1311 	1312
f 1318 	1317 	1313
f 1317 	1314 	1313
f 1316 	1318 	1311
f 1318 	1313 	1311
f 1312 	1314 	1315
f 1314 	1317 	1315
# 12 faces

 #end of obj_145

o obj_146
v 85.5 		-100 		17.5
v 85.5 		-75.5 		17.5
v 85.5 		-100 		16
v 85.5 		-75.5 		16
v 85 		-75.5 		17.5
v 85 		-100 		17.5
v 85 		-75.5 		16
v 85 		-100 		16
# 8 vertices

g group_146_16768282

usemtl color_16768282
s 0

f 1319 	1321 	1320
f 1321 	1322 	1320
f 1323 	1325 	1324
f 1325 	1326 	1324
f 1323 	1324 	1320
f 1324 	1319 	1320
f 1326 	1325 	1321
f 1325 	1322 	1321
f 1324 	1326 	1319
f 1326 	1321 	1319
f 1320 	1322 	1323
f 1322 	1325 	1323
# 12 faces

 #end of obj_146

o obj_147
v 81 		-100 		17.5
v 81 		-75.5 		17.5
v 81 		-100 		16
v 81 		-75.5 		16
v 80.5 		-75.5 		17.5
v 80.5 		-100 		17.5
v 80.5 		-75.5 		16
v 80.5 		-100 		16
# 8 vertices

g group_147_16768282

usemtl color_16768282
s 0

f 1327 	1329 	1328
f 1329 	1330 	1328
f 1331 	1333 	1332
f 1333 	1334 	1332
f 1331 	1332 	1328
f 1332 	1327 	1328
f 1334 	1333 	1329
f 1333 	1330 	1329
f 1332 	1334 	1327
f 1334 	1329 	1327
f 1328 	1330 	1331
f 1330 	1333 	1331
# 12 faces

 #end of obj_147

o obj_148
v 72.5 		-100 		17.5
v 72.5 		-75.5 		17.5
v 72.5 		-100 		16
v 72.5 		-75.5 		16
v 72 		-75.5 		17.5
v 72 		-100 		17.5
v 72 		-75.5 		16
v 72 		-100 		16
# 8 vertices

g group_148_16768282

usemtl color_16768282
s 0

f 1335 	1337 	1336
f 1337 	1338 	1336
f 1339 	1341 	1340
f 1341 	1342 	1340
f 1339 	1340 	1336
f 1340 	1335 	1336
f 1342 	1341 	1337
f 1341 	1338 	1337
f 1340 	1342 	1335
f 1342 	1337 	1335
f 1336 	1338 	1339
f 1338 	1341 	1339
# 12 faces

 #end of obj_148

o obj_149
v 68 		-100 		17.5
v 68 		-75.5 		17.5
v 68 		-100 		16
v 68 		-75.5 		16
v 67.5 		-75.5 		17.5
v 67.5 		-100 		17.5
v 67.5 		-75.5 		16
v 67.5 		-100 		16
# 8 vertices

g group_149_16768282

usemtl color_16768282
s 0

f 1343 	1345 	1344
f 1345 	1346 	1344
f 1347 	1349 	1348
f 1349 	1350 	1348
f 1347 	1348 	1344
f 1348 	1343 	1344
f 1350 	1349 	1345
f 1349 	1346 	1345
f 1348 	1350 	1343
f 1350 	1345 	1343
f 1344 	1346 	1347
f 1346 	1349 	1347
# 12 faces

 #end of obj_149

o obj_150
v 63.5 		-100 		17.5
v 63.5 		-75.5 		17.5
v 63.5 		-100 		16
v 63.5 		-75.5 		16
v 63 		-75.5 		17.5
v 63 		-100 		17.5
v 63 		-75.5 		16
v 63 		-100 		16
# 8 vertices

g group_150_16768282

usemtl color_16768282
s 0

f 1351 	1353 	1352
f 1353 	1354 	1352
f 1355 	1357 	1356
f 1357 	1358 	1356
f 1355 	1356 	1352
f 1356 	1351 	1352
f 1358 	1357 	1353
f 1357 	1354 	1353
f 1356 	1358 	1351
f 1358 	1353 	1351
f 1352 	1354 	1355
f 1354 	1357 	1355
# 12 faces

 #end of obj_150

o obj_151
v 55.5 		-100 		14
v 55.5 		-75.5 		14
v 55.5 		-100 		12.5
v 55.5 		-75.5 		12.5
v 55 		-75.5 		14
v 55 		-100 		14
v 55 		-75.5 		12.5
v 55 		-100 		12.5
# 8 vertices

g group_151_16768282

usemtl color_16768282
s 0

f 1359 	1361 	1360
f 1361 	1362 	1360
f 1363 	1365 	1364
f 1365 	1366 	1364
f 1363 	1364 	1360
f 1364 	1359 	1360
f 1366 	1365 	1361
f 1365 	1362 	1361
f 1364 	1366 	1359
f 1366 	1361 	1359
f 1360 	1362 	1363
f 1362 	1365 	1363
# 12 faces

 #end of obj_151

o obj_152
v 51 		-100 		14
v 51 		-75.5 		14
v 51 		-100 		12.5
v 51 		-75.5 		12.5
v 50.5 		-75.5 		14
v 50.5 		-100 		14
v 50.5 		-75.5 		12.5
v 50.5 		-100 		12.5
# 8 vertices

g group_152_16768282

usemtl color_16768282
s 0

f 1367 	1369 	1368
f 1369 	1370 	1368
f 1371 	1373 	1372
f 1373 	1374 	1372
f 1371 	1372 	1368
f 1372 	1367 	1368
f 1374 	1373 	1369
f 1373 	1370 	1369
f 1372 	1374 	1367
f 1374 	1369 	1367
f 1368 	1370 	1371
f 1370 	1373 	1371
# 12 faces

 #end of obj_152

o obj_153
v 46.5 		-100 		14
v 46.5 		-75.5 		14
v 46.5 		-100 		12.5
v 46.5 		-75.5 		12.5
v 46 		-75.5 		14
v 46 		-100 		14
v 46 		-75.5 		12.5
v 46 		-100 		12.5
# 8 vertices

g group_153_16768282

usemtl color_16768282
s 0

f 1375 	1377 	1376
f 1377 	1378 	1376
f 1379 	1381 	1380
f 1381 	1382 	1380
f 1379 	1380 	1376
f 1380 	1375 	1376
f 1382 	1381 	1377
f 1381 	1378 	1377
f 1380 	1382 	1375
f 1382 	1377 	1375
f 1376 	1378 	1379
f 1378 	1381 	1379
# 12 faces

 #end of obj_153

o obj_154
v 42 		-100 		14
v 42 		-75.5 		14
v 42 		-100 		12.5
v 42 		-75.5 		12.5
v 41.5 		-75.5 		14
v 41.5 		-100 		14
v 41.5 		-75.5 		12.5
v 41.5 		-100 		12.5
# 8 vertices

g group_154_16768282

usemtl color_16768282
s 0

f 1383 	1385 	1384
f 1385 	1386 	1384
f 1387 	1389 	1388
f 1389 	1390 	1388
f 1387 	1388 	1384
f 1388 	1383 	1384
f 1390 	1389 	1385
f 1389 	1386 	1385
f 1388 	1390 	1383
f 1390 	1385 	1383
f 1384 	1386 	1387
f 1386 	1389 	1387
# 12 faces

 #end of obj_154

o obj_155
v 37.5 		-100 		14
v 37.5 		-75.5 		14
v 37.5 		-100 		12.5
v 37.5 		-75.5 		12.5
v 37 		-75.5 		14
v 37 		-100 		14
v 37 		-75.5 		12.5
v 37 		-100 		12.5
# 8 vertices

g group_155_16768282

usemtl color_16768282
s 0

f 1391 	1393 	1392
f 1393 	1394 	1392
f 1395 	1397 	1396
f 1397 	1398 	1396
f 1395 	1396 	1392
f 1396 	1391 	1392
f 1398 	1397 	1393
f 1397 	1394 	1393
f 1396 	1398 	1391
f 1398 	1393 	1391
f 1392 	1394 	1395
f 1394 	1397 	1395
# 12 faces

 #end of obj_155

o obj_156
v 33 		-100 		14
v 33 		-75.5 		14
v 33 		-100 		12.5
v 33 		-75.5 		12.5
v 32.5 		-75.5 		14
v 32.5 		-100 		14
v 32.5 		-75.5 		12.5
v 32.5 		-100 		12.5
# 8 vertices

g group_156_16768282

usemtl color_16768282
s 0

f 1399 	1401 	1400
f 1401 	1402 	1400
f 1403 	1405 	1404
f 1405 	1406 	1404
f 1403 	1404 	1400
f 1404 	1399 	1400
f 1406 	1405 	1401
f 1405 	1402 	1401
f 1404 	1406 	1399
f 1406 	1401 	1399
f 1400 	1402 	1403
f 1402 	1405 	1403
# 12 faces

 #end of obj_156

o obj_157
v 28.5 		-100 		14
v 28.5 		-75.5 		14
v 28.5 		-100 		12.5
v 28.5 		-75.5 		12.5
v 28 		-75.5 		14
v 28 		-100 		14
v 28 		-75.5 		12.5
v 28 		-100 		12.5
# 8 vertices

g group_157_16768282

usemtl color_16768282
s 0

f 1407 	1409 	1408
f 1409 	1410 	1408
f 1411 	1413 	1412
f 1413 	1414 	1412
f 1411 	1412 	1408
f 1412 	1407 	1408
f 1414 	1413 	1409
f 1413 	1410 	1409
f 1412 	1414 	1407
f 1414 	1409 	1407
f 1408 	1410 	1411
f 1410 	1413 	1411
# 12 faces

 #end of obj_157

o obj_158
v 20 		-100 		14
v 20 		-75.5 		14
v 20 		-100 		12.5
v 20 		-75.5 		12.5
v 19.5 		-75.5 		14
v 19.5 		-100 		14
v 19.5 		-75.5 		12.5
v 19.5 		-100 		12.5
# 8 vertices

g group_158_16768282

usemtl color_16768282
s 0

f 1415 	1417 	1416
f 1417 	1418 	1416
f 1419 	1421 	1420
f 1421 	1422 	1420
f 1419 	1420 	1416
f 1420 	1415 	1416
f 1422 	1421 	1417
f 1421 	1418 	1417
f 1420 	1422 	1415
f 1422 	1417 	1415
f 1416 	1418 	1419
f 1418 	1421 	1419
# 12 faces

 #end of obj_158

o obj_159
v 15.5 		-100 		14
v 15.5 		-75.5 		14
v 15.5 		-100 		12.5
v 15.5 		-75.5 		12.5
v 15 		-75.5 		14
v 15 		-100 		14
v 15 		-75.5 		12.5
v 15 		-100 		12.5
# 8 vertices

g group_159_16768282

usemtl color_16768282
s 0

f 1423 	1425 	1424
f 1425 	1426 	1424
f 1427 	1429 	1428
f 1429 	1430 	1428
f 1427 	1428 	1424
f 1428 	1423 	1424
f 1430 	1429 	1425
f 1429 	1426 	1425
f 1428 	1430 	1423
f 1430 	1425 	1423
f 1424 	1426 	1427
f 1426 	1429 	1427
# 12 faces

 #end of obj_159

o obj_160
v 11 		-100 		14
v 11 		-75.5 		14
v 11 		-100 		12.5
v 11 		-75.5 		12.5
v 10.5 		-75.5 		14
v 10.5 		-100 		14
v 10.5 		-75.5 		12.5
v 10.5 		-100 		12.5
# 8 vertices

g group_160_16768282

usemtl color_16768282
s 0

f 1431 	1433 	1432
f 1433 	1434 	1432
f 1435 	1437 	1436
f 1437 	1438 	1436
f 1435 	1436 	1432
f 1436 	1431 	1432
f 1438 	1437 	1433
f 1437 	1434 	1433
f 1436 	1438 	1431
f 1438 	1433 	1431
f 1432 	1434 	1435
f 1434 	1437 	1435
# 12 faces

 #end of obj_160

o obj_161
v 6.5 		-100 		14
v 6.5 		-75.5 		14
v 6.5 		-100 		12.5
v 6.5 		-75.5 		12.5
v 6 		-75.5 		14
v 6 		-100 		14
v 6 		-75.5 		12.5
v 6 		-100 		12.5
# 8 vertices

g group_161_16768282

usemtl color_16768282
s 0

f 1439 	1441 	1440
f 1441 	1442 	1440
f 1443 	1445 	1444
f 1445 	1446 	1444
f 1443 	1444 	1440
f 1444 	1439 	1440
f 1446 	1445 	1441
f 1445 	1442 	1441
f 1444 	1446 	1439
f 1446 	1441 	1439
f 1440 	1442 	1443
f 1442 	1445 	1443
# 12 faces

 #end of obj_161

o obj_162
v 2 		-100 		14
v 2 		-75.5 		14
v 2 		-100 		12.5
v 2 		-75.5 		12.5
v 1.5 		-75.5 		14
v 1.5 		-100 		14
v 1.5 		-75.5 		12.5
v 1.5 		-100 		12.5
# 8 vertices

g group_162_16768282

usemtl color_16768282
s 0

f 1447 	1449 	1448
f 1449 	1450 	1448
f 1451 	1453 	1452
f 1453 	1454 	1452
f 1451 	1452 	1448
f 1452 	1447 	1448
f 1454 	1453 	1449
f 1453 	1450 	1449
f 1452 	1454 	1447
f 1454 	1449 	1447
f 1448 	1450 	1451
f 1450 	1453 	1451
# 12 faces

 #end of obj_162

o obj_163
v 99.0000 		-51.0000 		17.5000
v 99.0000 		-49.0000 		17.5000
v 99.0000 		-51.0000 		0.0000
v 99.0000 		-49.0000 		0.0000
v 97.0000 		-49.0000 		17.5000
v 97.0000 		-51.0000 		17.5000
v 97.0000 		-49.0000 		0.0000
v 97.0000 		-51.0000 		0.0000
# 8 vertices

g group_163_15277357

usemtl color_15277357
s 0

f 1455 	1457 	1456
f 1457 	1458 	1456
f 1459 	1461 	1460
f 1461 	1462 	1460
f 1459 	1460 	1456
f 1460 	1455 	1456
f 1462 	1461 	1457
f 1461 	1458 	1457
f 1460 	1462 	1455
f 1462 	1457 	1455
f 1456 	1458 	1459
f 1458 	1461 	1459
# 12 faces

 #end of obj_163

o obj_164
v 100.5 		-52.5 		0
v 100.5 		-47.5 		0
v 100.5 		-52.5 		-10
v 100.5 		-47.5 		-10
v 95.5 		-47.5 		0
v 95.5 		-52.5 		0
v 95.5 		-47.5 		-10
v 95.5 		-52.5 		-10
# 8 vertices

g group_164_9771553

usemtl color_9771553
s 0

f 1463 	1465 	1464
f 1465 	1466 	1464
f 1467 	1469 	1468
f 1469 	1470 	1468
f 1467 	1468 	1464
f 1468 	1463 	1464
f 1470 	1469 	1465
f 1469 	1466 	1465
f 1468 	1470 	1463
f 1470 	1465 	1463
f 1464 	1466 	1467
f 1466 	1469 	1467
# 12 faces

 #end of obj_164

o obj_165
v 99 		-51 		17.5
v 98 		-51 		17.5
v 99 		-51 		15
v 98 		-51 		15
v 98 		-74 		17.5
v 99 		-74 		17.5
v 98 		-74 		15
v 99 		-74 		15
# 8 vertices

g group_165_4634441

usemtl color_4634441
s 0

f 1471 	1473 	1472
f 1473 	1474 	1472
f 1475 	1477 	1476
f 1477 	1478 	1476
f 1475 	1476 	1472
f 1476 	1471 	1472
f 1478 	1477 	1473
f 1477 	1474 	1473
f 1476 	1478 	1471
f 1478 	1473 	1471
f 1472 	1474 	1475
f 1474 	1477 	1475
# 12 faces

 #end of obj_165

o obj_166
v 99 		-26 		17.5
v 98 		-26 		17.5
v 99 		-26 		15
v 98 		-26 		15
v 98 		-49 		17.5
v 99 		-49 		17.5
v 98 		-49 		15
v 99 		-49 		15
# 8 vertices

g group_166_4634441

usemtl color_4634441
s 0

f 1479 	1481 	1480
f 1481 	1482 	1480
f 1483 	1485 	1484
f 1485 	1486 	1484
f 1483 	1484 	1480
f 1484 	1479 	1480
f 1486 	1485 	1481
f 1485 	1482 	1481
f 1484 	1486 	1479
f 1486 	1481 	1479
f 1480 	1482 	1483
f 1482 	1485 	1483
# 12 faces

 #end of obj_166

o obj_167
v 97 		-50.5 		17.5
v 97 		-49.5 		17.5
v 97 		-50.5 		15
v 97 		-49.5 		15
v 78 		-49.5 		17.5
v 78 		-50.5 		17.5
v 78 		-49.5 		15
v 78 		-50.5 		15
# 8 vertices

g group_167_4634441

usemtl color_4634441
s 0

f 1487 	1489 	1488
f 1489 	1490 	1488
f 1491 	1493 	1492
f 1493 	1494 	1492
f 1491 	1492 	1488
f 1492 	1487 	1488
f 1494 	1493 	1489
f 1493 	1490 	1489
f 1492 	1494 	1487
f 1494 	1489 	1487
f 1488 	1490 	1491
f 1490 	1493 	1491
# 12 faces

 #end of obj_167

o obj_168
v 90.5 		-25.5 		17.5
v 89.5 		-25.5 		17.5
v 90.5 		-25.5 		15
v 89.5 		-25.5 		15
v 89.5 		-49.5 		17.5
v 90.5 		-49.5 		17.5
v 89.5 		-49.5 		15
v 90.5 		-49.5 		15
# 8 vertices

g group_168_4634441

usemtl color_4634441
s 0

f 1495 	1497 	1496
f 1497 	1498 	1496
f 1499 	1501 	1500
f 1501 	1502 	1500
f 1499 	1500 	1496
f 1500 	1495 	1496
f 1502 	1501 	1497
f 1501 	1498 	1497
f 1500 	1502 	1495
f 1502 	1497 	1495
f 1496 	1498 	1499
f 1498 	1501 	1499
# 12 faces

 #end of obj_168

o obj_169
v 85.5 		-49.5 		17.5
v 85.5 		-25.5 		17.5
v 85.5 		-49.5 		16
v 85.5 		-25.5 		16
v 85 		-25.5 		17.5
v 85 		-49.5 		17.5
v 85 		-25.5 		16
v 85 		-49.5 		16
# 8 vertices

g group_169_16768282

usemtl color_16768282
s 0

f 1503 	1505 	1504
f 1505 	1506 	1504
f 1507 	1509 	1508
f 1509 	1510 	1508
f 1507 	1508 	1504
f 1508 	1503 	1504
f 1510 	1509 	1505
f 1509 	1506 	1505
f 1508 	1510 	1503
f 1510 	1505 	1503
f 1504 	1506 	1507
f 1506 	1509 	1507
# 12 faces

 #end of obj_169

o obj_170
v 90.5 		-50.5 		17.5
v 89.5 		-50.5 		17.5
v 90.5 		-50.5 		15
v 89.5 		-50.5 		15
v 89.5 		-74.5 		17.5
v 90.5 		-74.5 		17.5
v 89.5 		-74.5 		15
v 90.5 		-74.5 		15
# 8 vertices

g group_170_4634441

usemtl color_4634441
s 0

f 1511 	1513 	1512
f 1513 	1514 	1512
f 1515 	1517 	1516
f 1517 	1518 	1516
f 1515 	1516 	1512
f 1516 	1511 	1512
f 1518 	1517 	1513
f 1517 	1514 	1513
f 1516 	1518 	1511
f 1518 	1513 	1511
f 1512 	1514 	1515
f 1514 	1517 	1515
# 12 faces

 #end of obj_170

o obj_171
v 98 		-10 		17.5
v 94.5 		-10 		17.5
v 98 		-10 		16
v 94.5 		-10 		16
v 94.5 		-10.5 		17.5
v 98 		-10.5 		17.5
v 94.5 		-10.5 		16
v 98 		-10.5 		16
# 8 vertices

g group_171_16089887

usemtl color_16089887
s 0

f 1519 	1521 	1520
f 1521 	1522 	1520
f 1523 	1525 	1524
f 1525 	1526 	1524
f 1523 	1524 	1520
f 1524 	1519 	1520
f 1526 	1525 	1521
f 1525 	1522 	1521
f 1524 	1526 	1519
f 1526 	1521 	1519
f 1520 	1522 	1523
f 1522 	1525 	1523
# 12 faces

 #end of obj_171

o obj_172
v 94 		-14 		17.5
v 90 		-14 		17.5
v 94 		-14 		16
v 90 		-14 		16
v 90 		-14.5 		17.5
v 94 		-14.5 		17.5
v 90 		-14.5 		16
v 94 		-14.5 		16
# 8 vertices

g group_172_16089887

usemtl color_16089887
s 0

f 1527 	1529 	1528
f 1529 	1530 	1528
f 1531 	1533 	1532
f 1533 	1534 	1532
f 1531 	1532 	1528
f 1532 	1527 	1528
f 1534 	1533 	1529
f 1533 	1530 	1529
f 1532 	1534 	1527
f 1534 	1529 	1527
f 1528 	1530 	1531
f 1530 	1533 	1531
# 12 faces

 #end of obj_172

o obj_173
v 89.5 		-10 		17.5
v 85.5 		-10 		17.5
v 89.5 		-10 		16
v 85.5 		-10 		16
v 85.5 		-10.5 		17.5
v 89.5 		-10.5 		17.5
v 85.5 		-10.5 		16
v 89.5 		-10.5 		16
# 8 vertices

g group_173_16089887

usemtl color_16089887
s 0

f 1535 	1537 	1536
f 1537 	1538 	1536
f 1539 	1541 	1540
f 1541 	1542 	1540
f 1539 	1540 	1536
f 1540 	1535 	1536
f 1542 	1541 	1537
f 1541 	1538 	1537
f 1540 	1542 	1535
f 1542 	1537 	1535
f 1536 	1538 	1539
f 1538 	1541 	1539
# 12 faces

 #end of obj_173

o obj_174
v 80.5 		-10 		17.5
v 77.5 		-10 		17.5
v 80.5 		-10 		16
v 77.5 		-10 		16
v 77.5 		-10.5 		17.5
v 80.5 		-10.5 		17.5
v 77.5 		-10.5 		16
v 80.5 		-10.5 		16
# 8 vertices

g group_174_16089887

usemtl color_16089887
s 0

f 1543 	1545 	1544
f 1545 	1546 	1544
f 1547 	1549 	1548
f 1549 	1550 	1548
f 1547 	1548 	1544
f 1548 	1543 	1544
f 1550 	1549 	1545
f 1549 	1546 	1545
f 1548 	1550 	1543
f 1550 	1545 	1543
f 1544 	1546 	1547
f 1546 	1549 	1547
# 12 faces

 #end of obj_174

o obj_175
v 85 		-14 		17.5
v 81 		-14 		17.5
v 85 		-14 		16
v 81 		-14 		16
v 81 		-14.5 		17.5
v 85 		-14.5 		17.5
v 81 		-14.5 		16
v 85 		-14.5 		16
# 8 vertices

g group_175_16089887

usemtl color_16089887
s 0

f 1551 	1553 	1552
f 1553 	1554 	1552
f 1555 	1557 	1556
f 1557 	1558 	1556
f 1555 	1556 	1552
f 1556 	1551 	1552
f 1558 	1557 	1553
f 1557 	1554 	1553
f 1556 	1558 	1551
f 1558 	1553 	1551
f 1552 	1554 	1555
f 1554 	1557 	1555
# 12 faces

 #end of obj_175

o obj_176
v 76.5 		-14 		17.5
v 72.5 		-14 		17.5
v 76.5 		-14 		16
v 72.5 		-14 		16
v 72.5 		-14.5 		17.5
v 76.5 		-14.5 		17.5
v 72.5 		-14.5 		16
v 76.5 		-14.5 		16
# 8 vertices

g group_176_16089887

usemtl color_16089887
s 0

f 1559 	1561 	1560
f 1561 	1562 	1560
f 1563 	1565 	1564
f 1565 	1566 	1564
f 1563 	1564 	1560
f 1564 	1559 	1560
f 1566 	1565 	1561
f 1565 	1562 	1561
f 1564 	1566 	1559
f 1566 	1561 	1559
f 1560 	1562 	1563
f 1562 	1565 	1563
# 12 faces

 #end of obj_176

o obj_177
v 72 		-10 		17.5
v 68 		-10 		17.5
v 72 		-10 		16
v 68 		-10 		16
v 68 		-10.5 		17.5
v 72 		-10.5 		17.5
v 68 		-10.5 		16
v 72 		-10.5 		16
# 8 vertices

g group_177_16089887

usemtl color_16089887
s 0

f 1567 	1569 	1568
f 1569 	1570 	1568
f 1571 	1573 	1572
f 1573 	1574 	1572
f 1571 	1572 	1568
f 1572 	1567 	1568
f 1574 	1573 	1569
f 1573 	1570 	1569
f 1572 	1574 	1567
f 1574 	1569 	1567
f 1568 	1570 	1571
f 1570 	1573 	1571
# 12 faces

 #end of obj_177

o obj_178
v 67.5 		-14 		17.5
v 63.5 		-14 		17.5
v 67.5 		-14 		16
v 63.5 		-14 		16
v 63.5 		-14.5 		17.5
v 67.5 		-14.5 		17.5
v 63.5 		-14.5 		16
v 67.5 		-14.5 		16
# 8 vertices

g group_178_16089887

usemtl color_16089887
s 0

f 1575 	1577 	1576
f 1577 	1578 	1576
f 1579 	1581 	1580
f 1581 	1582 	1580
f 1579 	1580 	1576
f 1580 	1575 	1576
f 1582 	1581 	1577
f 1581 	1578 	1577
f 1580 	1582 	1575
f 1582 	1577 	1575
f 1576 	1578 	1579
f 1578 	1581 	1579
# 12 faces

 #end of obj_178

o obj_179
v 63 		-10 		17.5
v 60.5 		-10 		17.5
v 63 		-10 		16
v 60.5 		-10 		16
v 60.5 		-10.5 		17.5
v 63 		-10.5 		17.5
v 60.5 		-10.5 		16
v 63 		-10.5 		16
# 8 vertices

g group_179_16089887

usemtl color_16089887
s 0

f 1583 	1585 	1584
f 1585 	1586 	1584
f 1587 	1589 	1588
f 1589 	1590 	1588
f 1587 	1588 	1584
f 1588 	1583 	1584
f 1590 	1589 	1585
f 1589 	1586 	1585
f 1588 	1590 	1583
f 1590 	1585 	1583
f 1584 	1586 	1587
f 1586 	1589 	1587
# 12 faces

 #end of obj_179

o obj_180
v 59.5 		-14 		14
v 55.5 		-14 		14
v 59.5 		-14 		12.5
v 55.5 		-14 		12.5
v 55.5 		-14.5 		14
v 59.5 		-14.5 		14
v 55.5 		-14.5 		12.5
v 59.5 		-14.5 		12.5
# 8 vertices

g group_180_16089887

usemtl color_16089887
s 0

f 1591 	1593 	1592
f 1593 	1594 	1592
f 1595 	1597 	1596
f 1597 	1598 	1596
f 1595 	1596 	1592
f 1596 	1591 	1592
f 1598 	1597 	1593
f 1597 	1594 	1593
f 1596 	1598 	1591
f 1598 	1593 	1591
f 1592 	1594 	1595
f 1594 	1597 	1595
# 12 faces

 #end of obj_180

o obj_181
v 55 		-10 		14
v 51 		-10 		14
v 55 		-10 		12.5
v 51 		-10 		12.5
v 51 		-10.5 		14
v 55 		-10.5 		14
v 51 		-10.5 		12.5
v 55 		-10.5 		12.5
# 8 vertices

g group_181_16089887

usemtl color_16089887
s 0

f 1599 	1601 	1600
f 1601 	1602 	1600
f 1603 	1605 	1604
f 1605 	1606 	1604
f 1603 	1604 	1600
f 1604 	1599 	1600
f 1606 	1605 	1601
f 1605 	1602 	1601
f 1604 	1606 	1599
f 1606 	1601 	1599
f 1600 	1602 	1603
f 1602 	1605 	1603
# 12 faces

 #end of obj_181

o obj_182
v 46 		-10 		14
v 42 		-10 		14
v 46 		-10 		12.5
v 42 		-10 		12.5
v 42 		-10.5 		14
v 46 		-10.5 		14
v 42 		-10.5 		12.5
v 46 		-10.5 		12.5
# 8 vertices

g group_182_16089887

usemtl color_16089887
s 0

f 1607 	1609 	1608
f 1609 	1610 	1608
f 1611 	1613 	1612
f 1613 	1614 	1612
f 1611 	1612 	1608
f 1612 	1607 	1608
f 1614 	1613 	1609
f 1613 	1610 	1609
f 1612 	1614 	1607
f 1614 	1609 	1607
f 1608 	1610 	1611
f 1610 	1613 	1611
# 12 faces

 #end of obj_182

o obj_183
v 50.5 		-14 		14
v 46.5 		-14 		14
v 50.5 		-14 		12.5
v 46.5 		-14 		12.5
v 46.5 		-14.5 		14
v 50.5 		-14.5 		14
v 46.5 		-14.5 		12.5
v 50.5 		-14.5 		12.5
# 8 vertices

g group_183_16089887

usemtl color_16089887
s 0

f 1615 	1617 	1616
f 1617 	1618 	1616
f 1619 	1621 	1620
f 1621 	1622 	1620
f 1619 	1620 	1616
f 1620 	1615 	1616
f 1622 	1621 	1617
f 1621 	1618 	1617
f 1620 	1622 	1615
f 1622 	1617 	1615
f 1616 	1618 	1619
f 1618 	1621 	1619
# 12 faces

 #end of obj_183

o obj_184
v 37 		-10 		14
v 33 		-10 		14
v 37 		-10 		12.5
v 33 		-10 		12.5
v 33 		-10.5 		14
v 37 		-10.5 		14
v 33 		-10.5 		12.5
v 37 		-10.5 		12.5
# 8 vertices

g group_184_16089887

usemtl color_16089887
s 0

f 1623 	1625 	1624
f 1625 	1626 	1624
f 1627 	1629 	1628
f 1629 	1630 	1628
f 1627 	1628 	1624
f 1628 	1623 	1624
f 1630 	1629 	1625
f 1629 	1626 	1625
f 1628 	1630 	1623
f 1630 	1625 	1623
f 1624 	1626 	1627
f 1626 	1629 	1627
# 12 faces

 #end of obj_184

o obj_185
v 41.5 		-14 		14
v 37.5 		-14 		14
v 41.5 		-14 		12.5
v 37.5 		-14 		12.5
v 37.5 		-14.5 		14
v 41.5 		-14.5 		14
v 37.5 		-14.5 		12.5
v 41.5 		-14.5 		12.5
# 8 vertices

g group_185_16089887

usemtl color_16089887
s 0

f 1631 	1633 	1632
f 1633 	1634 	1632
f 1635 	1637 	1636
f 1637 	1638 	1636
f 1635 	1636 	1632
f 1636 	1631 	1632
f 1638 	1637 	1633
f 1637 	1634 	1633
f 1636 	1638 	1631
f 1638 	1633 	1631
f 1632 	1634 	1635
f 1634 	1637 	1635
# 12 faces

 #end of obj_185

o obj_186
v 28 		-10 		14
v 25 		-10 		14
v 28 		-10 		12.5
v 25 		-10 		12.5
v 25 		-10.5 		14
v 28 		-10.5 		14
v 25 		-10.5 		12.5
v 28 		-10.5 		12.5
# 8 vertices

g group_186_16089887

usemtl color_16089887
s 0

f 1639 	1641 	1640
f 1641 	1642 	1640
f 1643 	1645 	1644
f 1645 	1646 	1644
f 1643 	1644 	1640
f 1644 	1639 	1640
f 1646 	1645 	1641
f 1645 	1642 	1641
f 1644 	1646 	1639
f 1646 	1641 	1639
f 1640 	1642 	1643
f 1642 	1645 	1643
# 12 faces

 #end of obj_186

o obj_187
v 32.5 		-14 		14
v 28.5 		-14 		14
v 32.5 		-14 		12.5
v 28.5 		-14 		12.5
v 28.5 		-14.5 		14
v 32.5 		-14.5 		14
v 28.5 		-14.5 		12.5
v 32.5 		-14.5 		12.5
# 8 vertices

g group_187_16089887

usemtl color_16089887
s 0

f 1647 	1649 	1648
f 1649 	1650 	1648
f 1651 	1653 	1652
f 1653 	1654 	1652
f 1651 	1652 	1648
f 1652 	1647 	1648
f 1654 	1653 	1649
f 1653 	1650 	1649
f 1652 	1654 	1647
f 1654 	1649 	1647
f 1648 	1650 	1651
f 1650 	1653 	1651
# 12 faces

 #end of obj_187

o obj_188
v 19.5 		-10 		14
v 15.5 		-10 		14
v 19.5 		-10 		12.5
v 15.5 		-10 		12.5
v 15.5 		-10.5 		14
v 19.5 		-10.5 		14
v 15.5 		-10.5 		12.5
v 19.5 		-10.5 		12.5
# 8 vertices

g group_188_16089887

usemtl color_16089887
s 0

f 1655 	1657 	1656
f 1657 	1658 	1656
f 1659 	1661 	1660
f 1661 	1662 	1660
f 1659 	1660 	1656
f 1660 	1655 	1656
f 1662 	1661 	1657
f 1661 	1658 	1657
f 1660 	1662 	1655
f 1662 	1657 	1655
f 1656 	1658 	1659
f 1658 	1661 	1659
# 12 faces

 #end of obj_188

o obj_189
v 24 		-14 		14
v 20 		-14 		14
v 24 		-14 		12.5
v 20 		-14 		12.5
v 20 		-14.5 		14
v 24 		-14.5 		14
v 20 		-14.5 		12.5
v 24 		-14.5 		12.5
# 8 vertices

g group_189_16089887

usemtl color_16089887
s 0

f 1663 	1665 	1664
f 1665 	1666 	1664
f 1667 	1669 	1668
f 1669 	1670 	1668
f 1667 	1668 	1664
f 1668 	1663 	1664
f 1670 	1669 	1665
f 1669 	1666 	1665
f 1668 	1670 	1663
f 1670 	1665 	1663
f 1664 	1666 	1667
f 1666 	1669 	1667
# 12 faces

 #end of obj_189

o obj_190
v 10.5 		-10 		14
v 6.5 		-10 		14
v 10.5 		-10 		12.5
v 6.5 		-10 		12.5
v 6.5 		-10.5 		14
v 10.5 		-10.5 		14
v 6.5 		-10.5 		12.5
v 10.5 		-10.5 		12.5
# 8 vertices

g group_190_16089887

usemtl color_16089887
s 0

f 1671 	1673 	1672
f 1673 	1674 	1672
f 1675 	1677 	1676
f 1677 	1678 	1676
f 1675 	1676 	1672
f 1676 	1671 	1672
f 1678 	1677 	1673
f 1677 	1674 	1673
f 1676 	1678 	1671
f 1678 	1673 	1671
f 1672 	1674 	1675
f 1674 	1677 	1675
# 12 faces

 #end of obj_190

o obj_191
v 15 		-14 		14
v 11 		-14 		14
v 15 		-14 		12.5
v 11 		-14 		12.5
v 11 		-14.5 		14
v 15 		-14.5 		14
v 11 		-14.5 		12.5
v 15 		-14.5 		12.5
# 8 vertices

g group_191_16089887

usemtl color_16089887
s 0

f 1679 	1681 	1680
f 1681 	1682 	1680
f 1683 	1685 	1684
f 1685 	1686 	1684
f 1683 	1684 	1680
f 1684 	1679 	1680
f 1686 	1685 	1681
f 1685 	1682 	1681
f 1684 	1686 	1679
f 1686 	1681 	1679
f 1680 	1682 	1683
f 1682 	1685 	1683
# 12 faces

 #end of obj_191

o obj_192
v 1.5 		-10 		14
v 0 		-10 		14
v 1.5 		-10 		12.5
v 0 		-10 		12.5
v 0 		-10.5 		14
v 1.5 		-10.5 		14
v 0 		-10.5 		12.5
v 1.5 		-10.5 		12.5
# 8 vertices

g group_192_16089887

usemtl color_16089887
s 0

f 1687 	1689 	1688
f 1689 	1690 	1688
f 1691 	1693 	1692
f 1693 	1694 	1692
f 1691 	1692 	1688
f 1692 	1687 	1688
f 1694 	1693 	1689
f 1693 	1690 	1689
f 1692 	1694 	1687
f 1694 	1689 	1687
f 1688 	1690 	1691
f 1690 	1693 	1691
# 12 faces

 #end of obj_192

o obj_193
v 6 		-14 		14
v 2 		-14 		14
v 6 		-14 		12.5
v 2 		-14 		12.5
v 2 		-14.5 		14
v 6 		-14.5 		14
v 2 		-14.5 		12.5
v 6 		-14.5 		12.5
# 8 vertices

g group_193_16089887

usemtl color_16089887
s 0

f 1695 	1697 	1696
f 1697 	1698 	1696
f 1699 	1701 	1700
f 1701 	1702 	1700
f 1699 	1700 	1696
f 1700 	1695 	1696
f 1702 	1701 	1697
f 1701 	1698 	1697
f 1700 	1702 	1695
f 1702 	1697 	1695
f 1696 	1698 	1699
f 1698 	1701 	1699
# 12 faces

 #end of obj_193

o obj_194
v 98 		-35.5 		17.5
v 94.5 		-35.5 		17.5
v 98 		-35.5 		16
v 94.5 		-35.5 		16
v 94.5 		-36 		17.5
v 98 		-36 		17.5
v 94.5 		-36 		16
v 98 		-36 		16
# 8 vertices

g group_194_16089887

usemtl color_16089887
s 0

f 1703 	1705 	1704
f 1705 	1706 	1704
f 1707 	1709 	1708
f 1709 	1710 	1708
f 1707 	1708 	1704
f 1708 	1703 	1704
f 1710 	1709 	1705
f 1709 	1706 	1705
f 1708 	1710 	1703
f 1710 	1705 	1703
f 1704 	1706 	1707
f 1706 	1709 	1707
# 12 faces

 #end of obj_194

o obj_195
v 94 		-39.5 		17.5
v 90.5 		-39.5 		17.5
v 94 		-39.5 		16
v 90.5 		-39.5 		16
v 90.5 		-40 		17.5
v 94 		-40 		17.5
v 90.5 		-40 		16
v 94 		-40 		16
# 8 vertices

g group_195_16089887

usemtl color_16089887
s 0

f 1711 	1713 	1712
f 1713 	1714 	1712
f 1715 	1717 	1716
f 1717 	1718 	1716
f 1715 	1716 	1712
f 1716 	1711 	1712
f 1718 	1717 	1713
f 1717 	1714 	1713
f 1716 	1718 	1711
f 1718 	1713 	1711
f 1712 	1714 	1715
f 1714 	1717 	1715
# 12 faces

 #end of obj_195

o obj_196
v 89.5 		-35.5 		17.5
v 85.5 		-35.5 		17.5
v 89.5 		-35.5 		16
v 85.5 		-35.5 		16
v 85.5 		-36 		17.5
v 89.5 		-36 		17.5
v 85.5 		-36 		16
v 89.5 		-36 		16
# 8 vertices

g group_196_16089887

usemtl color_16089887
s 0

f 1719 	1721 	1720
f 1721 	1722 	1720
f 1723 	1725 	1724
f 1725 	1726 	1724
f 1723 	1724 	1720
f 1724 	1719 	1720
f 1726 	1725 	1721
f 1725 	1722 	1721
f 1724 	1726 	1719
f 1726 	1721 	1719
f 1720 	1722 	1723
f 1722 	1725 	1723
# 12 faces

 #end of obj_196

o obj_197
v 85 		-39.5 		17.5
v 81 		-39.5 		17.5
v 85 		-39.5 		16
v 81 		-39.5 		16
v 81 		-40 		17.5
v 85 		-40 		17.5
v 81 		-40 		16
v 85 		-40 		16
# 8 vertices

g group_197_16089887

usemtl color_16089887
s 0

f 1727 	1729 	1728
f 1729 	1730 	1728
f 1731 	1733 	1732
f 1733 	1734 	1732
f 1731 	1732 	1728
f 1732 	1727 	1728
f 1734 	1733 	1729
f 1733 	1730 	1729
f 1732 	1734 	1727
f 1734 	1729 	1727
f 1728 	1730 	1731
f 1730 	1733 	1731
# 12 faces

 #end of obj_197

o obj_198
v 80.5 		-35.5 		17.5
v 77.5 		-35.5 		17.5
v 80.5 		-35.5 		16
v 77.5 		-35.5 		16
v 77.5 		-36 		17.5
v 80.5 		-36 		17.5
v 77.5 		-36 		16
v 80.5 		-36 		16
# 8 vertices

g group_198_16089887

usemtl color_16089887
s 0

f 1735 	1737 	1736
f 1737 	1738 	1736
f 1739 	1741 	1740
f 1741 	1742 	1740
f 1739 	1740 	1736
f 1740 	1735 	1736
f 1742 	1741 	1737
f 1741 	1738 	1737
f 1740 	1742 	1735
f 1742 	1737 	1735
f 1736 	1738 	1739
f 1738 	1741 	1739
# 12 faces

 #end of obj_198

o obj_199
v 76.5 		-39.5 		17.5
v 72.5 		-39.5 		17.5
v 76.5 		-39.5 		16
v 72.5 		-39.5 		16
v 72.5 		-40 		17.5
v 76.5 		-40 		17.5
v 72.5 		-40 		16
v 76.5 		-40 		16
# 8 vertices

g group_199_16089887

usemtl color_16089887
s 0

f 1743 	1745 	1744
f 1745 	1746 	1744
f 1747 	1749 	1748
f 1749 	1750 	1748
f 1747 	1748 	1744
f 1748 	1743 	1744
f 1750 	1749 	1745
f 1749 	1746 	1745
f 1748 	1750 	1743
f 1750 	1745 	1743
f 1744 	1746 	1747
f 1746 	1749 	1747
# 12 faces

 #end of obj_199

o obj_200
v 72 		-35.5 		17.5
v 68 		-35.5 		17.5
v 72 		-35.5 		16
v 68 		-35.5 		16
v 68 		-36 		17.5
v 72 		-36 		17.5
v 68 		-36 		16
v 72 		-36 		16
# 8 vertices

g group_200_16089887

usemtl color_16089887
s 0

f 1751 	1753 	1752
f 1753 	1754 	1752
f 1755 	1757 	1756
f 1757 	1758 	1756
f 1755 	1756 	1752
f 1756 	1751 	1752
f 1758 	1757 	1753
f 1757 	1754 	1753
f 1756 	1758 	1751
f 1758 	1753 	1751
f 1752 	1754 	1755
f 1754 	1757 	1755
# 12 faces

 #end of obj_200

o obj_201
v 67.5 		-39.5 		17.5
v 63.5 		-39.5 		17.5
v 67.5 		-39.5 		16
v 63.5 		-39.5 		16
v 63.5 		-40 		17.5
v 67.5 		-40 		17.5
v 63.5 		-40 		16
v 67.5 		-40 		16
# 8 vertices

g group_201_16089887

usemtl color_16089887
s 0

f 1759 	1761 	1760
f 1761 	1762 	1760
f 1763 	1765 	1764
f 1765 	1766 	1764
f 1763 	1764 	1760
f 1764 	1759 	1760
f 1766 	1765 	1761
f 1765 	1762 	1761
f 1764 	1766 	1759
f 1766 	1761 	1759
f 1760 	1762 	1763
f 1762 	1765 	1763
# 12 faces

 #end of obj_201

o obj_202
v 63 		-35.5 		17.5
v 60.5 		-35.5 		17.5
v 63 		-35.5 		16
v 60.5 		-35.5 		16
v 60.5 		-36 		17.5
v 63 		-36 		17.5
v 60.5 		-36 		16
v 63 		-36 		16
# 8 vertices

g group_202_16089887

usemtl color_16089887
s 0

f 1767 	1769 	1768
f 1769 	1770 	1768
f 1771 	1773 	1772
f 1773 	1774 	1772
f 1771 	1772 	1768
f 1772 	1767 	1768
f 1774 	1773 	1769
f 1773 	1770 	1769
f 1772 	1774 	1767
f 1774 	1769 	1767
f 1768 	1770 	1771
f 1770 	1773 	1771
# 12 faces

 #end of obj_202

o obj_203
v 59.5 		-39.5 		14
v 55.5 		-39.5 		14
v 59.5 		-39.5 		12.5
v 55.5 		-39.5 		12.5
v 55.5 		-40 		14
v 59.5 		-40 		14
v 55.5 		-40 		12.5
v 59.5 		-40 		12.5
# 8 vertices

g group_203_16089887

usemtl color_16089887
s 0

f 1775 	1777 	1776
f 1777 	1778 	1776
f 1779 	1781 	1780
f 1781 	1782 	1780
f 1779 	1780 	1776
f 1780 	1775 	1776
f 1782 	1781 	1777
f 1781 	1778 	1777
f 1780 	1782 	1775
f 1782 	1777 	1775
f 1776 	1778 	1779
f 1778 	1781 	1779
# 12 faces

 #end of obj_203

o obj_204
v 55 		-35.5 		14
v 51 		-35.5 		14
v 55 		-35.5 		12.5
v 51 		-35.5 		12.5
v 51 		-36 		14
v 55 		-36 		14
v 51 		-36 		12.5
v 55 		-36 		12.5
# 8 vertices

g group_204_16089887

usemtl color_16089887
s 0

f 1783 	1785 	1784
f 1785 	1786 	1784
f 1787 	1789 	1788
f 1789 	1790 	1788
f 1787 	1788 	1784
f 1788 	1783 	1784
f 1790 	1789 	1785
f 1789 	1786 	1785
f 1788 	1790 	1783
f 1790 	1785 	1783
f 1784 	1786 	1787
f 1786 	1789 	1787
# 12 faces

 #end of obj_204

o obj_205
v 50.5 		-39.5 		14
v 46.5 		-39.5 		14
v 50.5 		-39.5 		12.5
v 46.5 		-39.5 		12.5
v 46.5 		-40 		14
v 50.5 		-40 		14
v 46.5 		-40 		12.5
v 50.5 		-40 		12.5
# 8 vertices

g group_205_16089887

usemtl color_16089887
s 0

f 1791 	1793 	1792
f 1793 	1794 	1792
f 1795 	1797 	1796
f 1797 	1798 	1796
f 1795 	1796 	1792
f 1796 	1791 	1792
f 1798 	1797 	1793
f 1797 	1794 	1793
f 1796 	1798 	1791
f 1798 	1793 	1791
f 1792 	1794 	1795
f 1794 	1797 	1795
# 12 faces

 #end of obj_205

o obj_206
v 46 		-35.5 		14
v 42 		-35.5 		14
v 46 		-35.5 		12.5
v 42 		-35.5 		12.5
v 42 		-36 		14
v 46 		-36 		14
v 42 		-36 		12.5
v 46 		-36 		12.5
# 8 vertices

g group_206_16089887

usemtl color_16089887
s 0

f 1799 	1801 	1800
f 1801 	1802 	1800
f 1803 	1805 	1804
f 1805 	1806 	1804
f 1803 	1804 	1800
f 1804 	1799 	1800
f 1806 	1805 	1801
f 1805 	1802 	1801
f 1804 	1806 	1799
f 1806 	1801 	1799
f 1800 	1802 	1803
f 1802 	1805 	1803
# 12 faces

 #end of obj_206

o obj_207
v 41.5 		-39.5 		14
v 37.5 		-39.5 		14
v 41.5 		-39.5 		12.5
v 37.5 		-39.5 		12.5
v 37.5 		-40 		14
v 41.5 		-40 		14
v 37.5 		-40 		12.5
v 41.5 		-40 		12.5
# 8 vertices

g group_207_16089887

usemtl color_16089887
s 0

f 1807 	1809 	1808
f 1809 	1810 	1808
f 1811 	1813 	1812
f 1813 	1814 	1812
f 1811 	1812 	1808
f 1812 	1807 	1808
f 1814 	1813 	1809
f 1813 	1810 	1809
f 1812 	1814 	1807
f 1814 	1809 	1807
f 1808 	1810 	1811
f 1810 	1813 	1811
# 12 faces

 #end of obj_207

o obj_208
v 37 		-35.5 		14
v 33 		-35.5 		14
v 37 		-35.5 		12.5
v 33 		-35.5 		12.5
v 33 		-36 		14
v 37 		-36 		14
v 33 		-36 		12.5
v 37 		-36 		12.5
# 8 vertices

g group_208_16089887

usemtl color_16089887
s 0

f 1815 	1817 	1816
f 1817 	1818 	1816
f 1819 	1821 	1820
f 1821 	1822 	1820
f 1819 	1820 	1816
f 1820 	1815 	1816
f 1822 	1821 	1817
f 1821 	1818 	1817
f 1820 	1822 	1815
f 1822 	1817 	1815
f 1816 	1818 	1819
f 1818 	1821 	1819
# 12 faces

 #end of obj_208

o obj_209
v 32.5 		-39.5 		14
v 28.5 		-39.5 		14
v 32.5 		-39.5 		12.5
v 28.5 		-39.5 		12.5
v 28.5 		-40 		14
v 32.5 		-40 		14
v 28.5 		-40 		12.5
v 32.5 		-40 		12.5
# 8 vertices

g group_209_16089887

usemtl color_16089887
s 0

f 1823 	1825 	1824
f 1825 	1826 	1824
f 1827 	1829 	1828
f 1829 	1830 	1828
f 1827 	1828 	1824
f 1828 	1823 	1824
f 1830 	1829 	1825
f 1829 	1826 	1825
f 1828 	1830 	1823
f 1830 	1825 	1823
f 1824 	1826 	1827
f 1826 	1829 	1827
# 12 faces

 #end of obj_209

o obj_210
v 28 		-35.5 		14
v 25 		-35.5 		14
v 28 		-35.5 		12.5
v 25 		-35.5 		12.5
v 25 		-36 		14
v 28 		-36 		14
v 25 		-36 		12.5
v 28 		-36 		12.5
# 8 vertices

g group_210_16089887

usemtl color_16089887
s 0

f 1831 	1833 	1832
f 1833 	1834 	1832
f 1835 	1837 	1836
f 1837 	1838 	1836
f 1835 	1836 	1832
f 1836 	1831 	1832
f 1838 	1837 	1833
f 1837 	1834 	1833
f 1836 	1838 	1831
f 1838 	1833 	1831
f 1832 	1834 	1835
f 1834 	1837 	1835
# 12 faces

 #end of obj_210

o obj_211
v 24 		-39.5 		14
v 20 		-39.5 		14
v 24 		-39.5 		12.5
v 20 		-39.5 		12.5
v 20 		-40 		14
v 24 		-40 		14
v 20 		-40 		12.5
v 24 		-40 		12.5
# 8 vertices

g group_211_16089887

usemtl color_16089887
s 0

f 1839 	1841 	1840
f 1841 	1842 	1840
f 1843 	1845 	1844
f 1845 	1846 	1844
f 1843 	1844 	1840
f 1844 	1839 	1840
f 1846 	1845 	1841
f 1845 	1842 	1841
f 1844 	1846 	1839
f 1846 	1841 	1839
f 1840 	1842 	1843
f 1842 	1845 	1843
# 12 faces

 #end of obj_211

o obj_212
v 19.5 		-35.5 		14
v 15.5 		-35.5 		14
v 19.5 		-35.5 		12.5
v 15.5 		-35.5 		12.5
v 15.5 		-36 		14
v 19.5 		-36 		14
v 15.5 		-36 		12.5
v 19.5 		-36 		12.5
# 8 vertices

g group_212_16089887

usemtl color_16089887
s 0

f 1847 	1849 	1848
f 1849 	1850 	1848
f 1851 	1853 	1852
f 1853 	1854 	1852
f 1851 	1852 	1848
f 1852 	1847 	1848
f 1854 	1853 	1849
f 1853 	1850 	1849
f 1852 	1854 	1847
f 1854 	1849 	1847
f 1848 	1850 	1851
f 1850 	1853 	1851
# 12 faces

 #end of obj_212

o obj_213
v 15 		-39.5 		14
v 11 		-39.5 		14
v 15 		-39.5 		12.5
v 11 		-39.5 		12.5
v 11 		-40 		14
v 15 		-40 		14
v 11 		-40 		12.5
v 15 		-40 		12.5
# 8 vertices

g group_213_16089887

usemtl color_16089887
s 0

f 1855 	1857 	1856
f 1857 	1858 	1856
f 1859 	1861 	1860
f 1861 	1862 	1860
f 1859 	1860 	1856
f 1860 	1855 	1856
f 1862 	1861 	1857
f 1861 	1858 	1857
f 1860 	1862 	1855
f 1862 	1857 	1855
f 1856 	1858 	1859
f 1858 	1861 	1859
# 12 faces

 #end of obj_213

o obj_214
v 10.5 		-35.5 		14
v 6.5 		-35.5 		14
v 10.5 		-35.5 		12.5
v 6.5 		-35.5 		12.5
v 6.5 		-36 		14
v 10.5 		-36 		14
v 6.5 		-36 		12.5
v 10.5 		-36 		12.5
# 8 vertices

g group_214_16089887

usemtl color_16089887
s 0

f 1863 	1865 	1864
f 1865 	1866 	1864
f 1867 	1869 	1868
f 1869 	1870 	1868
f 1867 	1868 	1864
f 1868 	1863 	1864
f 1870 	1869 	1865
f 1869 	1866 	1865
f 1868 	1870 	1863
f 1870 	1865 	1863
f 1864 	1866 	1867
f 1866 	1869 	1867
# 12 faces

 #end of obj_214

o obj_215
v 6 		-39.5 		14
v 2 		-39.5 		14
v 6 		-39.5 		12.5
v 2 		-39.5 		12.5
v 2 		-40 		14
v 6 		-40 		14
v 2 		-40 		12.5
v 6 		-40 		12.5
# 8 vertices

g group_215_16089887

usemtl color_16089887
s 0

f 1871 	1873 	1872
f 1873 	1874 	1872
f 1875 	1877 	1876
f 1877 	1878 	1876
f 1875 	1876 	1872
f 1876 	1871 	1872
f 1878 	1877 	1873
f 1877 	1874 	1873
f 1876 	1878 	1871
f 1878 	1873 	1871
f 1872 	1874 	1875
f 1874 	1877 	1875
# 12 faces

 #end of obj_215

o obj_216
v 1.5 		-35.5 		14
v 0 		-35.5 		14
v 1.5 		-35.5 		12.5
v 0 		-35.5 		12.5
v 0 		-36 		14
v 1.5 		-36 		14
v 0 		-36 		12.5
v 1.5 		-36 		12.5
# 8 vertices

g group_216_16089887

usemtl color_16089887
s 0

f 1879 	1881 	1880
f 1881 	1882 	1880
f 1883 	1885 	1884
f 1885 	1886 	1884
f 1883 	1884 	1880
f 1884 	1879 	1880
f 1886 	1885 	1881
f 1885 	1882 	1881
f 1884 	1886 	1879
f 1886 	1881 	1879
f 1880 	1882 	1883
f 1882 	1885 	1883
# 12 faces

 #end of obj_216

o obj_217
v 98 		-60.5 		17.5
v 94.5 		-60.5 		17.5
v 98 		-60.5 		16
v 94.5 		-60.5 		16
v 94.5 		-61 		17.5
v 98 		-61 		17.5
v 94.5 		-61 		16
v 98 		-61 		16
# 8 vertices

g group_217_16089887

usemtl color_16089887
s 0

f 1887 	1889 	1888
f 1889 	1890 	1888
f 1891 	1893 	1892
f 1893 	1894 	1892
f 1891 	1892 	1888
f 1892 	1887 	1888
f 1894 	1893 	1889
f 1893 	1890 	1889
f 1892 	1894 	1887
f 1894 	1889 	1887
f 1888 	1890 	1891
f 1890 	1893 	1891
# 12 faces

 #end of obj_217

o obj_218
v 94 		-64.5 		17.5
v 90.5 		-64.5 		17.5
v 94 		-64.5 		16
v 90.5 		-64.5 		16
v 90.5 		-65 		17.5
v 94 		-65 		17.5
v 90.5 		-65 		16
v 94 		-65 		16
# 8 vertices

g group_218_16089887

usemtl color_16089887
s 0

f 1895 	1897 	1896
f 1897 	1898 	1896
f 1899 	1901 	1900
f 1901 	1902 	1900
f 1899 	1900 	1896
f 1900 	1895 	1896
f 1902 	1901 	1897
f 1901 	1898 	1897
f 1900 	1902 	1895
f 1902 	1897 	1895
f 1896 	1898 	1899
f 1898 	1901 	1899
# 12 faces

 #end of obj_218

o obj_219
v 89.5 		-60.5 		17.5
v 85.5 		-60.5 		17.5
v 89.5 		-60.5 		16
v 85.5 		-60.5 		16
v 85.5 		-61 		17.5
v 89.5 		-61 		17.5
v 85.5 		-61 		16
v 89.5 		-61 		16
# 8 vertices

g group_219_16089887

usemtl color_16089887
s 0

f 1903 	1905 	1904
f 1905 	1906 	1904
f 1907 	1909 	1908
f 1909 	1910 	1908
f 1907 	1908 	1904
f 1908 	1903 	1904
f 1910 	1909 	1905
f 1909 	1906 	1905
f 1908 	1910 	1903
f 1910 	1905 	1903
f 1904 	1906 	1907
f 1906 	1909 	1907
# 12 faces

 #end of obj_219

o obj_220
v 85 		-64.5 		17.5
v 81 		-64.5 		17.5
v 85 		-64.5 		16
v 81 		-64.5 		16
v 81 		-65 		17.5
v 85 		-65 		17.5
v 81 		-65 		16
v 85 		-65 		16
# 8 vertices

g group_220_16089887

usemtl color_16089887
s 0

f 1911 	1913 	1912
f 1913 	1914 	1912
f 1915 	1917 	1916
f 1917 	1918 	1916
f 1915 	1916 	1912
f 1916 	1911 	1912
f 1918 	1917 	1913
f 1917 	1914 	1913
f 1916 	1918 	1911
f 1918 	1913 	1911
f 1912 	1914 	1915
f 1914 	1917 	1915
# 12 faces

 #end of obj_220

o obj_221
v 80.5 		-60.5 		17.5
v 77.5 		-60.5 		17.5
v 80.5 		-60.5 		16
v 77.5 		-60.5 		16
v 77.5 		-61 		17.5
v 80.5 		-61 		17.5
v 77.5 		-61 		16
v 80.5 		-61 		16
# 8 vertices

g group_221_16089887

usemtl color_16089887
s 0

f 1919 	1921 	1920
f 1921 	1922 	1920
f 1923 	1925 	1924
f 1925 	1926 	1924
f 1923 	1924 	1920
f 1924 	1919 	1920
f 1926 	1925 	1921
f 1925 	1922 	1921
f 1924 	1926 	1919
f 1926 	1921 	1919
f 1920 	1922 	1923
f 1922 	1925 	1923
# 12 faces

 #end of obj_221

o obj_222
v 76.5 		-64.5 		17.5
v 72.5 		-64.5 		17.5
v 76.5 		-64.5 		16
v 72.5 		-64.5 		16
v 72.5 		-65 		17.5
v 76.5 		-65 		17.5
v 72.5 		-65 		16
v 76.5 		-65 		16
# 8 vertices

g group_222_16089887

usemtl color_16089887
s 0

f 1927 	1929 	1928
f 1929 	1930 	1928
f 1931 	1933 	1932
f 1933 	1934 	1932
f 1931 	1932 	1928
f 1932 	1927 	1928
f 1934 	1933 	1929
f 1933 	1930 	1929
f 1932 	1934 	1927
f 1934 	1929 	1927
f 1928 	1930 	1931
f 1930 	1933 	1931
# 12 faces

 #end of obj_222

o obj_223
v 72 		-60.5 		17.5
v 68 		-60.5 		17.5
v 72 		-60.5 		16
v 68 		-60.5 		16
v 68 		-61 		17.5
v 72 		-61 		17.5
v 68 		-61 		16
v 72 		-61 		16
# 8 vertices

g group_223_16089887

usemtl color_16089887
s 0

f 1935 	1937 	1936
f 1937 	1938 	1936
f 1939 	1941 	1940
f 1941 	1942 	1940
f 1939 	1940 	1936
f 1940 	1935 	1936
f 1942 	1941 	1937
f 1941 	1938 	1937
f 1940 	1942 	1935
f 1942 	1937 	1935
f 1936 	1938 	1939
f 1938 	1941 	1939
# 12 faces

 #end of obj_223

o obj_224
v 67.5 		-64.5 		17.5
v 63.5 		-64.5 		17.5
v 67.5 		-64.5 		16
v 63.5 		-64.5 		16
v 63.5 		-65 		17.5
v 67.5 		-65 		17.5
v 63.5 		-65 		16
v 67.5 		-65 		16
# 8 vertices

g group_224_16089887

usemtl color_16089887
s 0

f 1943 	1945 	1944
f 1945 	1946 	1944
f 1947 	1949 	1948
f 1949 	1950 	1948
f 1947 	1948 	1944
f 1948 	1943 	1944
f 1950 	1949 	1945
f 1949 	1946 	1945
f 1948 	1950 	1943
f 1950 	1945 	1943
f 1944 	1946 	1947
f 1946 	1949 	1947
# 12 faces

 #end of obj_224

o obj_225
v 63 		-60.5 		17.5
v 60.5 		-60.5 		17.5
v 63 		-60.5 		16
v 60.5 		-60.5 		16
v 60.5 		-61 		17.5
v 63 		-61 		17.5
v 60.5 		-61 		16
v 63 		-61 		16
# 8 vertices

g group_225_16089887

usemtl color_16089887
s 0

f 1951 	1953 	1952
f 1953 	1954 	1952
f 1955 	1957 	1956
f 1957 	1958 	1956
f 1955 	1956 	1952
f 1956 	1951 	1952
f 1958 	1957 	1953
f 1957 	1954 	1953
f 1956 	1958 	1951
f 1958 	1953 	1951
f 1952 	1954 	1955
f 1954 	1957 	1955
# 12 faces

 #end of obj_225

o obj_226
v 59.5 		-64.5 		14
v 55.5 		-64.5 		14
v 59.5 		-64.5 		12.5
v 55.5 		-64.5 		12.5
v 55.5 		-65 		14
v 59.5 		-65 		14
v 55.5 		-65 		12.5
v 59.5 		-65 		12.5
# 8 vertices

g group_226_16089887

usemtl color_16089887
s 0

f 1959 	1961 	1960
f 1961 	1962 	1960
f 1963 	1965 	1964
f 1965 	1966 	1964
f 1963 	1964 	1960
f 1964 	1959 	1960
f 1966 	1965 	1961
f 1965 	1962 	1961
f 1964 	1966 	1959
f 1966 	1961 	1959
f 1960 	1962 	1963
f 1962 	1965 	1963
# 12 faces

 #end of obj_226

o obj_227
v 55 		-60.5 		14
v 51 		-60.5 		14
v 55 		-60.5 		12.5
v 51 		-60.5 		12.5
v 51 		-61 		14
v 55 		-61 		14
v 51 		-61 		12.5
v 55 		-61 		12.5
# 8 vertices

g group_227_16089887

usemtl color_16089887
s 0

f 1967 	1969 	1968
f 1969 	1970 	1968
f 1971 	1973 	1972
f 1973 	1974 	1972
f 1971 	1972 	1968
f 1972 	1967 	1968
f 1974 	1973 	1969
f 1973 	1970 	1969
f 1972 	1974 	1967
f 1974 	1969 	1967
f 1968 	1970 	1971
f 1970 	1973 	1971
# 12 faces

 #end of obj_227

o obj_228
v 50.5 		-64.5 		14
v 46.5 		-64.5 		14
v 50.5 		-64.5 		12.5
v 46.5 		-64.5 		12.5
v 46.5 		-65 		14
v 50.5 		-65 		14
v 46.5 		-65 		12.5
v 50.5 		-65 		12.5
# 8 vertices

g group_228_16089887

usemtl color_16089887
s 0

f 1975 	1977 	1976
f 1977 	1978 	1976
f 1979 	1981 	1980
f 1981 	1982 	1980
f 1979 	1980 	1976
f 1980 	1975 	1976
f 1982 	1981 	1977
f 1981 	1978 	1977
f 1980 	1982 	1975
f 1982 	1977 	1975
f 1976 	1978 	1979
f 1978 	1981 	1979
# 12 faces

 #end of obj_228

o obj_229
v 46 		-60.5 		14
v 42 		-60.5 		14
v 46 		-60.5 		12.5
v 42 		-60.5 		12.5
v 42 		-61 		14
v 46 		-61 		14
v 42 		-61 		12.5
v 46 		-61 		12.5
# 8 vertices

g group_229_16089887

usemtl color_16089887
s 0

f 1983 	1985 	1984
f 1985 	1986 	1984
f 1987 	1989 	1988
f 1989 	1990 	1988
f 1987 	1988 	1984
f 1988 	1983 	1984
f 1990 	1989 	1985
f 1989 	1986 	1985
f 1988 	1990 	1983
f 1990 	1985 	1983
f 1984 	1986 	1987
f 1986 	1989 	1987
# 12 faces

 #end of obj_229

o obj_230
v 41.5 		-64.5 		14
v 37.5 		-64.5 		14
v 41.5 		-64.5 		12.5
v 37.5 		-64.5 		12.5
v 37.5 		-65 		14
v 41.5 		-65 		14
v 37.5 		-65 		12.5
v 41.5 		-65 		12.5
# 8 vertices

g group_230_16089887

usemtl color_16089887
s 0

f 1991 	1993 	1992
f 1993 	1994 	1992
f 1995 	1997 	1996
f 1997 	1998 	1996
f 1995 	1996 	1992
f 1996 	1991 	1992
f 1998 	1997 	1993
f 1997 	1994 	1993
f 1996 	1998 	1991
f 1998 	1993 	1991
f 1992 	1994 	1995
f 1994 	1997 	1995
# 12 faces

 #end of obj_230

o obj_231
v 37 		-60.5 		14
v 33 		-60.5 		14
v 37 		-60.5 		12.5
v 33 		-60.5 		12.5
v 33 		-61 		14
v 37 		-61 		14
v 33 		-61 		12.5
v 37 		-61 		12.5
# 8 vertices

g group_231_16089887

usemtl color_16089887
s 0

f 1999 	2001 	2000
f 2001 	2002 	2000
f 2003 	2005 	2004
f 2005 	2006 	2004
f 2003 	2004 	2000
f 2004 	1999 	2000
f 2006 	2005 	2001
f 2005 	2002 	2001
f 2004 	2006 	1999
f 2006 	2001 	1999
f 2000 	2002 	2003
f 2002 	2005 	2003
# 12 faces

 #end of obj_231

o obj_232
v 32.5 		-64.5 		14
v 28.5 		-64.5 		14
v 32.5 		-64.5 		12.5
v 28.5 		-64.5 		12.5
v 28.5 		-65 		14
v 32.5 		-65 		14
v 28.5 		-65 		12.5
v 32.5 		-65 		12.5
# 8 vertices

g group_232_16089887

usemtl color_16089887
s 0

f 2007 	2009 	2008
f 2009 	2010 	2008
f 2011 	2013 	2012
f 2013 	2014 	2012
f 2011 	2012 	2008
f 2012 	2007 	2008
f 2014 	2013 	2009
f 2013 	2010 	2009
f 2012 	2014 	2007
f 2014 	2009 	2007
f 2008 	2010 	2011
f 2010 	2013 	2011
# 12 faces

 #end of obj_232

o obj_233
v 28 		-60.5 		14
v 25 		-60.5 		14
v 28 		-60.5 		12.5
v 25 		-60.5 		12.5
v 25 		-61 		14
v 28 		-61 		14
v 25 		-61 		12.5
v 28 		-61 		12.5
# 8 vertices

g group_233_16089887

usemtl color_16089887
s 0

f 2015 	2017 	2016
f 2017 	2018 	2016
f 2019 	2021 	2020
f 2021 	2022 	2020
f 2019 	2020 	2016
f 2020 	2015 	2016
f 2022 	2021 	2017
f 2021 	2018 	2017
f 2020 	2022 	2015
f 2022 	2017 	2015
f 2016 	2018 	2019
f 2018 	2021 	2019
# 12 faces

 #end of obj_233

o obj_234
v 24 		-64.5 		14
v 20 		-64.5 		14
v 24 		-64.5 		12.5
v 20 		-64.5 		12.5
v 20 		-65 		14
v 24 		-65 		14
v 20 		-65 		12.5
v 24 		-65 		12.5
# 8 vertices

g group_234_16089887

usemtl color_16089887
s 0

f 2023 	2025 	2024
f 2025 	2026 	2024
f 2027 	2029 	2028
f 2029 	2030 	2028
f 2027 	2028 	2024
f 2028 	2023 	2024
f 2030 	2029 	2025
f 2029 	2026 	2025
f 2028 	2030 	2023
f 2030 	2025 	2023
f 2024 	2026 	2027
f 2026 	2029 	2027
# 12 faces

 #end of obj_234

o obj_235
v 19.5 		-60.5 		14
v 15.5 		-60.5 		14
v 19.5 		-60.5 		12.5
v 15.5 		-60.5 		12.5
v 15.5 		-61 		14
v 19.5 		-61 		14
v 15.5 		-61 		12.5
v 19.5 		-61 		12.5
# 8 vertices

g group_235_16089887

usemtl color_16089887
s 0

f 2031 	2033 	2032
f 2033 	2034 	2032
f 2035 	2037 	2036
f 2037 	2038 	2036
f 2035 	2036 	2032
f 2036 	2031 	2032
f 2038 	2037 	2033
f 2037 	2034 	2033
f 2036 	2038 	2031
f 2038 	2033 	2031
f 2032 	2034 	2035
f 2034 	2037 	2035
# 12 faces

 #end of obj_235

o obj_236
v 15 		-64.5 		14
v 11 		-64.5 		14
v 15 		-64.5 		12.5
v 11 		-64.5 		12.5
v 11 		-65 		14
v 15 		-65 		14
v 11 		-65 		12.5
v 15 		-65 		12.5
# 8 vertices

g group_236_16089887

usemtl color_16089887
s 0

f 2039 	2041 	2040
f 2041 	2042 	2040
f 2043 	2045 	2044
f 2045 	2046 	2044
f 2043 	2044 	2040
f 2044 	2039 	2040
f 2046 	2045 	2041
f 2045 	2042 	2041
f 2044 	2046 	2039
f 2046 	2041 	2039
f 2040 	2042 	2043
f 2042 	2045 	2043
# 12 faces

 #end of obj_236

o obj_237
v 10.5 		-60.5 		14
v 6.5 		-60.5 		14
v 10.5 		-60.5 		12.5
v 6.5 		-60.5 		12.5
v 6.5 		-61 		14
v 10.5 		-61 		14
v 6.5 		-61 		12.5
v 10.5 		-61 		12.5
# 8 vertices

g group_237_16089887

usemtl color_16089887
s 0

f 2047 	2049 	2048
f 2049 	2050 	2048
f 2051 	2053 	2052
f 2053 	2054 	2052
f 2051 	2052 	2048
f 2052 	2047 	2048
f 2054 	2053 	2049
f 2053 	2050 	2049
f 2052 	2054 	2047
f 2054 	2049 	2047
f 2048 	2050 	2051
f 2050 	2053 	2051
# 12 faces

 #end of obj_237

o obj_238
v 6 		-64.5 		14
v 2 		-64.5 		14
v 6 		-64.5 		12.5
v 2 		-64.5 		12.5
v 2 		-65 		14
v 6 		-65 		14
v 2 		-65 		12.5
v 6 		-65 		12.5
# 8 vertices

g group_238_16089887

usemtl color_16089887
s 0

f 2055 	2057 	2056
f 2057 	2058 	2056
f 2059 	2061 	2060
f 2061 	2062 	2060
f 2059 	2060 	2056
f 2060 	2055 	2056
f 2062 	2061 	2057
f 2061 	2058 	2057
f 2060 	2062 	2055
f 2062 	2057 	2055
f 2056 	2058 	2059
f 2058 	2061 	2059
# 12 faces

 #end of obj_238

o obj_239
v 1.5 		-60.5 		14
v 0 		-60.5 		14
v 1.5 		-60.5 		12.5
v 0 		-60.5 		12.5
v 0 		-61 		14
v 1.5 		-61 		14
v 0 		-61 		12.5
v 1.5 		-61 		12.5
# 8 vertices

g group_239_16089887

usemtl color_16089887
s 0

f 2063 	2065 	2064
f 2065 	2066 	2064
f 2067 	2069 	2068
f 2069 	2070 	2068
f 2067 	2068 	2064
f 2068 	2063 	2064
f 2070 	2069 	2065
f 2069 	2066 	2065
f 2068 	2070 	2063
f 2070 	2065 	2063
f 2064 	2066 	2067
f 2066 	2069 	2067
# 12 faces

 #end of obj_239

o obj_240
v 98 		-85.5 		17.5
v 94.5 		-85.5 		17.5
v 98 		-85.5 		16
v 94.5 		-85.5 		16
v 94.5 		-86 		17.5
v 98 		-86 		17.5
v 94.5 		-86 		16
v 98 		-86 		16
# 8 vertices

g group_240_16089887

usemtl color_16089887
s 0

f 2071 	2073 	2072
f 2073 	2074 	2072
f 2075 	2077 	2076
f 2077 	2078 	2076
f 2075 	2076 	2072
f 2076 	2071 	2072
f 2078 	2077 	2073
f 2077 	2074 	2073
f 2076 	2078 	2071
f 2078 	2073 	2071
f 2072 	2074 	2075
f 2074 	2077 	2075
# 12 faces

 #end of obj_240

o obj_241
v 94 		-89.5 		17.5
v 90 		-89.5 		17.5
v 94 		-89.5 		16
v 90 		-89.5 		16
v 90 		-90 		17.5
v 94 		-90 		17.5
v 90 		-90 		16
v 94 		-90 		16
# 8 vertices

g group_241_16089887

usemtl color_16089887
s 0

f 2079 	2081 	2080
f 2081 	2082 	2080
f 2083 	2085 	2084
f 2085 	2086 	2084
f 2083 	2084 	2080
f 2084 	2079 	2080
f 2086 	2085 	2081
f 2085 	2082 	2081
f 2084 	2086 	2079
f 2086 	2081 	2079
f 2080 	2082 	2083
f 2082 	2085 	2083
# 12 faces

 #end of obj_241

o obj_242
v 89.5 		-85.5 		17.5
v 85.5 		-85.5 		17.5
v 89.5 		-85.5 		16
v 85.5 		-85.5 		16
v 85.5 		-86 		17.5
v 89.5 		-86 		17.5
v 85.5 		-86 		16
v 89.5 		-86 		16
# 8 vertices

g group_242_16089887

usemtl color_16089887
s 0

f 2087 	2089 	2088
f 2089 	2090 	2088
f 2091 	2093 	2092
f 2093 	2094 	2092
f 2091 	2092 	2088
f 2092 	2087 	2088
f 2094 	2093 	2089
f 2093 	2090 	2089
f 2092 	2094 	2087
f 2094 	2089 	2087
f 2088 	2090 	2091
f 2090 	2093 	2091
# 12 faces

 #end of obj_242

o obj_243
v 85 		-89.5 		17.5
v 81 		-89.5 		17.5
v 85 		-89.5 		16
v 81 		-89.5 		16
v 81 		-90 		17.5
v 85 		-90 		17.5
v 81 		-90 		16
v 85 		-90 		16
# 8 vertices

g group_243_16089887

usemtl color_16089887
s 0

f 2095 	2097 	2096
f 2097 	2098 	2096
f 2099 	2101 	2100
f 2101 	2102 	2100
f 2099 	2100 	2096
f 2100 	2095 	2096
f 2102 	2101 	2097
f 2101 	2098 	2097
f 2100 	2102 	2095
f 2102 	2097 	2095
f 2096 	2098 	2099
f 2098 	2101 	2099
# 12 faces

 #end of obj_243

o obj_244
v 80.5 		-85.5 		17.5
v 77.5 		-85.5 		17.5
v 80.5 		-85.5 		16
v 77.5 		-85.5 		16
v 77.5 		-86 		17.5
v 80.5 		-86 		17.5
v 77.5 		-86 		16
v 80.5 		-86 		16
# 8 vertices

g group_244_16089887

usemtl color_16089887
s 0

f 2103 	2105 	2104
f 2105 	2106 	2104
f 2107 	2109 	2108
f 2109 	2110 	2108
f 2107 	2108 	2104
f 2108 	2103 	2104
f 2110 	2109 	2105
f 2109 	2106 	2105
f 2108 	2110 	2103
f 2110 	2105 	2103
f 2104 	2106 	2107
f 2106 	2109 	2107
# 12 faces

 #end of obj_244

o obj_245
v 76.5 		-89.5 		17.5
v 72.5 		-89.5 		17.5
v 76.5 		-89.5 		16
v 72.5 		-89.5 		16
v 72.5 		-90 		17.5
v 76.5 		-90 		17.5
v 72.5 		-90 		16
v 76.5 		-90 		16
# 8 vertices

g group_245_16089887

usemtl color_16089887
s 0

f 2111 	2113 	2112
f 2113 	2114 	2112
f 2115 	2117 	2116
f 2117 	2118 	2116
f 2115 	2116 	2112
f 2116 	2111 	2112
f 2118 	2117 	2113
f 2117 	2114 	2113
f 2116 	2118 	2111
f 2118 	2113 	2111
f 2112 	2114 	2115
f 2114 	2117 	2115
# 12 faces

 #end of obj_245

o obj_246
v 72 		-85.5 		17.5
v 68 		-85.5 		17.5
v 72 		-85.5 		16
v 68 		-85.5 		16
v 68 		-86 		17.5
v 72 		-86 		17.5
v 68 		-86 		16
v 72 		-86 		16
# 8 vertices

g group_246_16089887

usemtl color_16089887
s 0

f 2119 	2121 	2120
f 2121 	2122 	2120
f 2123 	2125 	2124
f 2125 	2126 	2124
f 2123 	2124 	2120
f 2124 	2119 	2120
f 2126 	2125 	2121
f 2125 	2122 	2121
f 2124 	2126 	2119
f 2126 	2121 	2119
f 2120 	2122 	2123
f 2122 	2125 	2123
# 12 faces

 #end of obj_246

o obj_247
v 67.5 		-89.5 		17.5
v 63.5 		-89.5 		17.5
v 67.5 		-89.5 		16
v 63.5 		-89.5 		16
v 63.5 		-90 		17.5
v 67.5 		-90 		17.5
v 63.5 		-90 		16
v 67.5 		-90 		16
# 8 vertices

g group_247_16089887

usemtl color_16089887
s 0

f 2127 	2129 	2128
f 2129 	2130 	2128
f 2131 	2133 	2132
f 2133 	2134 	2132
f 2131 	2132 	2128
f 2132 	2127 	2128
f 2134 	2133 	2129
f 2133 	2130 	2129
f 2132 	2134 	2127
f 2134 	2129 	2127
f 2128 	2130 	2131
f 2130 	2133 	2131
# 12 faces

 #end of obj_247

o obj_248
v 63 		-85.5 		17.5
v 60.5 		-85.5 		17.5
v 63 		-85.5 		16
v 60.5 		-85.5 		16
v 60.5 		-86 		17.5
v 63 		-86 		17.5
v 60.5 		-86 		16
v 63 		-86 		16
# 8 vertices

g group_248_16089887

usemtl color_16089887
s 0

f 2135 	2137 	2136
f 2137 	2138 	2136
f 2139 	2141 	2140
f 2141 	2142 	2140
f 2139 	2140 	2136
f 2140 	2135 	2136
f 2142 	2141 	2137
f 2141 	2138 	2137
f 2140 	2142 	2135
f 2142 	2137 	2135
f 2136 	2138 	2139
f 2138 	2141 	2139
# 12 faces

 #end of obj_248

o obj_249
v 59.5 		-89.5 		14
v 55.5 		-89.5 		14
v 59.5 		-89.5 		12.5
v 55.5 		-89.5 		12.5
v 55.5 		-90 		14
v 59.5 		-90 		14
v 55.5 		-90 		12.5
v 59.5 		-90 		12.5
# 8 vertices

g group_249_16089887

usemtl color_16089887
s 0

f 2143 	2145 	2144
f 2145 	2146 	2144
f 2147 	2149 	2148
f 2149 	2150 	2148
f 2147 	2148 	2144
f 2148 	2143 	2144
f 2150 	2149 	2145
f 2149 	2146 	2145
f 2148 	2150 	2143
f 2150 	2145 	2143
f 2144 	2146 	2147
f 2146 	2149 	2147
# 12 faces

 #end of obj_249

o obj_250
v 55 		-85.5 		14
v 51 		-85.5 		14
v 55 		-85.5 		12.5
v 51 		-85.5 		12.5
v 51 		-86 		14
v 55 		-86 		14
v 51 		-86 		12.5
v 55 		-86 		12.5
# 8 vertices

g group_250_16089887

usemtl color_16089887
s 0

f 2151 	2153 	2152
f 2153 	2154 	2152
f 2155 	2157 	2156
f 2157 	2158 	2156
f 2155 	2156 	2152
f 2156 	2151 	2152
f 2158 	2157 	2153
f 2157 	2154 	2153
f 2156 	2158 	2151
f 2158 	2153 	2151
f 2152 	2154 	2155
f 2154 	2157 	2155
# 12 faces

 #end of obj_250

o obj_251
v 50.5 		-89.5 		14
v 46.5 		-89.5 		14
v 50.5 		-89.5 		12.5
v 46.5 		-89.5 		12.5
v 46.5 		-90 		14
v 50.5 		-90 		14
v 46.5 		-90 		12.5
v 50.5 		-90 		12.5
# 8 vertices

g group_251_16089887

usemtl color_16089887
s 0

f 2159 	2161 	2160
f 2161 	2162 	2160
f 2163 	2165 	2164
f 2165 	2166 	2164
f 2163 	2164 	2160
f 2164 	2159 	2160
f 2166 	2165 	2161
f 2165 	2162 	2161
f 2164 	2166 	2159
f 2166 	2161 	2159
f 2160 	2162 	2163
f 2162 	2165 	2163
# 12 faces

 #end of obj_251

o obj_252
v 46 		-85.5 		14
v 42 		-85.5 		14
v 46 		-85.5 		12.5
v 42 		-85.5 		12.5
v 42 		-86 		14
v 46 		-86 		14
v 42 		-86 		12.5
v 46 		-86 		12.5
# 8 vertices

g group_252_16089887

usemtl color_16089887
s 0

f 2167 	2169 	2168
f 2169 	2170 	2168
f 2171 	2173 	2172
f 2173 	2174 	2172
f 2171 	2172 	2168
f 2172 	2167 	2168
f 2174 	2173 	2169
f 2173 	2170 	2169
f 2172 	2174 	2167
f 2174 	2169 	2167
f 2168 	2170 	2171
f 2170 	2173 	2171
# 12 faces

 #end of obj_252

o obj_253
v 41.5 		-89.5 		14
v 37.5 		-89.5 		14
v 41.5 		-89.5 		12.5
v 37.5 		-89.5 		12.5
v 37.5 		-90 		14
v 41.5 		-90 		14
v 37.5 		-90 		12.5
v 41.5 		-90 		12.5
# 8 vertices

g group_253_16089887

usemtl color_16089887
s 0

f 2175 	2177 	2176
f 2177 	2178 	2176
f 2179 	2181 	2180
f 2181 	2182 	2180
f 2179 	2180 	2176
f 2180 	2175 	2176
f 2182 	2181 	2177
f 2181 	2178 	2177
f 2180 	2182 	2175
f 2182 	2177 	2175
f 2176 	2178 	2179
f 2178 	2181 	2179
# 12 faces

 #end of obj_253

o obj_254
v 37 		-85.5 		14
v 33 		-85.5 		14
v 37 		-85.5 		12.5
v 33 		-85.5 		12.5
v 33 		-86 		14
v 37 		-86 		14
v 33 		-86 		12.5
v 37 		-86 		12.5
# 8 vertices

g group_254_16089887

usemtl color_16089887
s 0

f 2183 	2185 	2184
f 2185 	2186 	2184
f 2187 	2189 	2188
f 2189 	2190 	2188
f 2187 	2188 	2184
f 2188 	2183 	2184
f 2190 	2189 	2185
f 2189 	2186 	2185
f 2188 	2190 	2183
f 2190 	2185 	2183
f 2184 	2186 	2187
f 2186 	2189 	2187
# 12 faces

 #end of obj_254

o obj_255
v 32.5 		-89.5 		14
v 28.5 		-89.5 		14
v 32.5 		-89.5 		12.5
v 28.5 		-89.5 		12.5
v 28.5 		-90 		14
v 32.5 		-90 		14
v 28.5 		-90 		12.5
v 32.5 		-90 		12.5
# 8 vertices

g group_255_16089887

usemtl color_16089887
s 0

f 2191 	2193 	2192
f 2193 	2194 	2192
f 2195 	2197 	2196
f 2197 	2198 	2196
f 2195 	2196 	2192
f 2196 	2191 	2192
f 2198 	2197 	2193
f 2197 	2194 	2193
f 2196 	2198 	2191
f 2198 	2193 	2191
f 2192 	2194 	2195
f 2194 	2197 	2195
# 12 faces

 #end of obj_255

o obj_256
v 28 		-85.5 		14
v 25 		-85.5 		14
v 28 		-85.5 		12.5
v 25 		-85.5 		12.5
v 25 		-86 		14
v 28 		-86 		14
v 25 		-86 		12.5
v 28 		-86 		12.5
# 8 vertices

g group_256_16089887

usemtl color_16089887
s 0

f 2199 	2201 	2200
f 2201 	2202 	2200
f 2203 	2205 	2204
f 2205 	2206 	2204
f 2203 	2204 	2200
f 2204 	2199 	2200
f 2206 	2205 	2201
f 2205 	2202 	2201
f 2204 	2206 	2199
f 2206 	2201 	2199
f 2200 	2202 	2203
f 2202 	2205 	2203
# 12 faces

 #end of obj_256

o obj_257
v 24 		-89.5 		14
v 20 		-89.5 		14
v 24 		-89.5 		12.5
v 20 		-89.5 		12.5
v 20 		-90 		14
v 24 		-90 		14
v 20 		-90 		12.5
v 24 		-90 		12.5
# 8 vertices

g group_257_16089887

usemtl color_16089887
s 0

f 2207 	2209 	2208
f 2209 	2210 	2208
f 2211 	2213 	2212
f 2213 	2214 	2212
f 2211 	2212 	2208
f 2212 	2207 	2208
f 2214 	2213 	2209
f 2213 	2210 	2209
f 2212 	2214 	2207
f 2214 	2209 	2207
f 2208 	2210 	2211
f 2210 	2213 	2211
# 12 faces

 #end of obj_257

o obj_258
v 19.5 		-85.5 		14
v 15.5 		-85.5 		14
v 19.5 		-85.5 		12.5
v 15.5 		-85.5 		12.5
v 15.5 		-86 		14
v 19.5 		-86 		14
v 15.5 		-86 		12.5
v 19.5 		-86 		12.5
# 8 vertices

g group_258_16089887

usemtl color_16089887
s 0

f 2215 	2217 	2216
f 2217 	2218 	2216
f 2219 	2221 	2220
f 2221 	2222 	2220
f 2219 	2220 	2216
f 2220 	2215 	2216
f 2222 	2221 	2217
f 2221 	2218 	2217
f 2220 	2222 	2215
f 2222 	2217 	2215
f 2216 	2218 	2219
f 2218 	2221 	2219
# 12 faces

 #end of obj_258

o obj_259
v 15 		-89.5 		14
v 11 		-89.5 		14
v 15 		-89.5 		12.5
v 11 		-89.5 		12.5
v 11 		-90 		14
v 15 		-90 		14
v 11 		-90 		12.5
v 15 		-90 		12.5
# 8 vertices

g group_259_16089887

usemtl color_16089887
s 0

f 2223 	2225 	2224
f 2225 	2226 	2224
f 2227 	2229 	2228
f 2229 	2230 	2228
f 2227 	2228 	2224
f 2228 	2223 	2224
f 2230 	2229 	2225
f 2229 	2226 	2225
f 2228 	2230 	2223
f 2230 	2225 	2223
f 2224 	2226 	2227
f 2226 	2229 	2227
# 12 faces

 #end of obj_259

o obj_260
v 10.5 		-85.5 		14
v 6.5 		-85.5 		14
v 10.5 		-85.5 		12.5
v 6.5 		-85.5 		12.5
v 6.5 		-86 		14
v 10.5 		-86 		14
v 6.5 		-86 		12.5
v 10.5 		-86 		12.5
# 8 vertices

g group_260_16089887

usemtl color_16089887
s 0

f 2231 	2233 	2232
f 2233 	2234 	2232
f 2235 	2237 	2236
f 2237 	2238 	2236
f 2235 	2236 	2232
f 2236 	2231 	2232
f 2238 	2237 	2233
f 2237 	2234 	2233
f 2236 	2238 	2231
f 2238 	2233 	2231
f 2232 	2234 	2235
f 2234 	2237 	2235
# 12 faces

 #end of obj_260

o obj_261
v 6 		-89.5 		14
v 2 		-89.5 		14
v 6 		-89.5 		12.5
v 2 		-89.5 		12.5
v 2 		-90 		14
v 6 		-90 		14
v 2 		-90 		12.5
v 6 		-90 		12.5
# 8 vertices

g group_261_16089887

usemtl color_16089887
s 0

f 2239 	2241 	2240
f 2241 	2242 	2240
f 2243 	2245 	2244
f 2245 	2246 	2244
f 2243 	2244 	2240
f 2244 	2239 	2240
f 2246 	2245 	2241
f 2245 	2242 	2241
f 2244 	2246 	2239
f 2246 	2241 	2239
f 2240 	2242 	2243
f 2242 	2245 	2243
# 12 faces

 #end of obj_261

o obj_262
v 1.5 		-85.5 		14
v 0 		-85.5 		14
v 1.5 		-85.5 		12.5
v 0 		-85.5 		12.5
v 0 		-86 		14
v 1.5 		-86 		14
v 0 		-86 		12.5
v 1.5 		-86 		12.5
# 8 vertices

g group_262_16089887

usemtl color_16089887
s 0

f 2247 	2249 	2248
f 2249 	2250 	2248
f 2251 	2253 	2252
f 2253 	2254 	2252
f 2251 	2252 	2248
f 2252 	2247 	2248
f 2254 	2253 	2249
f 2253 	2250 	2249
f 2252 	2254 	2247
f 2254 	2249 	2247
f 2248 	2250 	2251
f 2250 	2253 	2251
# 12 faces

 #end of obj_262

o obj_263
v 76 		0 		45
v 76 		1 		45
v 76 		0 		42.5
v 76 		1 		42.5
v 61 		1 		45
v 61 		0 		45
v 61 		1 		42.5
v 61 		0 		42.5
# 8 vertices

g group_263_4634441

usemtl color_4634441
s 0

f 2255 	2257 	2256
f 2257 	2258 	2256
f 2259 	2261 	2260
f 2261 	2262 	2260
f 2259 	2260 	2256
f 2260 	2255 	2256
f 2262 	2261 	2257
f 2261 	2258 	2257
f 2260 	2262 	2255
f 2262 	2257 	2255
f 2256 	2258 	2259
f 2258 	2261 	2259
# 12 faces

 #end of obj_263

o obj_264
v 59 		0 		45
v 59 		1 		45
v 59 		0 		42.5
v 59 		1 		42.5
v 26 		1 		45
v 26 		0 		45
v 26 		1 		42.5
v 26 		0 		42.5
# 8 vertices

g group_264_4634441

usemtl color_4634441
s 0

f 2263 	2265 	2264
f 2265 	2266 	2264
f 2267 	2269 	2268
f 2269 	2270 	2268
f 2267 	2268 	2264
f 2268 	2263 	2264
f 2270 	2269 	2265
f 2269 	2266 	2265
f 2268 	2270 	2263
f 2270 	2265 	2263
f 2264 	2266 	2267
f 2266 	2269 	2267
# 12 faces

 #end of obj_264

o obj_265
v 97 		-25.5 		45
v 97 		-24.5 		45
v 97 		-25.5 		42.5
v 97 		-24.5 		42.5
v 78 		-24.5 		45
v 78 		-25.5 		45
v 78 		-24.5 		42.5
v 78 		-25.5 		42.5
# 8 vertices

g group_265_4634441

usemtl color_4634441
s 0

f 2271 	2273 	2272
f 2273 	2274 	2272
f 2275 	2277 	2276
f 2277 	2278 	2276
f 2275 	2276 	2272
f 2276 	2271 	2272
f 2278 	2277 	2273
f 2277 	2274 	2273
f 2276 	2278 	2271
f 2278 	2273 	2271
f 2272 	2274 	2275
f 2274 	2277 	2275
# 12 faces

 #end of obj_265

o obj_266
v 59 		-25.5 		45
v 59 		-24.5 		45
v 59 		-25.5 		42.5
v 59 		-24.5 		42.5
v 26 		-24.5 		45
v 26 		-25.5 		45
v 26 		-24.5 		42.5
v 26 		-25.5 		42.5
# 8 vertices

g group_266_4634441

usemtl color_4634441
s 0

f 2279 	2281 	2280
f 2281 	2282 	2280
f 2283 	2285 	2284
f 2285 	2286 	2284
f 2283 	2284 	2280
f 2284 	2279 	2280
f 2286 	2285 	2281
f 2285 	2282 	2281
f 2284 	2286 	2279
f 2286 	2281 	2279
f 2280 	2282 	2283
f 2282 	2285 	2283
# 12 faces

 #end of obj_266

o obj_267
v 76 		-25.5 		45
v 76 		-24.5 		45
v 76 		-25.5 		42.5
v 76 		-24.5 		42.5
v 61 		-24.5 		45
v 61 		-25.5 		45
v 61 		-24.5 		42.5
v 61 		-25.5 		42.5
# 8 vertices

g group_267_4634441

usemtl color_4634441
s 0

f 2287 	2289 	2288
f 2289 	2290 	2288
f 2291 	2293 	2292
f 2293 	2294 	2292
f 2291 	2292 	2288
f 2292 	2287 	2288
f 2294 	2293 	2289
f 2293 	2290 	2289
f 2292 	2294 	2287
f 2294 	2289 	2287
f 2288 	2290 	2291
f 2290 	2293 	2291
# 12 faces

 #end of obj_267

o obj_268
v 97 		-75.5 		45
v 97 		-74.5 		45
v 97 		-75.5 		42.5
v 97 		-74.5 		42.5
v 78 		-74.5 		45
v 78 		-75.5 		45
v 78 		-74.5 		42.5
v 78 		-75.5 		42.5
# 8 vertices

g group_268_4634441

usemtl color_4634441
s 0

f 2295 	2297 	2296
f 2297 	2298 	2296
f 2299 	2301 	2300
f 2301 	2302 	2300
f 2299 	2300 	2296
f 2300 	2295 	2296
f 2302 	2301 	2297
f 2301 	2298 	2297
f 2300 	2302 	2295
f 2302 	2297 	2295
f 2296 	2298 	2299
f 2298 	2301 	2299
# 12 faces

 #end of obj_268

o obj_269
v 59 		-75.5 		45
v 59 		-74.5 		45
v 59 		-75.5 		42.5
v 59 		-74.5 		42.5
v 26 		-74.5 		45
v 26 		-75.5 		45
v 26 		-74.5 		42.5
v 26 		-75.5 		42.5
# 8 vertices

g group_269_4634441

usemtl color_4634441
s 0

f 2303 	2305 	2304
f 2305 	2306 	2304
f 2307 	2309 	2308
f 2309 	2310 	2308
f 2307 	2308 	2304
f 2308 	2303 	2304
f 2310 	2309 	2305
f 2309 	2306 	2305
f 2308 	2310 	2303
f 2310 	2305 	2303
f 2304 	2306 	2307
f 2306 	2309 	2307
# 12 faces

 #end of obj_269

o obj_270
v 76 		-75.5 		45
v 76 		-74.5 		45
v 76 		-75.5 		42.5
v 76 		-74.5 		42.5
v 61 		-74.5 		45
v 61 		-75.5 		45
v 61 		-74.5 		42.5
v 61 		-75.5 		42.5
# 8 vertices

g group_270_4634441

usemtl color_4634441
s 0

f 2311 	2313 	2312
f 2313 	2314 	2312
f 2315 	2317 	2316
f 2317 	2318 	2316
f 2315 	2316 	2312
f 2316 	2311 	2312
f 2318 	2317 	2313
f 2317 	2314 	2313
f 2316 	2318 	2311
f 2318 	2313 	2311
f 2312 	2314 	2315
f 2314 	2317 	2315
# 12 faces

 #end of obj_270

o obj_271
v 97 		-101 		45
v 97 		-100 		45
v 97 		-101 		42.5
v 97 		-100 		42.5
v 78 		-100 		45
v 78 		-101 		45
v 78 		-100 		42.5
v 78 		-101 		42.5
# 8 vertices

g group_271_4634441

usemtl color_4634441
s 0

f 2319 	2321 	2320
f 2321 	2322 	2320
f 2323 	2325 	2324
f 2325 	2326 	2324
f 2323 	2324 	2320
f 2324 	2319 	2320
f 2326 	2325 	2321
f 2325 	2322 	2321
f 2324 	2326 	2319
f 2326 	2321 	2319
f 2320 	2322 	2323
f 2322 	2325 	2323
# 12 faces

 #end of obj_271

o obj_272
v 59 		-101 		45
v 59 		-100 		45
v 59 		-101 		42.5
v 59 		-100 		42.5
v 26 		-100 		45
v 26 		-101 		45
v 26 		-100 		42.5
v 26 		-101 		42.5
# 8 vertices

g group_272_4634441

usemtl color_4634441
s 0

f 2327 	2329 	2328
f 2329 	2330 	2328
f 2331 	2333 	2332
f 2333 	2334 	2332
f 2331 	2332 	2328
f 2332 	2327 	2328
f 2334 	2333 	2329
f 2333 	2330 	2329
f 2332 	2334 	2327
f 2334 	2329 	2327
f 2328 	2330 	2331
f 2330 	2333 	2331
# 12 faces

 #end of obj_272

o obj_273
v 76 		-101 		45
v 76 		-100 		45
v 76 		-101 		42.5
v 76 		-100 		42.5
v 61 		-100 		45
v 61 		-101 		45
v 61 		-100 		42.5
v 61 		-101 		42.5
# 8 vertices

g group_273_4634441

usemtl color_4634441
s 0

f 2335 	2337 	2336
f 2337 	2338 	2336
f 2339 	2341 	2340
f 2341 	2342 	2340
f 2339 	2340 	2336
f 2340 	2335 	2336
f 2342 	2341 	2337
f 2341 	2338 	2337
f 2340 	2342 	2335
f 2342 	2337 	2335
f 2336 	2338 	2339
f 2338 	2341 	2339
# 12 faces

 #end of obj_273

o obj_274
v 59 		-50.5 		45
v 59 		-49.5 		45
v 59 		-50.5 		42.5
v 59 		-49.5 		42.5
v 26 		-49.5 		45
v 26 		-50.5 		45
v 26 		-49.5 		42.5
v 26 		-50.5 		42.5
# 8 vertices

g group_274_4634441

usemtl color_4634441
s 0

f 2343 	2345 	2344
f 2345 	2346 	2344
f 2347 	2349 	2348
f 2349 	2350 	2348
f 2347 	2348 	2344
f 2348 	2343 	2344
f 2350 	2349 	2345
f 2349 	2346 	2345
f 2348 	2350 	2343
f 2350 	2345 	2343
f 2344 	2346 	2347
f 2346 	2349 	2347
# 12 faces

 #end of obj_274

o obj_275
v 76 		-50.5 		45
v 76 		-49.5 		45
v 76 		-50.5 		42.5
v 76 		-49.5 		42.5
v 61 		-49.5 		45
v 61 		-50.5 		45
v 61 		-49.5 		42.5
v 61 		-50.5 		42.5
# 8 vertices

g group_275_4634441

usemtl color_4634441
s 0

f 2351 	2353 	2352
f 2353 	2354 	2352
f 2355 	2357 	2356
f 2357 	2358 	2356
f 2355 	2356 	2352
f 2356 	2351 	2352
f 2358 	2357 	2353
f 2357 	2354 	2353
f 2356 	2358 	2351
f 2358 	2353 	2351
f 2352 	2354 	2355
f 2354 	2357 	2355
# 12 faces

 #end of obj_275

o obj_276
v 99 		-1 		45
v 98 		-1 		45
v 99 		-1 		42.5
v 98 		-1 		42.5
v 98 		-24 		45
v 99 		-24 		45
v 98 		-24 		42.5
v 99 		-24 		42.5
# 8 vertices

g group_276_4634441

usemtl color_4634441
s 0

f 2359 	2361 	2360
f 2361 	2362 	2360
f 2363 	2365 	2364
f 2365 	2366 	2364
f 2363 	2364 	2360
f 2364 	2359 	2360
f 2366 	2365 	2361
f 2365 	2362 	2361
f 2364 	2366 	2359
f 2366 	2361 	2359
f 2360 	2362 	2363
f 2362 	2365 	2363
# 12 faces

 #end of obj_276

o obj_277
v 77.5 		-1 		45
v 76.5 		-1 		45
v 77.5 		-1 		42.5
v 76.5 		-1 		42.5
v 76.5 		-24 		45
v 77.5 		-24 		45
v 76.5 		-24 		42.5
v 77.5 		-24 		42.5
# 8 vertices

g group_277_4634441

usemtl color_4634441
s 0

f 2367 	2369 	2368
f 2369 	2370 	2368
f 2371 	2373 	2372
f 2373 	2374 	2372
f 2371 	2372 	2368
f 2372 	2367 	2368
f 2374 	2373 	2369
f 2373 	2370 	2369
f 2372 	2374 	2367
f 2374 	2369 	2367
f 2368 	2370 	2371
f 2370 	2373 	2371
# 12 faces

 #end of obj_277

o obj_278
v 60.5 		-1 		45
v 59.5 		-1 		45
v 60.5 		-1 		42.5
v 59.5 		-1 		42.5
v 59.5 		-24 		45
v 60.5 		-24 		45
v 59.5 		-24 		42.5
v 60.5 		-24 		42.5
# 8 vertices

g group_278_4634441

usemtl color_4634441
s 0

f 2375 	2377 	2376
f 2377 	2378 	2376
f 2379 	2381 	2380
f 2381 	2382 	2380
f 2379 	2380 	2376
f 2380 	2375 	2376
f 2382 	2381 	2377
f 2381 	2378 	2377
f 2380 	2382 	2375
f 2382 	2377 	2375
f 2376 	2378 	2379
f 2378 	2381 	2379
# 12 faces

 #end of obj_278

o obj_279
v 25 		-1 		45
v 24 		-1 		45
v 25 		-1 		42.5
v 24 		-1 		42.5
v 24 		-24 		45
v 25 		-24 		45
v 24 		-24 		42.5
v 25 		-24 		42.5
# 8 vertices

g group_279_4634441

usemtl color_4634441
s 0

f 2383 	2385 	2384
f 2385 	2386 	2384
f 2387 	2389 	2388
f 2389 	2390 	2388
f 2387 	2388 	2384
f 2388 	2383 	2384
f 2390 	2389 	2385
f 2389 	2386 	2385
f 2388 	2390 	2383
f 2390 	2385 	2383
f 2384 	2386 	2387
f 2386 	2389 	2387
# 12 faces

 #end of obj_279

o obj_280
v 77.5 		-26 		45
v 76.5 		-26 		45
v 77.5 		-26 		42.5
v 76.5 		-26 		42.5
v 76.5 		-49 		45
v 77.5 		-49 		45
v 76.5 		-49 		42.5
v 77.5 		-49 		42.5
# 8 vertices

g group_280_4634441

usemtl color_4634441
s 0

f 2391 	2393 	2392
f 2393 	2394 	2392
f 2395 	2397 	2396
f 2397 	2398 	2396
f 2395 	2396 	2392
f 2396 	2391 	2392
f 2398 	2397 	2393
f 2397 	2394 	2393
f 2396 	2398 	2391
f 2398 	2393 	2391
f 2392 	2394 	2395
f 2394 	2397 	2395
# 12 faces

 #end of obj_280

o obj_281
v 60.5 		-26 		45
v 59.5 		-26 		45
v 60.5 		-26 		42.5
v 59.5 		-26 		42.5
v 59.5 		-49 		45
v 60.5 		-49 		45
v 59.5 		-49 		42.5
v 60.5 		-49 		42.5
# 8 vertices

g group_281_4634441

usemtl color_4634441
s 0

f 2399 	2401 	2400
f 2401 	2402 	2400
f 2403 	2405 	2404
f 2405 	2406 	2404
f 2403 	2404 	2400
f 2404 	2399 	2400
f 2406 	2405 	2401
f 2405 	2402 	2401
f 2404 	2406 	2399
f 2406 	2401 	2399
f 2400 	2402 	2403
f 2402 	2405 	2403
# 12 faces

 #end of obj_281

o obj_282
v 25 		-26 		45
v 24 		-26 		45
v 25 		-26 		42.5
v 24 		-26 		42.5
v 24 		-49 		45
v 25 		-49 		45
v 24 		-49 		42.5
v 25 		-49 		42.5
# 8 vertices

g group_282_4634441

usemtl color_4634441
s 0

f 2407 	2409 	2408
f 2409 	2410 	2408
f 2411 	2413 	2412
f 2413 	2414 	2412
f 2411 	2412 	2408
f 2412 	2407 	2408
f 2414 	2413 	2409
f 2413 	2410 	2409
f 2412 	2414 	2407
f 2414 	2409 	2407
f 2408 	2410 	2411
f 2410 	2413 	2411
# 12 faces

 #end of obj_282

o obj_283
v 77.5 		-51 		45
v 76.5 		-51 		45
v 77.5 		-51 		42.5
v 76.5 		-51 		42.5
v 76.5 		-74 		45
v 77.5 		-74 		45
v 76.5 		-74 		42.5
v 77.5 		-74 		42.5
# 8 vertices

g group_283_4634441

usemtl color_4634441
s 0

f 2415 	2417 	2416
f 2417 	2418 	2416
f 2419 	2421 	2420
f 2421 	2422 	2420
f 2419 	2420 	2416
f 2420 	2415 	2416
f 2422 	2421 	2417
f 2421 	2418 	2417
f 2420 	2422 	2415
f 2422 	2417 	2415
f 2416 	2418 	2419
f 2418 	2421 	2419
# 12 faces

 #end of obj_283

o obj_284
v 60.5 		-51 		45
v 59.5 		-51 		45
v 60.5 		-51 		42.5
v 59.5 		-51 		42.5
v 59.5 		-74 		45
v 60.5 		-74 		45
v 59.5 		-74 		42.5
v 60.5 		-74 		42.5
# 8 vertices

g group_284_4634441

usemtl color_4634441
s 0

f 2423 	2425 	2424
f 2425 	2426 	2424
f 2427 	2429 	2428
f 2429 	2430 	2428
f 2427 	2428 	2424
f 2428 	2423 	2424
f 2430 	2429 	2425
f 2429 	2426 	2425
f 2428 	2430 	2423
f 2430 	2425 	2423
f 2424 	2426 	2427
f 2426 	2429 	2427
# 12 faces

 #end of obj_284

o obj_285
v 25 		-51 		45
v 24 		-51 		45
v 25 		-51 		42.5
v 24 		-51 		42.5
v 24 		-74 		45
v 25 		-74 		45
v 24 		-74 		42.5
v 25 		-74 		42.5
# 8 vertices

g group_285_4634441

usemtl color_4634441
s 0

f 2431 	2433 	2432
f 2433 	2434 	2432
f 2435 	2437 	2436
f 2437 	2438 	2436
f 2435 	2436 	2432
f 2436 	2431 	2432
f 2438 	2437 	2433
f 2437 	2434 	2433
f 2436 	2438 	2431
f 2438 	2433 	2431
f 2432 	2434 	2435
f 2434 	2437 	2435
# 12 faces

 #end of obj_285

o obj_286
v 99 		-76 		45
v 98 		-76 		45
v 99 		-76 		42.5
v 98 		-76 		42.5
v 98 		-99 		45
v 99 		-99 		45
v 98 		-99 		42.5
v 99 		-99 		42.5
# 8 vertices

g group_286_4634441

usemtl color_4634441
s 0

f 2439 	2441 	2440
f 2441 	2442 	2440
f 2443 	2445 	2444
f 2445 	2446 	2444
f 2443 	2444 	2440
f 2444 	2439 	2440
f 2446 	2445 	2441
f 2445 	2442 	2441
f 2444 	2446 	2439
f 2446 	2441 	2439
f 2440 	2442 	2443
f 2442 	2445 	2443
# 12 faces

 #end of obj_286

o obj_287
v 77.5 		-76 		45
v 76.5 		-76 		45
v 77.5 		-76 		42.5
v 76.5 		-76 		42.5
v 76.5 		-99 		45
v 77.5 		-99 		45
v 76.5 		-99 		42.5
v 77.5 		-99 		42.5
# 8 vertices

g group_287_4634441

usemtl color_4634441
s 0

f 2447 	2449 	2448
f 2449 	2450 	2448
f 2451 	2453 	2452
f 2453 	2454 	2452
f 2451 	2452 	2448
f 2452 	2447 	2448
f 2454 	2453 	2449
f 2453 	2450 	2449
f 2452 	2454 	2447
f 2454 	2449 	2447
f 2448 	2450 	2451
f 2450 	2453 	2451
# 12 faces

 #end of obj_287

o obj_288
v 60.5 		-76 		45
v 59.5 		-76 		45
v 60.5 		-76 		42.5
v 59.5 		-76 		42.5
v 59.5 		-99 		45
v 60.5 		-99 		45
v 59.5 		-99 		42.5
v 60.5 		-99 		42.5
# 8 vertices

g group_288_4634441

usemtl color_4634441
s 0

f 2455 	2457 	2456
f 2457 	2458 	2456
f 2459 	2461 	2460
f 2461 	2462 	2460
f 2459 	2460 	2456
f 2460 	2455 	2456
f 2462 	2461 	2457
f 2461 	2458 	2457
f 2460 	2462 	2455
f 2462 	2457 	2455
f 2456 	2458 	2459
f 2458 	2461 	2459
# 12 faces

 #end of obj_288

o obj_289
v 25 		-76 		45
v 24 		-76 		45
v 25 		-76 		42.5
v 24 		-76 		42.5
v 24 		-99 		45
v 25 		-99 		45
v 24 		-99 		42.5
v 25 		-99 		42.5
# 8 vertices

g group_289_4634441

usemtl color_4634441
s 0

f 2463 	2465 	2464
f 2465 	2466 	2464
f 2467 	2469 	2468
f 2469 	2470 	2468
f 2467 	2468 	2464
f 2468 	2463 	2464
f 2470 	2469 	2465
f 2469 	2466 	2465
f 2468 	2470 	2463
f 2470 	2465 	2463
f 2464 	2466 	2467
f 2466 	2469 	2467
# 12 faces

 #end of obj_289

o obj_290
v 94.5 		-24.5 		45
v 94.5 		0 		45
v 94.5 		-24.5 		43.5
v 94.5 		0 		43.5
v 94 		0 		45
v 94 		-24.5 		45
v 94 		0 		43.5
v 94 		-24.5 		43.5
# 8 vertices

g group_290_16768282

usemtl color_16768282
s 0

f 2471 	2473 	2472
f 2473 	2474 	2472
f 2475 	2477 	2476
f 2477 	2478 	2476
f 2475 	2476 	2472
f 2476 	2471 	2472
f 2478 	2477 	2473
f 2477 	2474 	2473
f 2476 	2478 	2471
f 2478 	2473 	2471
f 2472 	2474 	2475
f 2474 	2477 	2475
# 12 faces

 #end of obj_290

o obj_291
v 90 		-24.5 		45
v 90 		0 		45
v 90 		-24.5 		43.5
v 90 		0 		43.5
v 89.5 		0 		45
v 89.5 		-24.5 		45
v 89.5 		0 		43.5
v 89.5 		-24.5 		43.5
# 8 vertices

g group_291_16768282

usemtl color_16768282
s 0

f 2479 	2481 	2480
f 2481 	2482 	2480
f 2483 	2485 	2484
f 2485 	2486 	2484
f 2483 	2484 	2480
f 2484 	2479 	2480
f 2486 	2485 	2481
f 2485 	2482 	2481
f 2484 	2486 	2479
f 2486 	2481 	2479
f 2480 	2482 	2483
f 2482 	2485 	2483
# 12 faces

 #end of obj_291

o obj_292
v 85.5 		-24.5 		45
v 85.5 		0 		45
v 85.5 		-24.5 		43.5
v 85.5 		0 		43.5
v 85 		0 		45
v 85 		-24.5 		45
v 85 		0 		43.5
v 85 		-24.5 		43.5
# 8 vertices

g group_292_16768282

usemtl color_16768282
s 0

f 2487 	2489 	2488
f 2489 	2490 	2488
f 2491 	2493 	2492
f 2493 	2494 	2492
f 2491 	2492 	2488
f 2492 	2487 	2488
f 2494 	2493 	2489
f 2493 	2490 	2489
f 2492 	2494 	2487
f 2494 	2489 	2487
f 2488 	2490 	2491
f 2490 	2493 	2491
# 12 faces

 #end of obj_292

o obj_293
v 81 		-24.5 		45
v 81 		0 		45
v 81 		-24.5 		43.5
v 81 		0 		43.5
v 80.5 		0 		45
v 80.5 		-24.5 		45
v 80.5 		0 		43.5
v 80.5 		-24.5 		43.5
# 8 vertices

g group_293_16768282

usemtl color_16768282
s 0

f 2495 	2497 	2496
f 2497 	2498 	2496
f 2499 	2501 	2500
f 2501 	2502 	2500
f 2499 	2500 	2496
f 2500 	2495 	2496
f 2502 	2501 	2497
f 2501 	2498 	2497
f 2500 	2502 	2495
f 2502 	2497 	2495
f 2496 	2498 	2499
f 2498 	2501 	2499
# 12 faces

 #end of obj_293

o obj_294
v 72.5 		-24.5 		45
v 72.5 		0 		45
v 72.5 		-24.5 		43.5
v 72.5 		0 		43.5
v 72 		0 		45
v 72 		-24.5 		45
v 72 		0 		43.5
v 72 		-24.5 		43.5
# 8 vertices

g group_294_16768282

usemtl color_16768282
s 0

f 2503 	2505 	2504
f 2505 	2506 	2504
f 2507 	2509 	2508
f 2509 	2510 	2508
f 2507 	2508 	2504
f 2508 	2503 	2504
f 2510 	2509 	2505
f 2509 	2506 	2505
f 2508 	2510 	2503
f 2510 	2505 	2503
f 2504 	2506 	2507
f 2506 	2509 	2507
# 12 faces

 #end of obj_294

o obj_295
v 68 		-24.5 		45
v 68 		0 		45
v 68 		-24.5 		43.5
v 68 		0 		43.5
v 67.5 		0 		45
v 67.5 		-24.5 		45
v 67.5 		0 		43.5
v 67.5 		-24.5 		43.5
# 8 vertices

g group_295_16768282

usemtl color_16768282
s 0

f 2511 	2513 	2512
f 2513 	2514 	2512
f 2515 	2517 	2516
f 2517 	2518 	2516
f 2515 	2516 	2512
f 2516 	2511 	2512
f 2518 	2517 	2513
f 2517 	2514 	2513
f 2516 	2518 	2511
f 2518 	2513 	2511
f 2512 	2514 	2515
f 2514 	2517 	2515
# 12 faces

 #end of obj_295

o obj_296
v 63.5 		-24.5 		45
v 63.5 		0 		45
v 63.5 		-24.5 		43.5
v 63.5 		0 		43.5
v 63 		0 		45
v 63 		-24.5 		45
v 63 		0 		43.5
v 63 		-24.5 		43.5
# 8 vertices

g group_296_16768282

usemtl color_16768282
s 0

f 2519 	2521 	2520
f 2521 	2522 	2520
f 2523 	2525 	2524
f 2525 	2526 	2524
f 2523 	2524 	2520
f 2524 	2519 	2520
f 2526 	2525 	2521
f 2525 	2522 	2521
f 2524 	2526 	2519
f 2526 	2521 	2519
f 2520 	2522 	2523
f 2522 	2525 	2523
# 12 faces

 #end of obj_296

o obj_297
v 55.5 		-24.5 		45
v 55.5 		0 		45
v 55.5 		-24.5 		43.5
v 55.5 		0 		43.5
v 55 		0 		45
v 55 		-24.5 		45
v 55 		0 		43.5
v 55 		-24.5 		43.5
# 8 vertices

g group_297_16768282

usemtl color_16768282
s 0

f 2527 	2529 	2528
f 2529 	2530 	2528
f 2531 	2533 	2532
f 2533 	2534 	2532
f 2531 	2532 	2528
f 2532 	2527 	2528
f 2534 	2533 	2529
f 2533 	2530 	2529
f 2532 	2534 	2527
f 2534 	2529 	2527
f 2528 	2530 	2531
f 2530 	2533 	2531
# 12 faces

 #end of obj_297

o obj_298
v 51 		-24.5 		45
v 51 		0 		45
v 51 		-24.5 		43.5
v 51 		0 		43.5
v 50.5 		0 		45
v 50.5 		-24.5 		45
v 50.5 		0 		43.5
v 50.5 		-24.5 		43.5
# 8 vertices

g group_298_16768282

usemtl color_16768282
s 0

f 2535 	2537 	2536
f 2537 	2538 	2536
f 2539 	2541 	2540
f 2541 	2542 	2540
f 2539 	2540 	2536
f 2540 	2535 	2536
f 2542 	2541 	2537
f 2541 	2538 	2537
f 2540 	2542 	2535
f 2542 	2537 	2535
f 2536 	2538 	2539
f 2538 	2541 	2539
# 12 faces

 #end of obj_298

o obj_299
v 46.5 		-24.5 		45
v 46.5 		0 		45
v 46.5 		-24.5 		43.5
v 46.5 		0 		43.5
v 46 		0 		45
v 46 		-24.5 		45
v 46 		0 		43.5
v 46 		-24.5 		43.5
# 8 vertices

g group_299_16768282

usemtl color_16768282
s 0

f 2543 	2545 	2544
f 2545 	2546 	2544
f 2547 	2549 	2548
f 2549 	2550 	2548
f 2547 	2548 	2544
f 2548 	2543 	2544
f 2550 	2549 	2545
f 2549 	2546 	2545
f 2548 	2550 	2543
f 2550 	2545 	2543
f 2544 	2546 	2547
f 2546 	2549 	2547
# 12 faces

 #end of obj_299

o obj_300
v 42 		-24.5 		45
v 42 		0 		45
v 42 		-24.5 		43.5
v 42 		0 		43.5
v 41.5 		0 		45
v 41.5 		-24.5 		45
v 41.5 		0 		43.5
v 41.5 		-24.5 		43.5
# 8 vertices

g group_300_16768282

usemtl color_16768282
s 0

f 2551 	2553 	2552
f 2553 	2554 	2552
f 2555 	2557 	2556
f 2557 	2558 	2556
f 2555 	2556 	2552
f 2556 	2551 	2552
f 2558 	2557 	2553
f 2557 	2554 	2553
f 2556 	2558 	2551
f 2558 	2553 	2551
f 2552 	2554 	2555
f 2554 	2557 	2555
# 12 faces

 #end of obj_300

o obj_301
v 37.5 		-24.5 		45
v 37.5 		0 		45
v 37.5 		-24.5 		43.5
v 37.5 		0 		43.5
v 37 		0 		45
v 37 		-24.5 		45
v 37 		0 		43.5
v 37 		-24.5 		43.5
# 8 vertices

g group_301_16768282

usemtl color_16768282
s 0

f 2559 	2561 	2560
f 2561 	2562 	2560
f 2563 	2565 	2564
f 2565 	2566 	2564
f 2563 	2564 	2560
f 2564 	2559 	2560
f 2566 	2565 	2561
f 2565 	2562 	2561
f 2564 	2566 	2559
f 2566 	2561 	2559
f 2560 	2562 	2563
f 2562 	2565 	2563
# 12 faces

 #end of obj_301

o obj_302
v 33 		-24.5 		45
v 33 		0 		45
v 33 		-24.5 		43.5
v 33 		0 		43.5
v 32.5 		0 		45
v 32.5 		-24.5 		45
v 32.5 		0 		43.5
v 32.5 		-24.5 		43.5
# 8 vertices

g group_302_16768282

usemtl color_16768282
s 0

f 2567 	2569 	2568
f 2569 	2570 	2568
f 2571 	2573 	2572
f 2573 	2574 	2572
f 2571 	2572 	2568
f 2572 	2567 	2568
f 2574 	2573 	2569
f 2573 	2570 	2569
f 2572 	2574 	2567
f 2574 	2569 	2567
f 2568 	2570 	2571
f 2570 	2573 	2571
# 12 faces

 #end of obj_302

o obj_303
v 28.5 		-24.5 		45
v 28.5 		0 		45
v 28.5 		-24.5 		43.5
v 28.5 		0 		43.5
v 28 		0 		45
v 28 		-24.5 		45
v 28 		0 		43.5
v 28 		-24.5 		43.5
# 8 vertices

g group_303_16768282

usemtl color_16768282
s 0

f 2575 	2577 	2576
f 2577 	2578 	2576
f 2579 	2581 	2580
f 2581 	2582 	2580
f 2579 	2580 	2576
f 2580 	2575 	2576
f 2582 	2581 	2577
f 2581 	2578 	2577
f 2580 	2582 	2575
f 2582 	2577 	2575
f 2576 	2578 	2579
f 2578 	2581 	2579
# 12 faces

 #end of obj_303

o obj_307
v 55.5 		-49.5 		45
v 55.5 		-25.5 		45
v 55.5 		-49.5 		43.5
v 55.5 		-25.5 		43.5
v 55 		-25.5 		45
v 55 		-49.5 		45
v 55 		-25.5 		43.5
v 55 		-49.5 		43.5
# 8 vertices

g group_307_16768282

usemtl color_16768282
s 0

f 2583 	2585 	2584
f 2585 	2586 	2584
f 2587 	2589 	2588
f 2589 	2590 	2588
f 2587 	2588 	2584
f 2588 	2583 	2584
f 2590 	2589 	2585
f 2589 	2586 	2585
f 2588 	2590 	2583
f 2590 	2585 	2583
f 2584 	2586 	2587
f 2586 	2589 	2587
# 12 faces

 #end of obj_307

o obj_308
v 51 		-49.5 		45
v 51 		-25.5 		45
v 51 		-49.5 		43.5
v 51 		-25.5 		43.5
v 50.5 		-25.5 		45
v 50.5 		-49.5 		45
v 50.5 		-25.5 		43.5
v 50.5 		-49.5 		43.5
# 8 vertices

g group_308_16768282

usemtl color_16768282
s 0

f 2591 	2593 	2592
f 2593 	2594 	2592
f 2595 	2597 	2596
f 2597 	2598 	2596
f 2595 	2596 	2592
f 2596 	2591 	2592
f 2598 	2597 	2593
f 2597 	2594 	2593
f 2596 	2598 	2591
f 2598 	2593 	2591
f 2592 	2594 	2595
f 2594 	2597 	2595
# 12 faces

 #end of obj_308

o obj_309
v 46.5 		-49.5 		45
v 46.5 		-25.5 		45
v 46.5 		-49.5 		43.5
v 46.5 		-25.5 		43.5
v 46 		-25.5 		45
v 46 		-49.5 		45
v 46 		-25.5 		43.5
v 46 		-49.5 		43.5
# 8 vertices

g group_309_16768282

usemtl color_16768282
s 0

f 2599 	2601 	2600
f 2601 	2602 	2600
f 2603 	2605 	2604
f 2605 	2606 	2604
f 2603 	2604 	2600
f 2604 	2599 	2600
f 2606 	2605 	2601
f 2605 	2602 	2601
f 2604 	2606 	2599
f 2606 	2601 	2599
f 2600 	2602 	2603
f 2602 	2605 	2603
# 12 faces

 #end of obj_309

o obj_310
v 42 		-49.5 		45
v 42 		-25.5 		45
v 42 		-49.5 		43.5
v 42 		-25.5 		43.5
v 41.5 		-25.5 		45
v 41.5 		-49.5 		45
v 41.5 		-25.5 		43.5
v 41.5 		-49.5 		43.5
# 8 vertices

g group_310_16768282

usemtl color_16768282
s 0

f 2607 	2609 	2608
f 2609 	2610 	2608
f 2611 	2613 	2612
f 2613 	2614 	2612
f 2611 	2612 	2608
f 2612 	2607 	2608
f 2614 	2613 	2609
f 2613 	2610 	2609
f 2612 	2614 	2607
f 2614 	2609 	2607
f 2608 	2610 	2611
f 2610 	2613 	2611
# 12 faces

 #end of obj_310

o obj_311
v 37.5 		-49.5 		45
v 37.5 		-25.5 		45
v 37.5 		-49.5 		43.5
v 37.5 		-25.5 		43.5
v 37 		-25.5 		45
v 37 		-49.5 		45
v 37 		-25.5 		43.5
v 37 		-49.5 		43.5
# 8 vertices

g group_311_16768282

usemtl color_16768282
s 0

f 2615 	2617 	2616
f 2617 	2618 	2616
f 2619 	2621 	2620
f 2621 	2622 	2620
f 2619 	2620 	2616
f 2620 	2615 	2616
f 2622 	2621 	2617
f 2621 	2618 	2617
f 2620 	2622 	2615
f 2622 	2617 	2615
f 2616 	2618 	2619
f 2618 	2621 	2619
# 12 faces

 #end of obj_311

o obj_312
v 33 		-49.5 		45
v 33 		-25.5 		45
v 33 		-49.5 		43.5
v 33 		-25.5 		43.5
v 32.5 		-25.5 		45
v 32.5 		-49.5 		45
v 32.5 		-25.5 		43.5
v 32.5 		-49.5 		43.5
# 8 vertices

g group_312_16768282

usemtl color_16768282
s 0

f 2623 	2625 	2624
f 2625 	2626 	2624
f 2627 	2629 	2628
f 2629 	2630 	2628
f 2627 	2628 	2624
f 2628 	2623 	2624
f 2630 	2629 	2625
f 2629 	2626 	2625
f 2628 	2630 	2623
f 2630 	2625 	2623
f 2624 	2626 	2627
f 2626 	2629 	2627
# 12 faces

 #end of obj_312

o obj_313
v 28.5 		-49.5 		45
v 28.5 		-25.5 		45
v 28.5 		-49.5 		43.5
v 28.5 		-25.5 		43.5
v 28 		-25.5 		45
v 28 		-49.5 		45
v 28 		-25.5 		43.5
v 28 		-49.5 		43.5
# 8 vertices

g group_313_16768282

usemtl color_16768282
s 0

f 2631 	2633 	2632
f 2633 	2634 	2632
f 2635 	2637 	2636
f 2637 	2638 	2636
f 2635 	2636 	2632
f 2636 	2631 	2632
f 2638 	2637 	2633
f 2637 	2634 	2633
f 2636 	2638 	2631
f 2638 	2633 	2631
f 2632 	2634 	2635
f 2634 	2637 	2635
# 12 faces

 #end of obj_313

o obj_314
v 72.5 		-74.5 		45
v 72.5 		-50.5 		45
v 72.5 		-74.5 		43.5
v 72.5 		-50.5 		43.5
v 72 		-50.5 		45
v 72 		-74.5 		45
v 72 		-50.5 		43.5
v 72 		-74.5 		43.5
# 8 vertices

g group_314_16768282

usemtl color_16768282
s 0

f 2639 	2641 	2640
f 2641 	2642 	2640
f 2643 	2645 	2644
f 2645 	2646 	2644
f 2643 	2644 	2640
f 2644 	2639 	2640
f 2646 	2645 	2641
f 2645 	2642 	2641
f 2644 	2646 	2639
f 2646 	2641 	2639
f 2640 	2642 	2643
f 2642 	2645 	2643
# 12 faces

 #end of obj_314

o obj_315
v 68 		-74.5 		45
v 68 		-50.5 		45
v 68 		-74.5 		43.5
v 68 		-50.5 		43.5
v 67.5 		-50.5 		45
v 67.5 		-74.5 		45
v 67.5 		-50.5 		43.5
v 67.5 		-74.5 		43.5
# 8 vertices

g group_315_16768282

usemtl color_16768282
s 0

f 2647 	2649 	2648
f 2649 	2650 	2648
f 2651 	2653 	2652
f 2653 	2654 	2652
f 2651 	2652 	2648
f 2652 	2647 	2648
f 2654 	2653 	2649
f 2653 	2650 	2649
f 2652 	2654 	2647
f 2654 	2649 	2647
f 2648 	2650 	2651
f 2650 	2653 	2651
# 12 faces

 #end of obj_315

o obj_316
v 63.5 		-74.5 		45
v 63.5 		-50.5 		45
v 63.5 		-74.5 		43.5
v 63.5 		-50.5 		43.5
v 63 		-50.5 		45
v 63 		-74.5 		45
v 63 		-50.5 		43.5
v 63 		-74.5 		43.5
# 8 vertices

g group_316_16768282

usemtl color_16768282
s 0

f 2655 	2657 	2656
f 2657 	2658 	2656
f 2659 	2661 	2660
f 2661 	2662 	2660
f 2659 	2660 	2656
f 2660 	2655 	2656
f 2662 	2661 	2657
f 2661 	2658 	2657
f 2660 	2662 	2655
f 2662 	2657 	2655
f 2656 	2658 	2659
f 2658 	2661 	2659
# 12 faces

 #end of obj_316

o obj_317
v 55.5 		-74.5 		45
v 55.5 		-50.5 		45
v 55.5 		-74.5 		43.5
v 55.5 		-50.5 		43.5
v 55 		-50.5 		45
v 55 		-74.5 		45
v 55 		-50.5 		43.5
v 55 		-74.5 		43.5
# 8 vertices

g group_317_16768282

usemtl color_16768282
s 0

f 2663 	2665 	2664
f 2665 	2666 	2664
f 2667 	2669 	2668
f 2669 	2670 	2668
f 2667 	2668 	2664
f 2668 	2663 	2664
f 2670 	2669 	2665
f 2669 	2666 	2665
f 2668 	2670 	2663
f 2670 	2665 	2663
f 2664 	2666 	2667
f 2666 	2669 	2667
# 12 faces

 #end of obj_317

o obj_318
v 51 		-74.5 		45
v 51 		-50.5 		45
v 51 		-74.5 		43.5
v 51 		-50.5 		43.5
v 50.5 		-50.5 		45
v 50.5 		-74.5 		45
v 50.5 		-50.5 		43.5
v 50.5 		-74.5 		43.5
# 8 vertices

g group_318_16768282

usemtl color_16768282
s 0

f 2671 	2673 	2672
f 2673 	2674 	2672
f 2675 	2677 	2676
f 2677 	2678 	2676
f 2675 	2676 	2672
f 2676 	2671 	2672
f 2678 	2677 	2673
f 2677 	2674 	2673
f 2676 	2678 	2671
f 2678 	2673 	2671
f 2672 	2674 	2675
f 2674 	2677 	2675
# 12 faces

 #end of obj_318

o obj_319
v 46.5 		-74.5 		45
v 46.5 		-50.5 		45
v 46.5 		-74.5 		43.5
v 46.5 		-50.5 		43.5
v 46 		-50.5 		45
v 46 		-74.5 		45
v 46 		-50.5 		43.5
v 46 		-74.5 		43.5
# 8 vertices

g group_319_16768282

usemtl color_16768282
s 0

f 2679 	2681 	2680
f 2681 	2682 	2680
f 2683 	2685 	2684
f 2685 	2686 	2684
f 2683 	2684 	2680
f 2684 	2679 	2680
f 2686 	2685 	2681
f 2685 	2682 	2681
f 2684 	2686 	2679
f 2686 	2681 	2679
f 2680 	2682 	2683
f 2682 	2685 	2683
# 12 faces

 #end of obj_319

o obj_320
v 42 		-74.5 		45
v 42 		-50.5 		45
v 42 		-74.5 		43.5
v 42 		-50.5 		43.5
v 41.5 		-50.5 		45
v 41.5 		-74.5 		45
v 41.5 		-50.5 		43.5
v 41.5 		-74.5 		43.5
# 8 vertices

g group_320_16768282

usemtl color_16768282
s 0

f 2687 	2689 	2688
f 2689 	2690 	2688
f 2691 	2693 	2692
f 2693 	2694 	2692
f 2691 	2692 	2688
f 2692 	2687 	2688
f 2694 	2693 	2689
f 2693 	2690 	2689
f 2692 	2694 	2687
f 2694 	2689 	2687
f 2688 	2690 	2691
f 2690 	2693 	2691
# 12 faces

 #end of obj_320

o obj_321
v 37.5 		-74.5 		45
v 37.5 		-50.5 		45
v 37.5 		-74.5 		43.5
v 37.5 		-50.5 		43.5
v 37 		-50.5 		45
v 37 		-74.5 		45
v 37 		-50.5 		43.5
v 37 		-74.5 		43.5
# 8 vertices

g group_321_16768282

usemtl color_16768282
s 0

f 2695 	2697 	2696
f 2697 	2698 	2696
f 2699 	2701 	2700
f 2701 	2702 	2700
f 2699 	2700 	2696
f 2700 	2695 	2696
f 2702 	2701 	2697
f 2701 	2698 	2697
f 2700 	2702 	2695
f 2702 	2697 	2695
f 2696 	2698 	2699
f 2698 	2701 	2699
# 12 faces

 #end of obj_321

o obj_322
v 33 		-74.5 		45
v 33 		-50.5 		45
v 33 		-74.5 		43.5
v 33 		-50.5 		43.5
v 32.5 		-50.5 		45
v 32.5 		-74.5 		45
v 32.5 		-50.5 		43.5
v 32.5 		-74.5 		43.5
# 8 vertices

g group_322_16768282

usemtl color_16768282
s 0

f 2703 	2705 	2704
f 2705 	2706 	2704
f 2707 	2709 	2708
f 2709 	2710 	2708
f 2707 	2708 	2704
f 2708 	2703 	2704
f 2710 	2709 	2705
f 2709 	2706 	2705
f 2708 	2710 	2703
f 2710 	2705 	2703
f 2704 	2706 	2707
f 2706 	2709 	2707
# 12 faces

 #end of obj_322

o obj_323
v 28.5 		-74.5 		45
v 28.5 		-50.5 		45
v 28.5 		-74.5 		43.5
v 28.5 		-50.5 		43.5
v 28 		-50.5 		45
v 28 		-74.5 		45
v 28 		-50.5 		43.5
v 28 		-74.5 		43.5
# 8 vertices

g group_323_16768282

usemtl color_16768282
s 0

f 2711 	2713 	2712
f 2713 	2714 	2712
f 2715 	2717 	2716
f 2717 	2718 	2716
f 2715 	2716 	2712
f 2716 	2711 	2712
f 2718 	2717 	2713
f 2717 	2714 	2713
f 2716 	2718 	2711
f 2718 	2713 	2711
f 2712 	2714 	2715
f 2714 	2717 	2715
# 12 faces

 #end of obj_323

o obj_324
v 94.5 		-100 		45
v 94.5 		-75.5 		45
v 94.5 		-100 		43.5
v 94.5 		-75.5 		43.5
v 94 		-75.5 		45
v 94 		-100 		45
v 94 		-75.5 		43.5
v 94 		-100 		43.5
# 8 vertices

g group_324_16768282

usemtl color_16768282
s 0

f 2719 	2721 	2720
f 2721 	2722 	2720
f 2723 	2725 	2724
f 2725 	2726 	2724
f 2723 	2724 	2720
f 2724 	2719 	2720
f 2726 	2725 	2721
f 2725 	2722 	2721
f 2724 	2726 	2719
f 2726 	2721 	2719
f 2720 	2722 	2723
f 2722 	2725 	2723
# 12 faces

 #end of obj_324

o obj_325
v 90 		-100 		45
v 90 		-75.5 		45
v 90 		-100 		43.5
v 90 		-75.5 		43.5
v 89.5 		-75.5 		45
v 89.5 		-100 		45
v 89.5 		-75.5 		43.5
v 89.5 		-100 		43.5
# 8 vertices

g group_325_16768282

usemtl color_16768282
s 0

f 2727 	2729 	2728
f 2729 	2730 	2728
f 2731 	2733 	2732
f 2733 	2734 	2732
f 2731 	2732 	2728
f 2732 	2727 	2728
f 2734 	2733 	2729
f 2733 	2730 	2729
f 2732 	2734 	2727
f 2734 	2729 	2727
f 2728 	2730 	2731
f 2730 	2733 	2731
# 12 faces

 #end of obj_325

o obj_326
v 85.5 		-100 		45
v 85.5 		-75.5 		45
v 85.5 		-100 		43.5
v 85.5 		-75.5 		43.5
v 85 		-75.5 		45
v 85 		-100 		45
v 85 		-75.5 		43.5
v 85 		-100 		43.5
# 8 vertices

g group_326_16768282

usemtl color_16768282
s 0

f 2735 	2737 	2736
f 2737 	2738 	2736
f 2739 	2741 	2740
f 2741 	2742 	2740
f 2739 	2740 	2736
f 2740 	2735 	2736
f 2742 	2741 	2737
f 2741 	2738 	2737
f 2740 	2742 	2735
f 2742 	2737 	2735
f 2736 	2738 	2739
f 2738 	2741 	2739
# 12 faces

 #end of obj_326

o obj_327
v 81 		-100 		45
v 81 		-75.5 		45
v 81 		-100 		43.5
v 81 		-75.5 		43.5
v 80.5 		-75.5 		45
v 80.5 		-100 		45
v 80.5 		-75.5 		43.5
v 80.5 		-100 		43.5
# 8 vertices

g group_327_16768282

usemtl color_16768282
s 0

f 2743 	2745 	2744
f 2745 	2746 	2744
f 2747 	2749 	2748
f 2749 	2750 	2748
f 2747 	2748 	2744
f 2748 	2743 	2744
f 2750 	2749 	2745
f 2749 	2746 	2745
f 2748 	2750 	2743
f 2750 	2745 	2743
f 2744 	2746 	2747
f 2746 	2749 	2747
# 12 faces

 #end of obj_327

o obj_328
v 72.5 		-100 		45
v 72.5 		-75.5 		45
v 72.5 		-100 		43.5
v 72.5 		-75.5 		43.5
v 72 		-75.5 		45
v 72 		-100 		45
v 72 		-75.5 		43.5
v 72 		-100 		43.5
# 8 vertices

g group_328_16768282

usemtl color_16768282
s 0

f 2751 	2753 	2752
f 2753 	2754 	2752
f 2755 	2757 	2756
f 2757 	2758 	2756
f 2755 	2756 	2752
f 2756 	2751 	2752
f 2758 	2757 	2753
f 2757 	2754 	2753
f 2756 	2758 	2751
f 2758 	2753 	2751
f 2752 	2754 	2755
f 2754 	2757 	2755
# 12 faces

 #end of obj_328

o obj_329
v 68 		-100 		45
v 68 		-75.5 		45
v 68 		-100 		43.5
v 68 		-75.5 		43.5
v 67.5 		-75.5 		45
v 67.5 		-100 		45
v 67.5 		-75.5 		43.5
v 67.5 		-100 		43.5
# 8 vertices

g group_329_16768282

usemtl color_16768282
s 0

f 2759 	2761 	2760
f 2761 	2762 	2760
f 2763 	2765 	2764
f 2765 	2766 	2764
f 2763 	2764 	2760
f 2764 	2759 	2760
f 2766 	2765 	2761
f 2765 	2762 	2761
f 2764 	2766 	2759
f 2766 	2761 	2759
f 2760 	2762 	2763
f 2762 	2765 	2763
# 12 faces

 #end of obj_329

o obj_330
v 63.5 		-100 		45
v 63.5 		-75.5 		45
v 63.5 		-100 		43.5
v 63.5 		-75.5 		43.5
v 63 		-75.5 		45
v 63 		-100 		45
v 63 		-75.5 		43.5
v 63 		-100 		43.5
# 8 vertices

g group_330_16768282

usemtl color_16768282
s 0

f 2767 	2769 	2768
f 2769 	2770 	2768
f 2771 	2773 	2772
f 2773 	2774 	2772
f 2771 	2772 	2768
f 2772 	2767 	2768
f 2774 	2773 	2769
f 2773 	2770 	2769
f 2772 	2774 	2767
f 2774 	2769 	2767
f 2768 	2770 	2771
f 2770 	2773 	2771
# 12 faces

 #end of obj_330

o obj_331
v 55.5 		-100 		45
v 55.5 		-75.5 		45
v 55.5 		-100 		43.5
v 55.5 		-75.5 		43.5
v 55 		-75.5 		45
v 55 		-100 		45
v 55 		-75.5 		43.5
v 55 		-100 		43.5
# 8 vertices

g group_331_16768282

usemtl color_16768282
s 0

f 2775 	2777 	2776
f 2777 	2778 	2776
f 2779 	2781 	2780
f 2781 	2782 	2780
f 2779 	2780 	2776
f 2780 	2775 	2776
f 2782 	2781 	2777
f 2781 	2778 	2777
f 2780 	2782 	2775
f 2782 	2777 	2775
f 2776 	2778 	2779
f 2778 	2781 	2779
# 12 faces

 #end of obj_331

o obj_332
v 51 		-100 		45
v 51 		-75.5 		45
v 51 		-100 		43.5
v 51 		-75.5 		43.5
v 50.5 		-75.5 		45
v 50.5 		-100 		45
v 50.5 		-75.5 		43.5
v 50.5 		-100 		43.5
# 8 vertices

g group_332_16768282

usemtl color_16768282
s 0

f 2783 	2785 	2784
f 2785 	2786 	2784
f 2787 	2789 	2788
f 2789 	2790 	2788
f 2787 	2788 	2784
f 2788 	2783 	2784
f 2790 	2789 	2785
f 2789 	2786 	2785
f 2788 	2790 	2783
f 2790 	2785 	2783
f 2784 	2786 	2787
f 2786 	2789 	2787
# 12 faces

 #end of obj_332

o obj_333
v 46.5 		-100 		45
v 46.5 		-75.5 		45
v 46.5 		-100 		43.5
v 46.5 		-75.5 		43.5
v 46 		-75.5 		45
v 46 		-100 		45
v 46 		-75.5 		43.5
v 46 		-100 		43.5
# 8 vertices

g group_333_16768282

usemtl color_16768282
s 0

f 2791 	2793 	2792
f 2793 	2794 	2792
f 2795 	2797 	2796
f 2797 	2798 	2796
f 2795 	2796 	2792
f 2796 	2791 	2792
f 2798 	2797 	2793
f 2797 	2794 	2793
f 2796 	2798 	2791
f 2798 	2793 	2791
f 2792 	2794 	2795
f 2794 	2797 	2795
# 12 faces

 #end of obj_333

o obj_334
v 42 		-100 		45
v 42 		-75.5 		45
v 42 		-100 		43.5
v 42 		-75.5 		43.5
v 41.5 		-75.5 		45
v 41.5 		-100 		45
v 41.5 		-75.5 		43.5
v 41.5 		-100 		43.5
# 8 vertices

g group_334_16768282

usemtl color_16768282
s 0

f 2799 	2801 	2800
f 2801 	2802 	2800
f 2803 	2805 	2804
f 2805 	2806 	2804
f 2803 	2804 	2800
f 2804 	2799 	2800
f 2806 	2805 	2801
f 2805 	2802 	2801
f 2804 	2806 	2799
f 2806 	2801 	2799
f 2800 	2802 	2803
f 2802 	2805 	2803
# 12 faces

 #end of obj_334

o obj_335
v 37.5 		-100 		45
v 37.5 		-75.5 		45
v 37.5 		-100 		43.5
v 37.5 		-75.5 		43.5
v 37 		-75.5 		45
v 37 		-100 		45
v 37 		-75.5 		43.5
v 37 		-100 		43.5
# 8 vertices

g group_335_16768282

usemtl color_16768282
s 0

f 2807 	2809 	2808
f 2809 	2810 	2808
f 2811 	2813 	2812
f 2813 	2814 	2812
f 2811 	2812 	2808
f 2812 	2807 	2808
f 2814 	2813 	2809
f 2813 	2810 	2809
f 2812 	2814 	2807
f 2814 	2809 	2807
f 2808 	2810 	2811
f 2810 	2813 	2811
# 12 faces

 #end of obj_335

o obj_336
v 33 		-100 		45
v 33 		-75.5 		45
v 33 		-100 		43.5
v 33 		-75.5 		43.5
v 32.5 		-75.5 		45
v 32.5 		-100 		45
v 32.5 		-75.5 		43.5
v 32.5 		-100 		43.5
# 8 vertices

g group_336_16768282

usemtl color_16768282
s 0

f 2815 	2817 	2816
f 2817 	2818 	2816
f 2819 	2821 	2820
f 2821 	2822 	2820
f 2819 	2820 	2816
f 2820 	2815 	2816
f 2822 	2821 	2817
f 2821 	2818 	2817
f 2820 	2822 	2815
f 2822 	2817 	2815
f 2816 	2818 	2819
f 2818 	2821 	2819
# 12 faces

 #end of obj_336

o obj_337
v 28.5 		-100 		45
v 28.5 		-75.5 		45
v 28.5 		-100 		43.5
v 28.5 		-75.5 		43.5
v 28 		-75.5 		45
v 28 		-100 		45
v 28 		-75.5 		43.5
v 28 		-100 		43.5
# 8 vertices

g group_337_16768282

usemtl color_16768282
s 0

f 2823 	2825 	2824
f 2825 	2826 	2824
f 2827 	2829 	2828
f 2829 	2830 	2828
f 2827 	2828 	2824
f 2828 	2823 	2824
f 2830 	2829 	2825
f 2829 	2826 	2825
f 2828 	2830 	2823
f 2830 	2825 	2823
f 2824 	2826 	2827
f 2826 	2829 	2827
# 12 faces

 #end of obj_337

o obj_338
v 98 		-10 		45
v 94.5 		-10 		45
v 98 		-10 		43.5
v 94.5 		-10 		43.5
v 94.5 		-10.5 		45
v 98 		-10.5 		45
v 94.5 		-10.5 		43.5
v 98 		-10.5 		43.5
# 8 vertices

g group_338_16089887

usemtl color_16089887
s 0

f 2831 	2833 	2832
f 2833 	2834 	2832
f 2835 	2837 	2836
f 2837 	2838 	2836
f 2835 	2836 	2832
f 2836 	2831 	2832
f 2838 	2837 	2833
f 2837 	2834 	2833
f 2836 	2838 	2831
f 2838 	2833 	2831
f 2832 	2834 	2835
f 2834 	2837 	2835
# 12 faces

 #end of obj_338

o obj_339
v 94 		-14 		45
v 90 		-14 		45
v 94 		-14 		43.5
v 90 		-14 		43.5
v 90 		-14.5 		45
v 94 		-14.5 		45
v 90 		-14.5 		43.5
v 94 		-14.5 		43.5
# 8 vertices

g group_339_16089887

usemtl color_16089887
s 0

f 2839 	2841 	2840
f 2841 	2842 	2840
f 2843 	2845 	2844
f 2845 	2846 	2844
f 2843 	2844 	2840
f 2844 	2839 	2840
f 2846 	2845 	2841
f 2845 	2842 	2841
f 2844 	2846 	2839
f 2846 	2841 	2839
f 2840 	2842 	2843
f 2842 	2845 	2843
# 12 faces

 #end of obj_339

o obj_340
v 89.5 		-10 		45
v 85.5 		-10 		45
v 89.5 		-10 		43.5
v 85.5 		-10 		43.5
v 85.5 		-10.5 		45
v 89.5 		-10.5 		45
v 85.5 		-10.5 		43.5
v 89.5 		-10.5 		43.5
# 8 vertices

g group_340_16089887

usemtl color_16089887
s 0

f 2847 	2849 	2848
f 2849 	2850 	2848
f 2851 	2853 	2852
f 2853 	2854 	2852
f 2851 	2852 	2848
f 2852 	2847 	2848
f 2854 	2853 	2849
f 2853 	2850 	2849
f 2852 	2854 	2847
f 2854 	2849 	2847
f 2848 	2850 	2851
f 2850 	2853 	2851
# 12 faces

 #end of obj_340

o obj_341
v 80.5 		-10 		45
v 77.5 		-10 		45
v 80.5 		-10 		43.5
v 77.5 		-10 		43.5
v 77.5 		-10.5 		45
v 80.5 		-10.5 		45
v 77.5 		-10.5 		43.5
v 80.5 		-10.5 		43.5
# 8 vertices

g group_341_16089887

usemtl color_16089887
s 0

f 2855 	2857 	2856
f 2857 	2858 	2856
f 2859 	2861 	2860
f 2861 	2862 	2860
f 2859 	2860 	2856
f 2860 	2855 	2856
f 2862 	2861 	2857
f 2861 	2858 	2857
f 2860 	2862 	2855
f 2862 	2857 	2855
f 2856 	2858 	2859
f 2858 	2861 	2859
# 12 faces

 #end of obj_341

o obj_342
v 85 		-14 		45
v 81 		-14 		45
v 85 		-14 		43.5
v 81 		-14 		43.5
v 81 		-14.5 		45
v 85 		-14.5 		45
v 81 		-14.5 		43.5
v 85 		-14.5 		43.5
# 8 vertices

g group_342_16089887

usemtl color_16089887
s 0

f 2863 	2865 	2864
f 2865 	2866 	2864
f 2867 	2869 	2868
f 2869 	2870 	2868
f 2867 	2868 	2864
f 2868 	2863 	2864
f 2870 	2869 	2865
f 2869 	2866 	2865
f 2868 	2870 	2863
f 2870 	2865 	2863
f 2864 	2866 	2867
f 2866 	2869 	2867
# 12 faces

 #end of obj_342

o obj_343
v 76.5 		-14 		45
v 72.5 		-14 		45
v 76.5 		-14 		43.5
v 72.5 		-14 		43.5
v 72.5 		-14.5 		45
v 76.5 		-14.5 		45
v 72.5 		-14.5 		43.5
v 76.5 		-14.5 		43.5
# 8 vertices

g group_343_16089887

usemtl color_16089887
s 0

f 2871 	2873 	2872
f 2873 	2874 	2872
f 2875 	2877 	2876
f 2877 	2878 	2876
f 2875 	2876 	2872
f 2876 	2871 	2872
f 2878 	2877 	2873
f 2877 	2874 	2873
f 2876 	2878 	2871
f 2878 	2873 	2871
f 2872 	2874 	2875
f 2874 	2877 	2875
# 12 faces

 #end of obj_343

o obj_344
v 72 		-10 		45
v 68 		-10 		45
v 72 		-10 		43.5
v 68 		-10 		43.5
v 68 		-10.5 		45
v 72 		-10.5 		45
v 68 		-10.5 		43.5
v 72 		-10.5 		43.5
# 8 vertices

g group_344_16089887

usemtl color_16089887
s 0

f 2879 	2881 	2880
f 2881 	2882 	2880
f 2883 	2885 	2884
f 2885 	2886 	2884
f 2883 	2884 	2880
f 2884 	2879 	2880
f 2886 	2885 	2881
f 2885 	2882 	2881
f 2884 	2886 	2879
f 2886 	2881 	2879
f 2880 	2882 	2883
f 2882 	2885 	2883
# 12 faces

 #end of obj_344

o obj_345
v 67.5 		-14 		45
v 63.5 		-14 		45
v 67.5 		-14 		43.5
v 63.5 		-14 		43.5
v 63.5 		-14.5 		45
v 67.5 		-14.5 		45
v 63.5 		-14.5 		43.5
v 67.5 		-14.5 		43.5
# 8 vertices

g group_345_16089887

usemtl color_16089887
s 0

f 2887 	2889 	2888
f 2889 	2890 	2888
f 2891 	2893 	2892
f 2893 	2894 	2892
f 2891 	2892 	2888
f 2892 	2887 	2888
f 2894 	2893 	2889
f 2893 	2890 	2889
f 2892 	2894 	2887
f 2894 	2889 	2887
f 2888 	2890 	2891
f 2890 	2893 	2891
# 12 faces

 #end of obj_345

o obj_346
v 63 		-10 		45
v 60.5 		-10 		45
v 63 		-10 		43.5
v 60.5 		-10 		43.5
v 60.5 		-10.5 		45
v 63 		-10.5 		45
v 60.5 		-10.5 		43.5
v 63 		-10.5 		43.5
# 8 vertices

g group_346_16089887

usemtl color_16089887
s 0

f 2895 	2897 	2896
f 2897 	2898 	2896
f 2899 	2901 	2900
f 2901 	2902 	2900
f 2899 	2900 	2896
f 2900 	2895 	2896
f 2902 	2901 	2897
f 2901 	2898 	2897
f 2900 	2902 	2895
f 2902 	2897 	2895
f 2896 	2898 	2899
f 2898 	2901 	2899
# 12 faces

 #end of obj_346

o obj_347
v 59.5 		-14 		45
v 55.5 		-14 		45
v 59.5 		-14 		43.5
v 55.5 		-14 		43.5
v 55.5 		-14.5 		45
v 59.5 		-14.5 		45
v 55.5 		-14.5 		43.5
v 59.5 		-14.5 		43.5
# 8 vertices

g group_347_16089887

usemtl color_16089887
s 0

f 2903 	2905 	2904
f 2905 	2906 	2904
f 2907 	2909 	2908
f 2909 	2910 	2908
f 2907 	2908 	2904
f 2908 	2903 	2904
f 2910 	2909 	2905
f 2909 	2906 	2905
f 2908 	2910 	2903
f 2910 	2905 	2903
f 2904 	2906 	2907
f 2906 	2909 	2907
# 12 faces

 #end of obj_347

o obj_348
v 55 		-10 		45
v 51 		-10 		45
v 55 		-10 		43.5
v 51 		-10 		43.5
v 51 		-10.5 		45
v 55 		-10.5 		45
v 51 		-10.5 		43.5
v 55 		-10.5 		43.5
# 8 vertices

g group_348_16089887

usemtl color_16089887
s 0

f 2911 	2913 	2912
f 2913 	2914 	2912
f 2915 	2917 	2916
f 2917 	2918 	2916
f 2915 	2916 	2912
f 2916 	2911 	2912
f 2918 	2917 	2913
f 2917 	2914 	2913
f 2916 	2918 	2911
f 2918 	2913 	2911
f 2912 	2914 	2915
f 2914 	2917 	2915
# 12 faces

 #end of obj_348

o obj_349
v 46 		-10 		45
v 42 		-10 		45
v 46 		-10 		43.5
v 42 		-10 		43.5
v 42 		-10.5 		45
v 46 		-10.5 		45
v 42 		-10.5 		43.5
v 46 		-10.5 		43.5
# 8 vertices

g group_349_16089887

usemtl color_16089887
s 0

f 2919 	2921 	2920
f 2921 	2922 	2920
f 2923 	2925 	2924
f 2925 	2926 	2924
f 2923 	2924 	2920
f 2924 	2919 	2920
f 2926 	2925 	2921
f 2925 	2922 	2921
f 2924 	2926 	2919
f 2926 	2921 	2919
f 2920 	2922 	2923
f 2922 	2925 	2923
# 12 faces

 #end of obj_349

o obj_350
v 50.5 		-14 		45
v 46.5 		-14 		45
v 50.5 		-14 		43.5
v 46.5 		-14 		43.5
v 46.5 		-14.5 		45
v 50.5 		-14.5 		45
v 46.5 		-14.5 		43.5
v 50.5 		-14.5 		43.5
# 8 vertices

g group_350_16089887

usemtl color_16089887
s 0

f 2927 	2929 	2928
f 2929 	2930 	2928
f 2931 	2933 	2932
f 2933 	2934 	2932
f 2931 	2932 	2928
f 2932 	2927 	2928
f 2934 	2933 	2929
f 2933 	2930 	2929
f 2932 	2934 	2927
f 2934 	2929 	2927
f 2928 	2930 	2931
f 2930 	2933 	2931
# 12 faces

 #end of obj_350

o obj_351
v 37 		-10 		45
v 33 		-10 		45
v 37 		-10 		43.5
v 33 		-10 		43.5
v 33 		-10.5 		45
v 37 		-10.5 		45
v 33 		-10.5 		43.5
v 37 		-10.5 		43.5
# 8 vertices

g group_351_16089887

usemtl color_16089887
s 0

f 2935 	2937 	2936
f 2937 	2938 	2936
f 2939 	2941 	2940
f 2941 	2942 	2940
f 2939 	2940 	2936
f 2940 	2935 	2936
f 2942 	2941 	2937
f 2941 	2938 	2937
f 2940 	2942 	2935
f 2942 	2937 	2935
f 2936 	2938 	2939
f 2938 	2941 	2939
# 12 faces

 #end of obj_351

o obj_352
v 41.5 		-14 		45
v 37.5 		-14 		45
v 41.5 		-14 		43.5
v 37.5 		-14 		43.5
v 37.5 		-14.5 		45
v 41.5 		-14.5 		45
v 37.5 		-14.5 		43.5
v 41.5 		-14.5 		43.5
# 8 vertices

g group_352_16089887

usemtl color_16089887
s 0

f 2943 	2945 	2944
f 2945 	2946 	2944
f 2947 	2949 	2948
f 2949 	2950 	2948
f 2947 	2948 	2944
f 2948 	2943 	2944
f 2950 	2949 	2945
f 2949 	2946 	2945
f 2948 	2950 	2943
f 2950 	2945 	2943
f 2944 	2946 	2947
f 2946 	2949 	2947
# 12 faces

 #end of obj_352

o obj_353
v 28 		-10 		45
v 25 		-10 		45
v 28 		-10 		43.5
v 25 		-10 		43.5
v 25 		-10.5 		45
v 28 		-10.5 		45
v 25 		-10.5 		43.5
v 28 		-10.5 		43.5
# 8 vertices

g group_353_16089887

usemtl color_16089887
s 0

f 2951 	2953 	2952
f 2953 	2954 	2952
f 2955 	2957 	2956
f 2957 	2958 	2956
f 2955 	2956 	2952
f 2956 	2951 	2952
f 2958 	2957 	2953
f 2957 	2954 	2953
f 2956 	2958 	2951
f 2958 	2953 	2951
f 2952 	2954 	2955
f 2954 	2957 	2955
# 12 faces

 #end of obj_353

o obj_354
v 32.5 		-14 		45
v 28.5 		-14 		45
v 32.5 		-14 		43.5
v 28.5 		-14 		43.5
v 28.5 		-14.5 		45
v 32.5 		-14.5 		45
v 28.5 		-14.5 		43.5
v 32.5 		-14.5 		43.5
# 8 vertices

g group_354_16089887

usemtl color_16089887
s 0

f 2959 	2961 	2960
f 2961 	2962 	2960
f 2963 	2965 	2964
f 2965 	2966 	2964
f 2963 	2964 	2960
f 2964 	2959 	2960
f 2966 	2965 	2961
f 2965 	2962 	2961
f 2964 	2966 	2959
f 2966 	2961 	2959
f 2960 	2962 	2963
f 2962 	2965 	2963
# 12 faces

 #end of obj_354

o obj_359
v 59.5 		-39.5 		45
v 55.5 		-39.5 		45
v 59.5 		-39.5 		43.5
v 55.5 		-39.5 		43.5
v 55.5 		-40 		45
v 59.5 		-40 		45
v 55.5 		-40 		43.5
v 59.5 		-40 		43.5
# 8 vertices

g group_359_16089887

usemtl color_16089887
s 0

f 2967 	2969 	2968
f 2969 	2970 	2968
f 2971 	2973 	2972
f 2973 	2974 	2972
f 2971 	2972 	2968
f 2972 	2967 	2968
f 2974 	2973 	2969
f 2973 	2970 	2969
f 2972 	2974 	2967
f 2974 	2969 	2967
f 2968 	2970 	2971
f 2970 	2973 	2971
# 12 faces

 #end of obj_359

o obj_360
v 55 		-35.5 		45
v 51 		-35.5 		45
v 55 		-35.5 		43.5
v 51 		-35.5 		43.5
v 51 		-36 		45
v 55 		-36 		45
v 51 		-36 		43.5
v 55 		-36 		43.5
# 8 vertices

g group_360_16089887

usemtl color_16089887
s 0

f 2975 	2977 	2976
f 2977 	2978 	2976
f 2979 	2981 	2980
f 2981 	2982 	2980
f 2979 	2980 	2976
f 2980 	2975 	2976
f 2982 	2981 	2977
f 2981 	2978 	2977
f 2980 	2982 	2975
f 2982 	2977 	2975
f 2976 	2978 	2979
f 2978 	2981 	2979
# 12 faces

 #end of obj_360

o obj_361
v 50.5 		-39.5 		45
v 46.5 		-39.5 		45
v 50.5 		-39.5 		43.5
v 46.5 		-39.5 		43.5
v 46.5 		-40 		45
v 50.5 		-40 		45
v 46.5 		-40 		43.5
v 50.5 		-40 		43.5
# 8 vertices

g group_361_16089887

usemtl color_16089887
s 0

f 2983 	2985 	2984
f 2985 	2986 	2984
f 2987 	2989 	2988
f 2989 	2990 	2988
f 2987 	2988 	2984
f 2988 	2983 	2984
f 2990 	2989 	2985
f 2989 	2986 	2985
f 2988 	2990 	2983
f 2990 	2985 	2983
f 2984 	2986 	2987
f 2986 	2989 	2987
# 12 faces

 #end of obj_361

o obj_362
v 46 		-35.5 		45
v 42 		-35.5 		45
v 46 		-35.5 		43.5
v 42 		-35.5 		43.5
v 42 		-36 		45
v 46 		-36 		45
v 42 		-36 		43.5
v 46 		-36 		43.5
# 8 vertices

g group_362_16089887

usemtl color_16089887
s 0

f 2991 	2993 	2992
f 2993 	2994 	2992
f 2995 	2997 	2996
f 2997 	2998 	2996
f 2995 	2996 	2992
f 2996 	2991 	2992
f 2998 	2997 	2993
f 2997 	2994 	2993
f 2996 	2998 	2991
f 2998 	2993 	2991
f 2992 	2994 	2995
f 2994 	2997 	2995
# 12 faces

 #end of obj_362

o obj_363
v 41.5 		-39.5 		45
v 37.5 		-39.5 		45
v 41.5 		-39.5 		43.5
v 37.5 		-39.5 		43.5
v 37.5 		-40 		45
v 41.5 		-40 		45
v 37.5 		-40 		43.5
v 41.5 		-40 		43.5
# 8 vertices

g group_363_16089887

usemtl color_16089887
s 0

f 2999 	3001 	3000
f 3001 	3002 	3000
f 3003 	3005 	3004
f 3005 	3006 	3004
f 3003 	3004 	3000
f 3004 	2999 	3000
f 3006 	3005 	3001
f 3005 	3002 	3001
f 3004 	3006 	2999
f 3006 	3001 	2999
f 3000 	3002 	3003
f 3002 	3005 	3003
# 12 faces

 #end of obj_363

o obj_364
v 37 		-35.5 		45
v 33 		-35.5 		45
v 37 		-35.5 		43.5
v 33 		-35.5 		43.5
v 33 		-36 		45
v 37 		-36 		45
v 33 		-36 		43.5
v 37 		-36 		43.5
# 8 vertices

g group_364_16089887

usemtl color_16089887
s 0

f 3007 	3009 	3008
f 3009 	3010 	3008
f 3011 	3013 	3012
f 3013 	3014 	3012
f 3011 	3012 	3008
f 3012 	3007 	3008
f 3014 	3013 	3009
f 3013 	3010 	3009
f 3012 	3014 	3007
f 3014 	3009 	3007
f 3008 	3010 	3011
f 3010 	3013 	3011
# 12 faces

 #end of obj_364

o obj_365
v 32.5 		-39.5 		45
v 28.5 		-39.5 		45
v 32.5 		-39.5 		43.5
v 28.5 		-39.5 		43.5
v 28.5 		-40 		45
v 32.5 		-40 		45
v 28.5 		-40 		43.5
v 32.5 		-40 		43.5
# 8 vertices

g group_365_16089887

usemtl color_16089887
s 0

f 3015 	3017 	3016
f 3017 	3018 	3016
f 3019 	3021 	3020
f 3021 	3022 	3020
f 3019 	3020 	3016
f 3020 	3015 	3016
f 3022 	3021 	3017
f 3021 	3018 	3017
f 3020 	3022 	3015
f 3022 	3017 	3015
f 3016 	3018 	3019
f 3018 	3021 	3019
# 12 faces

 #end of obj_365

o obj_366
v 28 		-35.5 		45
v 25 		-35.5 		45
v 28 		-35.5 		43.5
v 25 		-35.5 		43.5
v 25 		-36 		45
v 28 		-36 		45
v 25 		-36 		43.5
v 28 		-36 		43.5
# 8 vertices

g group_366_16089887

usemtl color_16089887
s 0

f 3023 	3025 	3024
f 3025 	3026 	3024
f 3027 	3029 	3028
f 3029 	3030 	3028
f 3027 	3028 	3024
f 3028 	3023 	3024
f 3030 	3029 	3025
f 3029 	3026 	3025
f 3028 	3030 	3023
f 3030 	3025 	3023
f 3024 	3026 	3027
f 3026 	3029 	3027
# 12 faces

 #end of obj_366

o obj_367
v 76.5 		-64.5 		45
v 72.5 		-64.5 		45
v 76.5 		-64.5 		43.5
v 72.5 		-64.5 		43.5
v 72.5 		-65 		45
v 76.5 		-65 		45
v 72.5 		-65 		43.5
v 76.5 		-65 		43.5
# 8 vertices

g group_367_16089887

usemtl color_16089887
s 0

f 3031 	3033 	3032
f 3033 	3034 	3032
f 3035 	3037 	3036
f 3037 	3038 	3036
f 3035 	3036 	3032
f 3036 	3031 	3032
f 3038 	3037 	3033
f 3037 	3034 	3033
f 3036 	3038 	3031
f 3038 	3033 	3031
f 3032 	3034 	3035
f 3034 	3037 	3035
# 12 faces

 #end of obj_367

o obj_368
v 72 		-60.5 		45
v 68 		-60.5 		45
v 72 		-60.5 		43.5
v 68 		-60.5 		43.5
v 68 		-61 		45
v 72 		-61 		45
v 68 		-61 		43.5
v 72 		-61 		43.5
# 8 vertices

g group_368_16089887

usemtl color_16089887
s 0

f 3039 	3041 	3040
f 3041 	3042 	3040
f 3043 	3045 	3044
f 3045 	3046 	3044
f 3043 	3044 	3040
f 3044 	3039 	3040
f 3046 	3045 	3041
f 3045 	3042 	3041
f 3044 	3046 	3039
f 3046 	3041 	3039
f 3040 	3042 	3043
f 3042 	3045 	3043
# 12 faces

 #end of obj_368

o obj_369
v 67.5 		-64.5 		45
v 63.5 		-64.5 		45
v 67.5 		-64.5 		43.5
v 63.5 		-64.5 		43.5
v 63.5 		-65 		45
v 67.5 		-65 		45
v 63.5 		-65 		43.5
v 67.5 		-65 		43.5
# 8 vertices

g group_369_16089887

usemtl color_16089887
s 0

f 3047 	3049 	3048
f 3049 	3050 	3048
f 3051 	3053 	3052
f 3053 	3054 	3052
f 3051 	3052 	3048
f 3052 	3047 	3048
f 3054 	3053 	3049
f 3053 	3050 	3049
f 3052 	3054 	3047
f 3054 	3049 	3047
f 3048 	3050 	3051
f 3050 	3053 	3051
# 12 faces

 #end of obj_369

o obj_370
v 63 		-60.5 		45
v 60.5 		-60.5 		45
v 63 		-60.5 		43.5
v 60.5 		-60.5 		43.5
v 60.5 		-61 		45
v 63 		-61 		45
v 60.5 		-61 		43.5
v 63 		-61 		43.5
# 8 vertices

g group_370_16089887

usemtl color_16089887
s 0

f 3055 	3057 	3056
f 3057 	3058 	3056
f 3059 	3061 	3060
f 3061 	3062 	3060
f 3059 	3060 	3056
f 3060 	3055 	3056
f 3062 	3061 	3057
f 3061 	3058 	3057
f 3060 	3062 	3055
f 3062 	3057 	3055
f 3056 	3058 	3059
f 3058 	3061 	3059
# 12 faces

 #end of obj_370

o obj_371
v 59.5 		-64.5 		45
v 55.5 		-64.5 		45
v 59.5 		-64.5 		43.5
v 55.5 		-64.5 		43.5
v 55.5 		-65 		45
v 59.5 		-65 		45
v 55.5 		-65 		43.5
v 59.5 		-65 		43.5
# 8 vertices

g group_371_16089887

usemtl color_16089887
s 0

f 3063 	3065 	3064
f 3065 	3066 	3064
f 3067 	3069 	3068
f 3069 	3070 	3068
f 3067 	3068 	3064
f 3068 	3063 	3064
f 3070 	3069 	3065
f 3069 	3066 	3065
f 3068 	3070 	3063
f 3070 	3065 	3063
f 3064 	3066 	3067
f 3066 	3069 	3067
# 12 faces

 #end of obj_371

o obj_372
v 55 		-60.5 		45
v 51 		-60.5 		45
v 55 		-60.5 		43.5
v 51 		-60.5 		43.5
v 51 		-61 		45
v 55 		-61 		45
v 51 		-61 		43.5
v 55 		-61 		43.5
# 8 vertices

g group_372_16089887

usemtl color_16089887
s 0

f 3071 	3073 	3072
f 3073 	3074 	3072
f 3075 	3077 	3076
f 3077 	3078 	3076
f 3075 	3076 	3072
f 3076 	3071 	3072
f 3078 	3077 	3073
f 3077 	3074 	3073
f 3076 	3078 	3071
f 3078 	3073 	3071
f 3072 	3074 	3075
f 3074 	3077 	3075
# 12 faces

 #end of obj_372

o obj_373
v 50.5 		-64.5 		45
v 46.5 		-64.5 		45
v 50.5 		-64.5 		43.5
v 46.5 		-64.5 		43.5
v 46.5 		-65 		45
v 50.5 		-65 		45
v 46.5 		-65 		43.5
v 50.5 		-65 		43.5
# 8 vertices

g group_373_16089887

usemtl color_16089887
s 0

f 3079 	3081 	3080
f 3081 	3082 	3080
f 3083 	3085 	3084
f 3085 	3086 	3084
f 3083 	3084 	3080
f 3084 	3079 	3080
f 3086 	3085 	3081
f 3085 	3082 	3081
f 3084 	3086 	3079
f 3086 	3081 	3079
f 3080 	3082 	3083
f 3082 	3085 	3083
# 12 faces

 #end of obj_373

o obj_374
v 46 		-60.5 		45
v 42 		-60.5 		45
v 46 		-60.5 		43.5
v 42 		-60.5 		43.5
v 42 		-61 		45
v 46 		-61 		45
v 42 		-61 		43.5
v 46 		-61 		43.5
# 8 vertices

g group_374_16089887

usemtl color_16089887
s 0

f 3087 	3089 	3088
f 3089 	3090 	3088
f 3091 	3093 	3092
f 3093 	3094 	3092
f 3091 	3092 	3088
f 3092 	3087 	3088
f 3094 	3093 	3089
f 3093 	3090 	3089
f 3092 	3094 	3087
f 3094 	3089 	3087
f 3088 	3090 	3091
f 3090 	3093 	3091
# 12 faces

 #end of obj_374

o obj_375
v 41.5 		-64.5 		45
v 37.5 		-64.5 		45
v 41.5 		-64.5 		43.5
v 37.5 		-64.5 		43.5
v 37.5 		-65 		45
v 41.5 		-65 		45
v 37.5 		-65 		43.5
v 41.5 		-65 		43.5
# 8 vertices

g group_375_16089887

usemtl color_16089887
s 0

f 3095 	3097 	3096
f 3097 	3098 	3096
f 3099 	3101 	3100
f 3101 	3102 	3100
f 3099 	3100 	3096
f 3100 	3095 	3096
f 3102 	3101 	3097
f 3101 	3098 	3097
f 3100 	3102 	3095
f 3102 	3097 	3095
f 3096 	3098 	3099
f 3098 	3101 	3099
# 12 faces

 #end of obj_375

o obj_376
v 37 		-60.5 		45
v 33 		-60.5 		45
v 37 		-60.5 		43.5
v 33 		-60.5 		43.5
v 33 		-61 		45
v 37 		-61 		45
v 33 		-61 		43.5
v 37 		-61 		43.5
# 8 vertices

g group_376_16089887

usemtl color_16089887
s 0

f 3103 	3105 	3104
f 3105 	3106 	3104
f 3107 	3109 	3108
f 3109 	3110 	3108
f 3107 	3108 	3104
f 3108 	3103 	3104
f 3110 	3109 	3105
f 3109 	3106 	3105
f 3108 	3110 	3103
f 3110 	3105 	3103
f 3104 	3106 	3107
f 3106 	3109 	3107
# 12 faces

 #end of obj_376

o obj_377
v 32.5 		-64.5 		45
v 28.5 		-64.5 		45
v 32.5 		-64.5 		43.5
v 28.5 		-64.5 		43.5
v 28.5 		-65 		45
v 32.5 		-65 		45
v 28.5 		-65 		43.5
v 32.5 		-65 		43.5
# 8 vertices

g group_377_16089887

usemtl color_16089887
s 0

f 3111 	3113 	3112
f 3113 	3114 	3112
f 3115 	3117 	3116
f 3117 	3118 	3116
f 3115 	3116 	3112
f 3116 	3111 	3112
f 3118 	3117 	3113
f 3117 	3114 	3113
f 3116 	3118 	3111
f 3118 	3113 	3111
f 3112 	3114 	3115
f 3114 	3117 	3115
# 12 faces

 #end of obj_377

o obj_378
v 28 		-60.5 		45
v 25 		-60.5 		45
v 28 		-60.5 		43.5
v 25 		-60.5 		43.5
v 25 		-61 		45
v 28 		-61 		45
v 25 		-61 		43.5
v 28 		-61 		43.5
# 8 vertices

g group_378_16089887

usemtl color_16089887
s 0

f 3119 	3121 	3120
f 3121 	3122 	3120
f 3123 	3125 	3124
f 3125 	3126 	3124
f 3123 	3124 	3120
f 3124 	3119 	3120
f 3126 	3125 	3121
f 3125 	3122 	3121
f 3124 	3126 	3119
f 3126 	3121 	3119
f 3120 	3122 	3123
f 3122 	3125 	3123
# 12 faces

 #end of obj_378

o obj_379
v 98 		-85.5 		45
v 94.5 		-85.5 		45
v 98 		-85.5 		43.5
v 94.5 		-85.5 		43.5
v 94.5 		-86 		45
v 98 		-86 		45
v 94.5 		-86 		43.5
v 98 		-86 		43.5
# 8 vertices

g group_379_16089887

usemtl color_16089887
s 0

f 3127 	3129 	3128
f 3129 	3130 	3128
f 3131 	3133 	3132
f 3133 	3134 	3132
f 3131 	3132 	3128
f 3132 	3127 	3128
f 3134 	3133 	3129
f 3133 	3130 	3129
f 3132 	3134 	3127
f 3134 	3129 	3127
f 3128 	3130 	3131
f 3130 	3133 	3131
# 12 faces

 #end of obj_379

o obj_380
v 94 		-89.5 		45
v 90 		-89.5 		45
v 94 		-89.5 		43.5
v 90 		-89.5 		43.5
v 90 		-90 		45
v 94 		-90 		45
v 90 		-90 		43.5
v 94 		-90 		43.5
# 8 vertices

g group_380_16089887

usemtl color_16089887
s 0

f 3135 	3137 	3136
f 3137 	3138 	3136
f 3139 	3141 	3140
f 3141 	3142 	3140
f 3139 	3140 	3136
f 3140 	3135 	3136
f 3142 	3141 	3137
f 3141 	3138 	3137
f 3140 	3142 	3135
f 3142 	3137 	3135
f 3136 	3138 	3139
f 3138 	3141 	3139
# 12 faces

 #end of obj_380

o obj_381
v 89.5 		-85.5 		45
v 85.5 		-85.5 		45
v 89.5 		-85.5 		43.5
v 85.5 		-85.5 		43.5
v 85.5 		-86 		45
v 89.5 		-86 		45
v 85.5 		-86 		43.5
v 89.5 		-86 		43.5
# 8 vertices

g group_381_16089887

usemtl color_16089887
s 0

f 3143 	3145 	3144
f 3145 	3146 	3144
f 3147 	3149 	3148
f 3149 	3150 	3148
f 3147 	3148 	3144
f 3148 	3143 	3144
f 3150 	3149 	3145
f 3149 	3146 	3145
f 3148 	3150 	3143
f 3150 	3145 	3143
f 3144 	3146 	3147
f 3146 	3149 	3147
# 12 faces

 #end of obj_381

o obj_382
v 85 		-89.5 		45
v 81 		-89.5 		45
v 85 		-89.5 		43.5
v 81 		-89.5 		43.5
v 81 		-90 		45
v 85 		-90 		45
v 81 		-90 		43.5
v 85 		-90 		43.5
# 8 vertices

g group_382_16089887

usemtl color_16089887
s 0

f 3151 	3153 	3152
f 3153 	3154 	3152
f 3155 	3157 	3156
f 3157 	3158 	3156
f 3155 	3156 	3152
f 3156 	3151 	3152
f 3158 	3157 	3153
f 3157 	3154 	3153
f 3156 	3158 	3151
f 3158 	3153 	3151
f 3152 	3154 	3155
f 3154 	3157 	3155
# 12 faces

 #end of obj_382

o obj_383
v 80.5 		-85.5 		45
v 77.5 		-85.5 		45
v 80.5 		-85.5 		43.5
v 77.5 		-85.5 		43.5
v 77.5 		-86 		45
v 80.5 		-86 		45
v 77.5 		-86 		43.5
v 80.5 		-86 		43.5
# 8 vertices

g group_383_16089887

usemtl color_16089887
s 0

f 3159 	3161 	3160
f 3161 	3162 	3160
f 3163 	3165 	3164
f 3165 	3166 	3164
f 3163 	3164 	3160
f 3164 	3159 	3160
f 3166 	3165 	3161
f 3165 	3162 	3161
f 3164 	3166 	3159
f 3166 	3161 	3159
f 3160 	3162 	3163
f 3162 	3165 	3163
# 12 faces

 #end of obj_383

o obj_384
v 76.5 		-89.5 		45
v 72.5 		-89.5 		45
v 76.5 		-89.5 		43.5
v 72.5 		-89.5 		43.5
v 72.5 		-90 		45
v 76.5 		-90 		45
v 72.5 		-90 		43.5
v 76.5 		-90 		43.5
# 8 vertices

g group_384_16089887

usemtl color_16089887
s 0

f 3167 	3169 	3168
f 3169 	3170 	3168
f 3171 	3173 	3172
f 3173 	3174 	3172
f 3171 	3172 	3168
f 3172 	3167 	3168
f 3174 	3173 	3169
f 3173 	3170 	3169
f 3172 	3174 	3167
f 3174 	3169 	3167
f 3168 	3170 	3171
f 3170 	3173 	3171
# 12 faces

 #end of obj_384

o obj_385
v 72 		-85.5 		45
v 68 		-85.5 		45
v 72 		-85.5 		43.5
v 68 		-85.5 		43.5
v 68 		-86 		45
v 72 		-86 		45
v 68 		-86 		43.5
v 72 		-86 		43.5
# 8 vertices

g group_385_16089887

usemtl color_16089887
s 0

f 3175 	3177 	3176
f 3177 	3178 	3176
f 3179 	3181 	3180
f 3181 	3182 	3180
f 3179 	3180 	3176
f 3180 	3175 	3176
f 3182 	3181 	3177
f 3181 	3178 	3177
f 3180 	3182 	3175
f 3182 	3177 	3175
f 3176 	3178 	3179
f 3178 	3181 	3179
# 12 faces

 #end of obj_385

o obj_386
v 67.5 		-89.5 		45
v 63.5 		-89.5 		45
v 67.5 		-89.5 		43.5
v 63.5 		-89.5 		43.5
v 63.5 		-90 		45
v 67.5 		-90 		45
v 63.5 		-90 		43.5
v 67.5 		-90 		43.5
# 8 vertices

g group_386_16089887

usemtl color_16089887
s 0

f 3183 	3185 	3184
f 3185 	3186 	3184
f 3187 	3189 	3188
f 3189 	3190 	3188
f 3187 	3188 	3184
f 3188 	3183 	3184
f 3190 	3189 	3185
f 3189 	3186 	3185
f 3188 	3190 	3183
f 3190 	3185 	3183
f 3184 	3186 	3187
f 3186 	3189 	3187
# 12 faces

 #end of obj_386

o obj_387
v 63 		-85.5 		45
v 60.5 		-85.5 		45
v 63 		-85.5 		43.5
v 60.5 		-85.5 		43.5
v 60.5 		-86 		45
v 63 		-86 		45
v 60.5 		-86 		43.5
v 63 		-86 		43.5
# 8 vertices

g group_387_16089887

usemtl color_16089887
s 0

f 3191 	3193 	3192
f 3193 	3194 	3192
f 3195 	3197 	3196
f 3197 	3198 	3196
f 3195 	3196 	3192
f 3196 	3191 	3192
f 3198 	3197 	3193
f 3197 	3194 	3193
f 3196 	3198 	3191
f 3198 	3193 	3191
f 3192 	3194 	3195
f 3194 	3197 	3195
# 12 faces

 #end of obj_387

o obj_388
v 59.5 		-89.5 		45
v 55.5 		-89.5 		45
v 59.5 		-89.5 		43.5
v 55.5 		-89.5 		43.5
v 55.5 		-90 		45
v 59.5 		-90 		45
v 55.5 		-90 		43.5
v 59.5 		-90 		43.5
# 8 vertices

g group_388_16089887

usemtl color_16089887
s 0

f 3199 	3201 	3200
f 3201 	3202 	3200
f 3203 	3205 	3204
f 3205 	3206 	3204
f 3203 	3204 	3200
f 3204 	3199 	3200
f 3206 	3205 	3201
f 3205 	3202 	3201
f 3204 	3206 	3199
f 3206 	3201 	3199
f 3200 	3202 	3203
f 3202 	3205 	3203
# 12 faces

 #end of obj_388

o obj_389
v 55 		-85.5 		45
v 51 		-85.5 		45
v 55 		-85.5 		43.5
v 51 		-85.5 		43.5
v 51 		-86 		45
v 55 		-86 		45
v 51 		-86 		43.5
v 55 		-86 		43.5
# 8 vertices

g group_389_16089887

usemtl color_16089887
s 0

f 3207 	3209 	3208
f 3209 	3210 	3208
f 3211 	3213 	3212
f 3213 	3214 	3212
f 3211 	3212 	3208
f 3212 	3207 	3208
f 3214 	3213 	3209
f 3213 	3210 	3209
f 3212 	3214 	3207
f 3214 	3209 	3207
f 3208 	3210 	3211
f 3210 	3213 	3211
# 12 faces

 #end of obj_389

o obj_390
v 50.5 		-89.5 		45
v 46.5 		-89.5 		45
v 50.5 		-89.5 		43.5
v 46.5 		-89.5 		43.5
v 46.5 		-90 		45
v 50.5 		-90 		45
v 46.5 		-90 		43.5
v 50.5 		-90 		43.5
# 8 vertices

g group_390_16089887

usemtl color_16089887
s 0

f 3215 	3217 	3216
f 3217 	3218 	3216
f 3219 	3221 	3220
f 3221 	3222 	3220
f 3219 	3220 	3216
f 3220 	3215 	3216
f 3222 	3221 	3217
f 3221 	3218 	3217
f 3220 	3222 	3215
f 3222 	3217 	3215
f 3216 	3218 	3219
f 3218 	3221 	3219
# 12 faces

 #end of obj_390

o obj_391
v 46 		-85.5 		45
v 42 		-85.5 		45
v 46 		-85.5 		43.5
v 42 		-85.5 		43.5
v 42 		-86 		45
v 46 		-86 		45
v 42 		-86 		43.5
v 46 		-86 		43.5
# 8 vertices

g group_391_16089887

usemtl color_16089887
s 0

f 3223 	3225 	3224
f 3225 	3226 	3224
f 3227 	3229 	3228
f 3229 	3230 	3228
f 3227 	3228 	3224
f 3228 	3223 	3224
f 3230 	3229 	3225
f 3229 	3226 	3225
f 3228 	3230 	3223
f 3230 	3225 	3223
f 3224 	3226 	3227
f 3226 	3229 	3227
# 12 faces

 #end of obj_391

o obj_392
v 41.5 		-89.5 		45
v 37.5 		-89.5 		45
v 41.5 		-89.5 		43.5
v 37.5 		-89.5 		43.5
v 37.5 		-90 		45
v 41.5 		-90 		45
v 37.5 		-90 		43.5
v 41.5 		-90 		43.5
# 8 vertices

g group_392_16089887

usemtl color_16089887
s 0

f 3231 	3233 	3232
f 3233 	3234 	3232
f 3235 	3237 	3236
f 3237 	3238 	3236
f 3235 	3236 	3232
f 3236 	3231 	3232
f 3238 	3237 	3233
f 3237 	3234 	3233
f 3236 	3238 	3231
f 3238 	3233 	3231
f 3232 	3234 	3235
f 3234 	3237 	3235
# 12 faces

 #end of obj_392

o obj_393
v 37 		-85.5 		45
v 33 		-85.5 		45
v 37 		-85.5 		43.5
v 33 		-85.5 		43.5
v 33 		-86 		45
v 37 		-86 		45
v 33 		-86 		43.5
v 37 		-86 		43.5
# 8 vertices

g group_393_16089887

usemtl color_16089887
s 0

f 3239 	3241 	3240
f 3241 	3242 	3240
f 3243 	3245 	3244
f 3245 	3246 	3244
f 3243 	3244 	3240
f 3244 	3239 	3240
f 3246 	3245 	3241
f 3245 	3242 	3241
f 3244 	3246 	3239
f 3246 	3241 	3239
f 3240 	3242 	3243
f 3242 	3245 	3243
# 12 faces

 #end of obj_393

o obj_394
v 32.5 		-89.5 		45
v 28.5 		-89.5 		45
v 32.5 		-89.5 		43.5
v 28.5 		-89.5 		43.5
v 28.5 		-90 		45
v 32.5 		-90 		45
v 28.5 		-90 		43.5
v 32.5 		-90 		43.5
# 8 vertices

g group_394_16089887

usemtl color_16089887
s 0

f 3247 	3249 	3248
f 3249 	3250 	3248
f 3251 	3253 	3252
f 3253 	3254 	3252
f 3251 	3252 	3248
f 3252 	3247 	3248
f 3254 	3253 	3249
f 3253 	3250 	3249
f 3252 	3254 	3247
f 3254 	3249 	3247
f 3248 	3250 	3251
f 3250 	3253 	3251
# 12 faces

 #end of obj_394

o obj_395
v 28 		-85.5 		45
v 25 		-85.5 		45
v 28 		-85.5 		43.5
v 25 		-85.5 		43.5
v 25 		-86 		45
v 28 		-86 		45
v 25 		-86 		43.5
v 28 		-86 		43.5
# 8 vertices

g group_395_16089887

usemtl color_16089887
s 0

f 3255 	3257 	3256
f 3257 	3258 	3256
f 3259 	3261 	3260
f 3261 	3262 	3260
f 3259 	3260 	3256
f 3260 	3255 	3256
f 3262 	3261 	3257
f 3261 	3258 	3257
f 3260 	3262 	3255
f 3262 	3257 	3255
f 3256 	3258 	3259
f 3258 	3261 	3259
# 12 faces

 #end of obj_395

o obj_396
v 99 		-60 		45
v 98 		-60 		45
v 99 		-60 		42.5
v 98 		-60 		42.5
v 98 		-74 		45
v 99 		-74 		45
v 98 		-74 		42.5
v 99 		-74 		42.5
# 8 vertices

g group_396_4634441

usemtl color_4634441
s 0

f 3263 	3265 	3264
f 3265 	3266 	3264
f 3267 	3269 	3268
f 3269 	3270 	3268
f 3267 	3268 	3264
f 3268 	3263 	3264
f 3270 	3269 	3265
f 3269 	3266 	3265
f 3268 	3270 	3263
f 3270 	3265 	3263
f 3264 	3266 	3267
f 3266 	3269 	3267
# 12 faces

 #end of obj_396

o obj_397
v 98 		-61 		45
v 98 		-60 		45
v 98 		-61 		42.5
v 98 		-60 		42.5
v 77.5 		-60 		45
v 77.5 		-61 		45
v 77.5 		-60 		42.5
v 77.5 		-61 		42.5
# 8 vertices

g group_397_4634441

usemtl color_4634441
s 0

f 3271 	3273 	3272
f 3273 	3274 	3272
f 3275 	3277 	3276
f 3277 	3278 	3276
f 3275 	3276 	3272
f 3276 	3271 	3272
f 3278 	3277 	3273
f 3277 	3274 	3273
f 3276 	3278 	3271
f 3278 	3273 	3271
f 3272 	3274 	3275
f 3274 	3277 	3275
# 12 faces

 #end of obj_397

o obj_398
v 94.5 		-74.5 		45
v 94.5 		-61 		45
v 94.5 		-74.5 		43.5
v 94.5 		-61 		43.5
v 94 		-61 		45
v 94 		-74.5 		45
v 94 		-61 		43.5
v 94 		-74.5 		43.5
# 8 vertices

g group_398_16768282

usemtl color_16768282
s 0

f 3279 	3281 	3280
f 3281 	3282 	3280
f 3283 	3285 	3284
f 3285 	3286 	3284
f 3283 	3284 	3280
f 3284 	3279 	3280
f 3286 	3285 	3281
f 3285 	3282 	3281
f 3284 	3286 	3279
f 3286 	3281 	3279
f 3280 	3282 	3283
f 3282 	3285 	3283
# 12 faces

 #end of obj_398

o obj_399
v 90 		-74.5 		45
v 90 		-61 		45
v 90 		-74.5 		43.5
v 90 		-61 		43.5
v 89.5 		-61 		45
v 89.5 		-74.5 		45
v 89.5 		-61 		43.5
v 89.5 		-74.5 		43.5
# 8 vertices

g group_399_16768282

usemtl color_16768282
s 0

f 3287 	3289 	3288
f 3289 	3290 	3288
f 3291 	3293 	3292
f 3293 	3294 	3292
f 3291 	3292 	3288
f 3292 	3287 	3288
f 3294 	3293 	3289
f 3293 	3290 	3289
f 3292 	3294 	3287
f 3294 	3289 	3287
f 3288 	3290 	3291
f 3290 	3293 	3291
# 12 faces

 #end of obj_399

o obj_400
v 85.5 		-74.5 		45
v 85.5 		-61 		45
v 85.5 		-74.5 		43.5
v 85.5 		-61 		43.5
v 85 		-61 		45
v 85 		-74.5 		45
v 85 		-61 		43.5
v 85 		-74.5 		43.5
# 8 vertices

g group_400_16768282

usemtl color_16768282
s 0

f 3295 	3297 	3296
f 3297 	3298 	3296
f 3299 	3301 	3300
f 3301 	3302 	3300
f 3299 	3300 	3296
f 3300 	3295 	3296
f 3302 	3301 	3297
f 3301 	3298 	3297
f 3300 	3302 	3295
f 3302 	3297 	3295
f 3296 	3298 	3299
f 3298 	3301 	3299
# 12 faces

 #end of obj_400

o obj_401
v 81 		-74.5 		45
v 81 		-61 		45
v 81 		-74.5 		43.5
v 81 		-61 		43.5
v 80.5 		-61 		45
v 80.5 		-74.5 		45
v 80.5 		-61 		43.5
v 80.5 		-74.5 		43.5
# 8 vertices

g group_401_16768282

usemtl color_16768282
s 0

f 3303 	3305 	3304
f 3305 	3306 	3304
f 3307 	3309 	3308
f 3309 	3310 	3308
f 3307 	3308 	3304
f 3308 	3303 	3304
f 3310 	3309 	3305
f 3309 	3306 	3305
f 3308 	3310 	3303
f 3310 	3305 	3303
f 3304 	3306 	3307
f 3306 	3309 	3307
# 12 faces

 #end of obj_401

o obj_402
v 24 		0 		45
v 24 		1 		45
v 24 		0 		42.5
v 24 		1 		42.5
v 10 		1 		45
v 10 		0 		45
v 10 		1 		42.5
v 10 		0 		42.5
# 8 vertices

g group_402_4634441

usemtl color_4634441
s 0

f 3311 	3313 	3312
f 3313 	3314 	3312
f 3315 	3317 	3316
f 3317 	3318 	3316
f 3315 	3316 	3312
f 3316 	3311 	3312
f 3318 	3317 	3313
f 3317 	3314 	3313
f 3316 	3318 	3311
f 3318 	3313 	3311
f 3312 	3314 	3315
f 3314 	3317 	3315
# 12 faces

 #end of obj_402

o obj_403
v 24 		-25.5 		45
v 24 		-24.5 		45
v 24 		-25.5 		42.5
v 24 		-24.5 		42.5
v 10 		-24.5 		45
v 10 		-25.5 		45
v 10 		-24.5 		42.5
v 10 		-25.5 		42.5
# 8 vertices

g group_403_4634441

usemtl color_4634441
s 0

f 3319 	3321 	3320
f 3321 	3322 	3320
f 3323 	3325 	3324
f 3325 	3326 	3324
f 3323 	3324 	3320
f 3324 	3319 	3320
f 3326 	3325 	3321
f 3325 	3322 	3321
f 3324 	3326 	3319
f 3326 	3321 	3319
f 3320 	3322 	3323
f 3322 	3325 	3323
# 12 faces

 #end of obj_403

o obj_404
v 24 		-50.5 		45
v 24 		-49.5 		45
v 24 		-50.5 		42.5
v 24 		-49.5 		42.5
v 10 		-49.5 		45
v 10 		-50.5 		45
v 10 		-49.5 		42.5
v 10 		-50.5 		42.5
# 8 vertices

g group_404_4634441

usemtl color_4634441
s 0

f 3327 	3329 	3328
f 3329 	3330 	3328
f 3331 	3333 	3332
f 3333 	3334 	3332
f 3331 	3332 	3328
f 3332 	3327 	3328
f 3334 	3333 	3329
f 3333 	3330 	3329
f 3332 	3334 	3327
f 3334 	3329 	3327
f 3328 	3330 	3331
f 3330 	3333 	3331
# 12 faces

 #end of obj_404

o obj_405
v 11 		0 		45
v 10 		0 		45
v 11 		0 		42.5
v 10 		0 		42.5
v 10 		-24.5 		45
v 11 		-24.5 		45
v 10 		-24.5 		42.5
v 11 		-24.5 		42.5
# 8 vertices

g group_405_4634441

usemtl color_4634441
s 0

f 3335 	3337 	3336
f 3337 	3338 	3336
f 3339 	3341 	3340
f 3341 	3342 	3340
f 3339 	3340 	3336
f 3340 	3335 	3336
f 3342 	3341 	3337
f 3341 	3338 	3337
f 3340 	3342 	3335
f 3342 	3337 	3335
f 3336 	3338 	3339
f 3338 	3341 	3339
# 12 faces

 #end of obj_405

o obj_406
v 11 		-25.5 		45
v 10 		-25.5 		45
v 11 		-25.5 		42.5
v 10 		-25.5 		42.5
v 10 		-49.5 		45
v 11 		-49.5 		45
v 10 		-49.5 		42.5
v 11 		-49.5 		42.5
# 8 vertices

g group_406_4634441

usemtl color_4634441
s 0

f 3343 	3345 	3344
f 3345 	3346 	3344
f 3347 	3349 	3348
f 3349 	3350 	3348
f 3347 	3348 	3344
f 3348 	3343 	3344
f 3350 	3349 	3345
f 3349 	3346 	3345
f 3348 	3350 	3343
f 3350 	3345 	3343
f 3344 	3346 	3347
f 3346 	3349 	3347
# 12 faces

 #end of obj_406

o obj_407
v 20 		-24.5 		45
v 20 		0 		45
v 20 		-24.5 		43.5
v 20 		0 		43.5
v 19.5 		0 		45
v 19.5 		-24.5 		45
v 19.5 		0 		43.5
v 19.5 		-24.5 		43.5
# 8 vertices

g group_407_16768282

usemtl color_16768282
s 0

f 3351 	3353 	3352
f 3353 	3354 	3352
f 3355 	3357 	3356
f 3357 	3358 	3356
f 3355 	3356 	3352
f 3356 	3351 	3352
f 3358 	3357 	3353
f 3357 	3354 	3353
f 3356 	3358 	3351
f 3358 	3353 	3351
f 3352 	3354 	3355
f 3354 	3357 	3355
# 12 faces

 #end of obj_407

o obj_408
v 24 		-14 		45
v 20 		-14 		45
v 24 		-14 		43.5
v 20 		-14 		43.5
v 20 		-14.5 		45
v 24 		-14.5 		45
v 20 		-14.5 		43.5
v 24 		-14.5 		43.5
# 8 vertices

g group_408_16089887

usemtl color_16089887
s 0

f 3359 	3361 	3360
f 3361 	3362 	3360
f 3363 	3365 	3364
f 3365 	3366 	3364
f 3363 	3364 	3360
f 3364 	3359 	3360
f 3366 	3365 	3361
f 3365 	3362 	3361
f 3364 	3366 	3359
f 3366 	3361 	3359
f 3360 	3362 	3363
f 3362 	3365 	3363
# 12 faces

 #end of obj_408

o obj_409
v 19.5 		-10 		45
v 15.5 		-10 		45
v 19.5 		-10 		43.5
v 15.5 		-10 		43.5
v 15.5 		-10.5 		45
v 19.5 		-10.5 		45
v 15.5 		-10.5 		43.5
v 19.5 		-10.5 		43.5
# 8 vertices

g group_409_16089887

usemtl color_16089887
s 0

f 3367 	3369 	3368
f 3369 	3370 	3368
f 3371 	3373 	3372
f 3373 	3374 	3372
f 3371 	3372 	3368
f 3372 	3367 	3368
f 3374 	3373 	3369
f 3373 	3370 	3369
f 3372 	3374 	3367
f 3374 	3369 	3367
f 3368 	3370 	3371
f 3370 	3373 	3371
# 12 faces

 #end of obj_409

o obj_410
v 15.5 		-24.5 		45
v 15.5 		0 		45
v 15.5 		-24.5 		43.5
v 15.5 		0 		43.5
v 15 		0 		45
v 15 		-24.5 		45
v 15 		0 		43.5
v 15 		-24.5 		43.5
# 8 vertices

g group_410_16768282

usemtl color_16768282
s 0

f 3375 	3377 	3376
f 3377 	3378 	3376
f 3379 	3381 	3380
f 3381 	3382 	3380
f 3379 	3380 	3376
f 3380 	3375 	3376
f 3382 	3381 	3377
f 3381 	3378 	3377
f 3380 	3382 	3375
f 3382 	3377 	3375
f 3376 	3378 	3379
f 3378 	3381 	3379
# 12 faces

 #end of obj_410

o obj_411
v 15 		-14 		45
v 11 		-14 		45
v 15 		-14 		43.5
v 11 		-14 		43.5
v 11 		-14.5 		45
v 15 		-14.5 		45
v 11 		-14.5 		43.5
v 15 		-14.5 		43.5
# 8 vertices

g group_411_16089887

usemtl color_16089887
s 0

f 3383 	3385 	3384
f 3385 	3386 	3384
f 3387 	3389 	3388
f 3389 	3390 	3388
f 3387 	3388 	3384
f 3388 	3383 	3384
f 3390 	3389 	3385
f 3389 	3386 	3385
f 3388 	3390 	3383
f 3390 	3385 	3383
f 3384 	3386 	3387
f 3386 	3389 	3387
# 12 faces

 #end of obj_411

o obj_412
v 20 		-49.5 		45
v 20 		-25.5 		45
v 20 		-49.5 		43.5
v 20 		-25.5 		43.5
v 19.5 		-25.5 		45
v 19.5 		-49.5 		45
v 19.5 		-25.5 		43.5
v 19.5 		-49.5 		43.5
# 8 vertices

g group_412_16768282

usemtl color_16768282
s 0

f 3391 	3393 	3392
f 3393 	3394 	3392
f 3395 	3397 	3396
f 3397 	3398 	3396
f 3395 	3396 	3392
f 3396 	3391 	3392
f 3398 	3397 	3393
f 3397 	3394 	3393
f 3396 	3398 	3391
f 3398 	3393 	3391
f 3392 	3394 	3395
f 3394 	3397 	3395
# 12 faces

 #end of obj_412

o obj_413
v 15.5 		-49.5 		45
v 15.5 		-25.5 		45
v 15.5 		-49.5 		43.5
v 15.5 		-25.5 		43.5
v 15 		-25.5 		45
v 15 		-49.5 		45
v 15 		-25.5 		43.5
v 15 		-49.5 		43.5
# 8 vertices

g group_413_16768282

usemtl color_16768282
s 0

f 3399 	3401 	3400
f 3401 	3402 	3400
f 3403 	3405 	3404
f 3405 	3406 	3404
f 3403 	3404 	3400
f 3404 	3399 	3400
f 3406 	3405 	3401
f 3405 	3402 	3401
f 3404 	3406 	3399
f 3406 	3401 	3399
f 3400 	3402 	3403
f 3402 	3405 	3403
# 12 faces

 #end of obj_413

o obj_414
v 24 		-39.5 		45
v 20 		-39.5 		45
v 24 		-39.5 		43.5
v 20 		-39.5 		43.5
v 20 		-40 		45
v 24 		-40 		45
v 20 		-40 		43.5
v 24 		-40 		43.5
# 8 vertices

g group_414_16089887

usemtl color_16089887
s 0

f 3407 	3409 	3408
f 3409 	3410 	3408
f 3411 	3413 	3412
f 3413 	3414 	3412
f 3411 	3412 	3408
f 3412 	3407 	3408
f 3414 	3413 	3409
f 3413 	3410 	3409
f 3412 	3414 	3407
f 3414 	3409 	3407
f 3408 	3410 	3411
f 3410 	3413 	3411
# 12 faces

 #end of obj_414

o obj_415
v 19.5 		-35.5 		45
v 15.5 		-35.5 		45
v 19.5 		-35.5 		43.5
v 15.5 		-35.5 		43.5
v 15.5 		-36 		45
v 19.5 		-36 		45
v 15.5 		-36 		43.5
v 19.5 		-36 		43.5
# 8 vertices

g group_415_16089887

usemtl color_16089887
s 0

f 3415 	3417 	3416
f 3417 	3418 	3416
f 3419 	3421 	3420
f 3421 	3422 	3420
f 3419 	3420 	3416
f 3420 	3415 	3416
f 3422 	3421 	3417
f 3421 	3418 	3417
f 3420 	3422 	3415
f 3422 	3417 	3415
f 3416 	3418 	3419
f 3418 	3421 	3419
# 12 faces

 #end of obj_415

o obj_416
v 15 		-39.5 		45
v 11 		-39.5 		45
v 15 		-39.5 		43.5
v 11 		-39.5 		43.5
v 11 		-40 		45
v 15 		-40 		45
v 11 		-40 		43.5
v 15 		-40 		43.5
# 8 vertices

g group_416_16089887

usemtl color_16089887
s 0

f 3423 	3425 	3424
f 3425 	3426 	3424
f 3427 	3429 	3428
f 3429 	3430 	3428
f 3427 	3428 	3424
f 3428 	3423 	3424
f 3430 	3429 	3425
f 3429 	3426 	3425
f 3428 	3430 	3423
f 3430 	3425 	3423
f 3424 	3426 	3427
f 3426 	3429 	3427
# 12 faces

 #end of obj_416

o obj_417
v 115.0000 		15.0000 		50.0000
v 125.0000 		15.0000 		50.0000
v 123.0000 		21.0000 		54.0000
v 113.0000 		21.0000 		54.0000
# 4 vertices

g group_417_color_temp_plane

usemtl color_temp_plane
s 0

f 3431 	3432 	3433
f 3431 	3433 	3434
# 2 faces

 #end of obj_417

o obj_418
v 115.0000 		27.0000 		50.0000
v 125.0000 		27.0000 		50.0000
v 125.0000 		33.0000 		50.0000
v 115.0000 		33.0000 		50.0000
v 115.0000 		27.0000 		54.0000
v 125.0000 		27.0000 		54.0000
v 125.0000 		33.0000 		54.0000
v 115.0000 		33.0000 		54.0000
# 8 vertices

g group_418_color_temp_volume

usemtl color_temp_volume
s 0

f 3435 	3436 	3437
f 3435 	3437 	3438
f 3439 	3440 	3441
f 3439 	3441 	3442
f 3435 	3436 	3440
f 3435 	3440 	3439
f 3436 	3437 	3441
f 3436 	3441 	3440
f 3437 	3438 	3442
f 3437 	3442 	3441
f 3435 	3438 	3442
f 3435 	3442 	3439
# 12 faces

 #end of obj_418

o obj_419
v 115.0000 		39.0000 		50.0000
v 125.0000 		39.0000 		50.0000
v 127.0000 		45.0000 		51.0000
v 117.0000 		45.0000 		51.0000
v 115.0000 		39.0000 		55.0000
v 125.0000 		39.0000 		56.0000
v 127.0000 		45.0000 		57.0000
v 117.0000 		45.0000 		56.0000
# 8 vertices

g group_419_color_temp_volume

usemtl color_temp_volume
s 0

f 3443 	3444 	3445
f 3443 	3445 	3446
f 3447 	3448 	3449
f 3447 	3449 	3450
f 3443 	3444 	3448
f 3443 	3448 	3447
f 3444 	3445 	3449
f 3444 	3449 	3448
f 3445 	3446 	3450
f 3445 	3450 	3449
f 3443 	3446 	3450
f 3443 	3450 	3447
# 12 faces

 #end of obj_419

o obj_420
v 115.0000 		51.0000 		50.0000
v 115.0000 		51.0000 		55.0000
v 119.0000 		54.0000 		55.0000
v 119.0000 		54.0000 		56.0000
v 115.0000 		59.0000 		50.0000
v 119.0000 		59.0000 		51.0000
v 119.0000 		60.0000 		51.0000
v 115.0000 		59.0000 		55.0000
v 119.0000 		59.0000 		55.0000
v 119.0000 		60.0000 		56.0000
v 125.0000 		51.0000 		50.0000
v 125.0000 		54.0000 		51.0000
v 129.0000 		54.0000 		51.0000
v 125.0000 		51.0000 		55.0000
v 125.0000 		54.0000 		55.0000
v 129.0000 		54.0000 		56.0000
v 125.0000 		59.0000 		50.0000
v 125.0000 		59.0000 		51.0000
v 129.0000 		60.0000 		51.0000
v 129.0000 		60.0000 		56.0000
# 20 vertices

g group_420_color_temp_result

usemtl color_temp_result
s 0

f 3451 	3461 	3452
f 3451 	3455 	3461
f 3451 	3452 	3458
f 3452 	3453 	3459
f 3452 	3461 	3464
f 3452 	3464 	3453
f 3451 	3458 	3455
f 3455 	3458 	3456
f 3455 	3467 	3461
f 3455 	3456 	3467
f 3452 	3459 	3458
f 3458 	3459 	3456
f 3461 	3462 	3465
f 3461 	3467 	3462
f 3461 	3465 	3464
f 3464 	3465 	3453
f 3467 	3468 	3462
f 3467 	3456 	3468
f 3454 	3453 	3465
f 3457 	3468 	3456
f 3457 	3456 	3459
f 3454 	3459 	3453
f 3454 	3460 	3459
f 3457 	3459 	3460
f 3463 	3465 	3462
f 3454 	3465 	3466
f 3463 	3466 	3465
f 3457 	3469 	3468
f 3469 	3462 	3468
f 3463 	3462 	3469
f 3463 	3469 	3466
f 3457 	3470 	3469
f 3457 	3460 	3470
f 3454 	3470 	3460
f 3454 	3466 	3470
f 3466 	3469 	3470
# 36 faces

 #end of obj_420

o obj_421
v 115.0000 		63.0000 		50.0000
v 118.0000 		65.0000 		51.0000
v 115.0000 		63.0000 		56.0000
v 118.0000 		65.0000 		55.0000
v 115.0000 		71.0000 		50.0000
v 118.0000 		69.0000 		51.0000
v 115.0000 		71.0000 		56.0000
v 118.0000 		69.0000 		55.0000
v 127.0000 		63.0000 		50.0000
v 124.0000 		65.0000 		51.0000
v 127.0000 		63.0000 		56.0000
v 124.0000 		65.0000 		55.0000
v 124.0000 		69.0000 		51.0000
v 127.0000 		71.0000 		50.0000
v 124.0000 		69.0000 		55.0000
v 127.0000 		71.0000 		56.0000
# 16 vertices

g group_421_color_temp_result

usemtl color_temp_result
s 0

f 3471 	3479 	3473
f 3471 	3475 	3479
f 3471 	3473 	3477
f 3471 	3477 	3475
f 3473 	3486 	3477
f 3475 	3477 	3486
f 3479 	3484 	3481
f 3473 	3479 	3481
f 3473 	3481 	3486
f 3475 	3484 	3479
f 3475 	3486 	3484
f 3481 	3484 	3486
f 3472 	3480 	3476
f 3472 	3474 	3480
f 3472 	3478 	3474
f 3472 	3476 	3478
f 3474 	3478 	3485
f 3476 	3485 	3478
f 3480 	3482 	3483
f 3474 	3482 	3480
f 3474 	3485 	3482
f 3476 	3480 	3483
f 3476 	3483 	3485
f 3482 	3485 	3483
# 24 faces

 #end of obj_421

o obj_422
v 120.0000 		77.0000 		51.0000
v 120.0000 		77.0000 		55.0000
v 120.0000 		82.0000 		51.0000
v 120.0000 		82.0000 		55.0000
v 124.0000 		77.0000 		51.0000
v 124.0000 		77.0000 		55.0000
v 124.0000 		82.0000 		51.0000
v 124.0000 		82.0000 		55.0000
# 8 vertices

g group_422_color_temp_result

usemtl color_temp_result
s 0

f 3494 	3490 	3488
f 3494 	3489 	3490
f 3494 	3488 	3492
f 3494 	3492 	3491
f 3494 	3493 	3489
f 3494 	3491 	3493
f 3487 	3488 	3490
f 3487 	3492 	3488
f 3487 	3490 	3489
f 3487 	3489 	3493
f 3487 	3491 	3492
f 3487 	3493 	3491
# 12 faces

 #end of obj_422

o obj_423
v 115.0000 		87.0000 		50.0000
v 115.0000 		87.0000 		60.0000
v 115.0000 		87.0000 		65.0000
v 115.0000 		89.0000 		50.0000
v 115.0000 		89.0000 		60.0000
v 115.0000 		89.0000 		65.0000
v 117.0000 		87.0000 		50.0000
v 117.0000 		87.0000 		60.0000
v 117.0000 		87.0000 		65.0000
v 117.0000 		89.0000 		50.0000
v 117.0000 		89.0000 		60.0000
v 117.0000 		89.0000 		65.0000
# 12 vertices

g group_423_color_temp_result

usemtl color_temp_result
s 0

f 3495 	3496 	3499
f 3495 	3501 	3496
f 3495 	3498 	3501
f 3495 	3499 	3498
f 3498 	3499 	3505
f 3496 	3501 	3502
f 3501 	3504 	3502
f 3498 	3504 	3501
f 3498 	3505 	3504
f 3502 	3504 	3505
f 3496 	3497 	3500
f 3496 	3502 	3497
f 3496 	3500 	3499
f 3497 	3506 	3500
f 3499 	3500 	3506
f 3497 	3502 	3503
f 3497 	3503 	3506
f 3503 	3502 	3505
f 3499 	3506 	3505
f 3503 	3505 	3506
# 20 faces

 #end of obj_423

o obj_424
v 5.0000 		1.0000 		89.1096
v 118.0000 		1.0000 		65.8904
v 118.0000 		-101.0000 		65.8904
v 5.0000 		-101.0000 		89.1096
# 4 vertices

g group_424_color_temp_plane

usemtl color_temp_plane
s 0

f 3507 	3508 	3509
f 3507 	3509 	3510
# 2 faces

 #end of obj_424

o obj_425
v 6.0833 		-0.5000 		88.8870
v 7.4255 		-0.5000 		88.6112
v 5.0000 		-0.5000 		89.1096
v 5.0000 		-0.5000 		90.6532
v 5.6711 		-0.5000 		91.4717
v 6.0833 		0.5000 		88.8870
v 7.4255 		0.5000 		88.6112
v 5.0000 		0.5000 		89.1096
v 5.0000 		0.5000 		90.6532
v 5.6711 		0.5000 		91.4717
v 25.0000 		-0.5000 		85.0000
v 25.0000 		-0.5000 		87.5000
v 25.0000 		0.5000 		85.0000
v 25.0000 		0.5000 		87.5000
# 14 vertices

g group_425_color_7035299

usemtl color_7035299
s 0

f 3521 	3512 	3517
f 3513 	3511 	3514
f 3513 	3518 	3511
f 3513 	3514 	3519
f 3522 	3515 	3512
f 3518 	3516 	3511
f 3513 	3519 	3518
f 3518 	3519 	3516
f 3524 	3520 	3515
f 3523 	3517 	3520
f 3521 	3522 	3512
f 3521 	3524 	3522
f 3522 	3524 	3515
f 3521 	3517 	3523
f 3523 	3520 	3524
f 3521 	3523 	3524
f 3512 	3515 	3517
f 3514 	3511 	3519
f 3516 	3519 	3511
f 3515 	3520 	3517
# 20 faces

 #end of obj_425

o obj_426
v 25.0000 		-0.5000 		85.0000
v 60.0000 		-0.5000 		77.8082
v 60.0000 		0.5000 		77.8082
v 25.0000 		0.5000 		85.0000
v 25.0000 		-0.5000 		87.5000
v 60.0000 		-0.5000 		80.3082
v 60.0000 		0.5000 		80.3082
v 25.0000 		0.5000 		87.5000
# 8 vertices

g group_426_color_7035299

usemtl color_7035299
s 0

f 3527 	3526 	3525
f 3528 	3527 	3525
f 3531 	3532 	3529
f 3530 	3531 	3529
f 3530 	3529 	3525
f 3526 	3530 	3525
f 3532 	3531 	3527
f 3528 	3532 	3527
f 3531 	3530 	3526
f 3527 	3531 	3526
f 3532 	3528 	3525
f 3529 	3532 	3525
# 12 faces

 #end of obj_426

o obj_427
v 60.0000 		-0.5000 		77.8082
v 77.0000 		-0.5000 		74.3151
v 77.0000 		0.5000 		74.3151
v 60.0000 		0.5000 		77.8082
v 60.0000 		-0.5000 		80.3082
v 77.0000 		-0.5000 		76.8151
v 77.0000 		0.5000 		76.8151
v 60.0000 		0.5000 		80.3082
# 8 vertices

g group_427_color_7035299

usemtl color_7035299
s 0

f 3535 	3534 	3533
f 3536 	3535 	3533
f 3539 	3540 	3537
f 3538 	3539 	3537
f 3538 	3537 	3533
f 3534 	3538 	3533
f 3540 	3539 	3535
f 3536 	3540 	3535
f 3539 	3538 	3534
f 3535 	3539 	3534
f 3540 	3536 	3533
f 3537 	3540 	3533
# 12 faces

 #end of obj_427

o obj_428
v 77.0000 		-0.5000 		74.3151
v 98.0000 		-0.5000 		70.0000
v 98.0000 		0.5000 		70.0000
v 77.0000 		0.5000 		74.3151
v 77.0000 		-0.5000 		76.8151
v 98.0000 		-0.5000 		72.5000
v 98.0000 		0.5000 		72.5000
v 77.0000 		0.5000 		76.8151
# 8 vertices

g group_428_color_7035299

usemtl color_7035299
s 0

f 3543 	3542 	3541
f 3544 	3543 	3541
f 3547 	3548 	3545
f 3546 	3547 	3545
f 3546 	3545 	3541
f 3542 	3546 	3541
f 3548 	3547 	3543
f 3544 	3548 	3543
f 3547 	3546 	3542
f 3543 	3547 	3542
f 3548 	3544 	3541
f 3545 	3548 	3541
# 12 faces

 #end of obj_428

o obj_429
v 98.0000 		-0.5000 		70.0000
v 98.0000 		-0.5000 		72.5000
v 98.0000 		0.5000 		70.0000
v 98.0000 		0.5000 		72.5000
v 115.1146 		-0.5000 		66.4833
v 113.4780 		-0.5000 		66.8196
v 118.0000 		-0.5000 		65.8904
v 118.0000 		-0.5000 		67.8380
v 117.1817 		-0.5000 		68.5586
v 115.1146 		0.5000 		66.4833
v 113.4780 		0.5000 		66.8196
v 118.0000 		0.5000 		65.8904
v 118.0000 		0.5000 		67.8380
v 117.1817 		0.5000 		68.5586
# 14 vertices

g group_429_color_7035299

usemtl color_7035299
s 0

f 3549 	3551 	3554
f 3549 	3550 	3552
f 3549 	3557 	3550
f 3549 	3552 	3551
f 3550 	3562 	3552
f 3551 	3552 	3559
f 3549 	3554 	3557
f 3555 	3556 	3553
f 3555 	3553 	3558
f 3555 	3560 	3556
f 3550 	3557 	3562
f 3551 	3559 	3554
f 3555 	3558 	3560
f 3560 	3561 	3556
f 3560 	3558 	3561
f 3552 	3562 	3559
f 3553 	3556 	3558
f 3557 	3554 	3562
f 3559 	3562 	3554
f 3561 	3558 	3556
# 20 faces

 #end of obj_429

o obj_430
v 6.0833 		-25.5000 		88.8870
v 7.4255 		-25.5000 		88.6112
v 5.0000 		-25.5000 		89.1096
v 5.0000 		-25.5000 		90.6532
v 5.6711 		-25.5000 		91.4717
v 6.0833 		-24.5000 		88.8870
v 7.4255 		-24.5000 		88.6112
v 5.0000 		-24.5000 		89.1096
v 5.0000 		-24.5000 		90.6532
v 5.6711 		-24.5000 		91.4717
v 25.0000 		-25.5000 		85.0000
v 25.0000 		-25.5000 		87.5000
v 25.0000 		-24.5000 		85.0000
v 25.0000 		-24.5000 		87.5000
# 14 vertices

g group_430_color_7035299

usemtl color_7035299
s 0

f 3573 	3564 	3569
f 3565 	3563 	3566
f 3565 	3570 	3563
f 3565 	3566 	3571
f 3574 	3567 	3564
f 3570 	3568 	3563
f 3565 	3571 	3570
f 3570 	3571 	3568
f 3576 	3572 	3567
f 3575 	3569 	3572
f 3573 	3574 	3564
f 3573 	3576 	3574
f 3574 	3576 	3567
f 3573 	3569 	3575
f 3575 	3572 	3576
f 3573 	3575 	3576
f 3564 	3567 	3569
f 3566 	3563 	3571
f 3568 	3571 	3563
f 3567 	3572 	3569
# 20 faces

 #end of obj_430

o obj_431
v 25.0000 		-25.5000 		85.0000
v 60.0000 		-25.5000 		77.8082
v 60.0000 		-24.5000 		77.8082
v 25.0000 		-24.5000 		85.0000
v 25.0000 		-25.5000 		87.5000
v 60.0000 		-25.5000 		80.3082
v 60.0000 		-24.5000 		80.3082
v 25.0000 		-24.5000 		87.5000
# 8 vertices

g group_431_color_7035299

usemtl color_7035299
s 0

f 3579 	3578 	3577
f 3580 	3579 	3577
f 3583 	3584 	3581
f 3582 	3583 	3581
f 3582 	3581 	3577
f 3578 	3582 	3577
f 3584 	3583 	3579
f 3580 	3584 	3579
f 3583 	3582 	3578
f 3579 	3583 	3578
f 3584 	3580 	3577
f 3581 	3584 	3577
# 12 faces

 #end of obj_431

o obj_432
v 60.0000 		-25.5000 		77.8082
v 77.0000 		-25.5000 		74.3151
v 77.0000 		-24.5000 		74.3151
v 60.0000 		-24.5000 		77.8082
v 60.0000 		-25.5000 		80.3082
v 77.0000 		-25.5000 		76.8151
v 77.0000 		-24.5000 		76.8151
v 60.0000 		-24.5000 		80.3082
# 8 vertices

g group_432_color_7035299

usemtl color_7035299
s 0

f 3587 	3586 	3585
f 3588 	3587 	3585
f 3591 	3592 	3589
f 3590 	3591 	3589
f 3590 	3589 	3585
f 3586 	3590 	3585
f 3592 	3591 	3587
f 3588 	3592 	3587
f 3591 	3590 	3586
f 3587 	3591 	3586
f 3592 	3588 	3585
f 3589 	3592 	3585
# 12 faces

 #end of obj_432

o obj_433
v 77.0000 		-25.5000 		74.3151
v 98.0000 		-25.5000 		70.0000
v 98.0000 		-24.5000 		70.0000
v 77.0000 		-24.5000 		74.3151
v 77.0000 		-25.5000 		76.8151
v 98.0000 		-25.5000 		72.5000
v 98.0000 		-24.5000 		72.5000
v 77.0000 		-24.5000 		76.8151
# 8 vertices

g group_433_color_7035299

usemtl color_7035299
s 0

f 3595 	3594 	3593
f 3596 	3595 	3593
f 3599 	3600 	3597
f 3598 	3599 	3597
f 3598 	3597 	3593
f 3594 	3598 	3593
f 3600 	3599 	3595
f 3596 	3600 	3595
f 3599 	3598 	3594
f 3595 	3599 	3594
f 3600 	3596 	3593
f 3597 	3600 	3593
# 12 faces

 #end of obj_433

o obj_434
v 98.0000 		-25.5000 		70.0000
v 98.0000 		-25.5000 		72.5000
v 98.0000 		-24.5000 		70.0000
v 98.0000 		-24.5000 		72.5000
v 115.1146 		-25.5000 		66.4833
v 113.4780 		-25.5000 		66.8196
v 118.0000 		-25.5000 		65.8904
v 118.0000 		-25.5000 		67.8380
v 117.1817 		-25.5000 		68.5586
v 115.1146 		-24.5000 		66.4833
v 113.4780 		-24.5000 		66.8196
v 118.0000 		-24.5000 		65.8904
v 118.0000 		-24.5000 		67.8380
v 117.1817 		-24.5000 		68.5586
# 14 vertices

g group_434_color_7035299

usemtl color_7035299
s 0

f 3601 	3603 	3606
f 3601 	3602 	3604
f 3601 	3609 	3602
f 3601 	3604 	3603
f 3602 	3614 	3604
f 3603 	3604 	3611
f 3601 	3606 	3609
f 3607 	3608 	3605
f 3607 	3605 	3610
f 3607 	3612 	3608
f 3602 	3609 	3614
f 3603 	3611 	3606
f 3607 	3610 	3612
f 3612 	3613 	3608
f 3612 	3610 	3613
f 3604 	3614 	3611
f 3605 	3608 	3610
f 3609 	3606 	3614
f 3611 	3614 	3606
f 3613 	3610 	3608
# 20 faces

 #end of obj_434

o obj_435
v 6.0833 		-50.5000 		88.8870
v 7.4255 		-50.5000 		88.6112
v 5.0000 		-50.5000 		89.1096
v 5.0000 		-50.5000 		90.6532
v 5.6711 		-50.5000 		91.4717
v 6.0833 		-49.5000 		88.8870
v 7.4255 		-49.5000 		88.6112
v 5.0000 		-49.5000 		89.1096
v 5.0000 		-49.5000 		90.6532
v 5.6711 		-49.5000 		91.4717
v 25.0000 		-50.5000 		85.0000
v 25.0000 		-50.5000 		87.5000
v 25.0000 		-49.5000 		85.0000
v 25.0000 		-49.5000 		87.5000
# 14 vertices

g group_435_color_7035299

usemtl color_7035299
s 0

f 3625 	3616 	3621
f 3617 	3615 	3618
f 3617 	3622 	3615
f 3617 	3618 	3623
f 3626 	3619 	3616
f 3622 	3620 	3615
f 3617 	3623 	3622
f 3622 	3623 	3620
f 3628 	3624 	3619
f 3627 	3621 	3624
f 3625 	3626 	3616
f 3625 	3628 	3626
f 3626 	3628 	3619
f 3625 	3621 	3627
f 3627 	3624 	3628
f 3625 	3627 	3628
f 3616 	3619 	3621
f 3618 	3615 	3623
f 3620 	3623 	3615
f 3619 	3624 	3621
# 20 faces

 #end of obj_435

o obj_436
v 25.0000 		-50.5000 		85.0000
v 60.0000 		-50.5000 		77.8082
v 60.0000 		-49.5000 		77.8082
v 25.0000 		-49.5000 		85.0000
v 25.0000 		-50.5000 		87.5000
v 60.0000 		-50.5000 		80.3082
v 60.0000 		-49.5000 		80.3082
v 25.0000 		-49.5000 		87.5000
# 8 vertices

g group_436_color_7035299

usemtl color_7035299
s 0

f 3631 	3630 	3629
f 3632 	3631 	3629
f 3635 	3636 	3633
f 3634 	3635 	3633
f 3634 	3633 	3629
f 3630 	3634 	3629
f 3636 	3635 	3631
f 3632 	3636 	3631
f 3635 	3634 	3630
f 3631 	3635 	3630
f 3636 	3632 	3629
f 3633 	3636 	3629
# 12 faces

 #end of obj_436

o obj_437
v 60.0000 		-50.5000 		77.8082
v 77.0000 		-50.5000 		74.3151
v 77.0000 		-49.5000 		74.3151
v 60.0000 		-49.5000 		77.8082
v 60.0000 		-50.5000 		80.3082
v 77.0000 		-50.5000 		76.8151
v 77.0000 		-49.5000 		76.8151
v 60.0000 		-49.5000 		80.3082
# 8 vertices

g group_437_color_7035299

usemtl color_7035299
s 0

f 3639 	3638 	3637
f 3640 	3639 	3637
f 3643 	3644 	3641
f 3642 	3643 	3641
f 3642 	3641 	3637
f 3638 	3642 	3637
f 3644 	3643 	3639
f 3640 	3644 	3639
f 3643 	3642 	3638
f 3639 	3643 	3638
f 3644 	3640 	3637
f 3641 	3644 	3637
# 12 faces

 #end of obj_437

o obj_438
v 77.0000 		-50.5000 		74.3151
v 98.0000 		-50.5000 		70.0000
v 98.0000 		-49.5000 		70.0000
v 77.0000 		-49.5000 		74.3151
v 77.0000 		-50.5000 		76.8151
v 98.0000 		-50.5000 		72.5000
v 98.0000 		-49.5000 		72.5000
v 77.0000 		-49.5000 		76.8151
# 8 vertices

g group_438_color_7035299

usemtl color_7035299
s 0

f 3647 	3646 	3645
f 3648 	3647 	3645
f 3651 	3652 	3649
f 3650 	3651 	3649
f 3650 	3649 	3645
f 3646 	3650 	3645
f 3652 	3651 	3647
f 3648 	3652 	3647
f 3651 	3650 	3646
f 3647 	3651 	3646
f 3652 	3648 	3645
f 3649 	3652 	3645
# 12 faces

 #end of obj_438

o obj_439
v 98.0000 		-50.5000 		70.0000
v 98.0000 		-50.5000 		72.5000
v 98.0000 		-49.5000 		70.0000
v 98.0000 		-49.5000 		72.5000
v 115.1146 		-50.5000 		66.4833
v 113.4780 		-50.5000 		66.8196
v 118.0000 		-50.5000 		65.8904
v 118.0000 		-50.5000 		67.8380
v 117.1817 		-50.5000 		68.5586
v 115.1146 		-49.5000 		66.4833
v 113.4780 		-49.5000 		66.8196
v 118.0000 		-49.5000 		65.8904
v 118.0000 		-49.5000 		67.8380
v 117.1817 		-49.5000 		68.5586
# 14 vertices

g group_439_color_7035299

usemtl color_7035299
s 0

f 3653 	3655 	3658
f 3653 	3654 	3656
f 3653 	3661 	3654
f 3653 	3656 	3655
f 3654 	3666 	3656
f 3655 	3656 	3663
f 3653 	3658 	3661
f 3659 	3660 	3657
f 3659 	3657 	3662
f 3659 	3664 	3660
f 3654 	3661 	3666
f 3655 	3663 	3658
f 3659 	3662 	3664
f 3664 	3665 	3660
f 3664 	3662 	3665
f 3656 	3666 	3663
f 3657 	3660 	3662
f 3661 	3658 	3666
f 3663 	3666 	3658
f 3665 	3662 	3660
# 20 faces

 #end of obj_439

o obj_440
v 6.0833 		-75.5000 		88.8870
v 7.4255 		-75.5000 		88.6112
v 5.0000 		-75.5000 		89.1096
v 5.0000 		-75.5000 		90.6532
v 5.6711 		-75.5000 		91.4717
v 6.0833 		-74.5000 		88.8870
v 7.4255 		-74.5000 		88.6112
v 5.0000 		-74.5000 		89.1096
v 5.0000 		-74.5000 		90.6532
v 5.6711 		-74.5000 		91.4717
v 25.0000 		-75.5000 		85.0000
v 25.0000 		-75.5000 		87.5000
v 25.0000 		-74.5000 		85.0000
v 25.0000 		-74.5000 		87.5000
# 14 vertices

g group_440_color_7035299

usemtl color_7035299
s 0

f 3677 	3668 	3673
f 3669 	3667 	3670
f 3669 	3674 	3667
f 3669 	3670 	3675
f 3678 	3671 	3668
f 3674 	3672 	3667
f 3669 	3675 	3674
f 3674 	3675 	3672
f 3680 	3676 	3671
f 3679 	3673 	3676
f 3677 	3678 	3668
f 3677 	3680 	3678
f 3678 	3680 	3671
f 3677 	3673 	3679
f 3679 	3676 	3680
f 3677 	3679 	3680
f 3668 	3671 	3673
f 3670 	3667 	3675
f 3672 	3675 	3667
f 3671 	3676 	3673
# 20 faces

 #end of obj_440

o obj_441
v 25.0000 		-75.5000 		85.0000
v 60.0000 		-75.5000 		77.8082
v 60.0000 		-74.5000 		77.8082
v 25.0000 		-74.5000 		85.0000
v 25.0000 		-75.5000 		87.5000
v 60.0000 		-75.5000 		80.3082
v 60.0000 		-74.5000 		80.3082
v 25.0000 		-74.5000 		87.5000
# 8 vertices

g group_441_color_7035299

usemtl color_7035299
s 0

f 3683 	3682 	3681
f 3684 	3683 	3681
f 3687 	3688 	3685
f 3686 	3687 	3685
f 3686 	3685 	3681
f 3682 	3686 	3681
f 3688 	3687 	3683
f 3684 	3688 	3683
f 3687 	3686 	3682
f 3683 	3687 	3682
f 3688 	3684 	3681
f 3685 	3688 	3681
# 12 faces

 #end of obj_441

o obj_442
v 60.0000 		-75.5000 		77.8082
v 77.0000 		-75.5000 		74.3151
v 77.0000 		-74.5000 		74.3151
v 60.0000 		-74.5000 		77.8082
v 60.0000 		-75.5000 		80.3082
v 77.0000 		-75.5000 		76.8151
v 77.0000 		-74.5000 		76.8151
v 60.0000 		-74.5000 		80.3082
# 8 vertices

g group_442_color_7035299

usemtl color_7035299
s 0

f 3691 	3690 	3689
f 3692 	3691 	3689
f 3695 	3696 	3693
f 3694 	3695 	3693
f 3694 	3693 	3689
f 3690 	3694 	3689
f 3696 	3695 	3691
f 3692 	3696 	3691
f 3695 	3694 	3690
f 3691 	3695 	3690
f 3696 	3692 	3689
f 3693 	3696 	3689
# 12 faces

 #end of obj_442

o obj_443
v 77.0000 		-75.5000 		74.3151
v 98.0000 		-75.5000 		70.0000
v 98.0000 		-74.5000 		70.0000
v 77.0000 		-74.5000 		74.3151
v 77.0000 		-75.5000 		76.8151
v 98.0000 		-75.5000 		72.5000
v 98.0000 		-74.5000 		72.5000
v 77.0000 		-74.5000 		76.8151
# 8 vertices

g group_443_color_7035299

usemtl color_7035299
s 0

f 3699 	3698 	3697
f 3700 	3699 	3697
f 3703 	3704 	3701
f 3702 	3703 	3701
f 3702 	3701 	3697
f 3698 	3702 	3697
f 3704 	3703 	3699
f 3700 	3704 	3699
f 3703 	3702 	3698
f 3699 	3703 	3698
f 3704 	3700 	3697
f 3701 	3704 	3697
# 12 faces

 #end of obj_443

o obj_444
v 98.0000 		-75.5000 		70.0000
v 98.0000 		-75.5000 		72.5000
v 98.0000 		-74.5000 		70.0000
v 98.0000 		-74.5000 		72.5000
v 115.1146 		-75.5000 		66.4833
v 113.4780 		-75.5000 		66.8196
v 118.0000 		-75.5000 		65.8904
v 118.0000 		-75.5000 		67.8380
v 117.1817 		-75.5000 		68.5586
v 115.1146 		-74.5000 		66.4833
v 113.4780 		-74.5000 		66.8196
v 118.0000 		-74.5000 		65.8904
v 118.0000 		-74.5000 		67.8380
v 117.1817 		-74.5000 		68.5586
# 14 vertices

g group_444_color_7035299

usemtl color_7035299
s 0

f 3705 	3707 	3710
f 3705 	3706 	3708
f 3705 	3713 	3706
f 3705 	3708 	3707
f 3706 	3718 	3708
f 3707 	3708 	3715
f 3705 	3710 	3713
f 3711 	3712 	3709
f 3711 	3709 	3714
f 3711 	3716 	3712
f 3706 	3713 	3718
f 3707 	3715 	3710
f 3711 	3714 	3716
f 3716 	3717 	3712
f 3716 	3714 	3717
f 3708 	3718 	3715
f 3709 	3712 	3714
f 3713 	3710 	3718
f 3715 	3718 	3710
f 3717 	3714 	3712
# 20 faces

 #end of obj_444

o obj_445
v 6.0833 		-100.5000 		88.8870
v 7.4255 		-100.5000 		88.6112
v 5.0000 		-100.5000 		89.1096
v 5.0000 		-100.5000 		90.6532
v 5.6711 		-100.5000 		91.4717
v 6.0833 		-99.5000 		88.8870
v 7.4255 		-99.5000 		88.6112
v 5.0000 		-99.5000 		89.1096
v 5.0000 		-99.5000 		90.6532
v 5.6711 		-99.5000 		91.4717
v 25.0000 		-100.5000 		85.0000
v 25.0000 		-100.5000 		87.5000
v 25.0000 		-99.5000 		85.0000
v 25.0000 		-99.5000 		87.5000
# 14 vertices

g group_445_color_7035299

usemtl color_7035299
s 0

f 3729 	3720 	3725
f 3721 	3719 	3722
f 3721 	3726 	3719
f 3721 	3722 	3727
f 3730 	3723 	3720
f 3726 	3724 	3719
f 3721 	3727 	3726
f 3726 	3727 	3724
f 3732 	3728 	3723
f 3731 	3725 	3728
f 3729 	3730 	3720
f 3729 	3732 	3730
f 3730 	3732 	3723
f 3729 	3725 	3731
f 3731 	3728 	3732
f 3729 	3731 	3732
f 3720 	3723 	3725
f 3722 	3719 	3727
f 3724 	3727 	3719
f 3723 	3728 	3725
# 20 faces

 #end of obj_445

o obj_446
v 25.0000 		-100.5000 		85.0000
v 60.0000 		-100.5000 		77.8082
v 60.0000 		-99.5000 		77.8082
v 25.0000 		-99.5000 		85.0000
v 25.0000 		-100.5000 		87.5000
v 60.0000 		-100.5000 		80.3082
v 60.0000 		-99.5000 		80.3082
v 25.0000 		-99.5000 		87.5000
# 8 vertices

g group_446_color_7035299

usemtl color_7035299
s 0

f 3735 	3734 	3733
f 3736 	3735 	3733
f 3739 	3740 	3737
f 3738 	3739 	3737
f 3738 	3737 	3733
f 3734 	3738 	3733
f 3740 	3739 	3735
f 3736 	3740 	3735
f 3739 	3738 	3734
f 3735 	3739 	3734
f 3740 	3736 	3733
f 3737 	3740 	3733
# 12 faces

 #end of obj_446

o obj_447
v 60.0000 		-100.5000 		77.8082
v 77.0000 		-100.5000 		74.3151
v 77.0000 		-99.5000 		74.3151
v 60.0000 		-99.5000 		77.8082
v 60.0000 		-100.5000 		80.3082
v 77.0000 		-100.5000 		76.8151
v 77.0000 		-99.5000 		76.8151
v 60.0000 		-99.5000 		80.3082
# 8 vertices

g group_447_color_7035299

usemtl color_7035299
s 0

f 3743 	3742 	3741
f 3744 	3743 	3741
f 3747 	3748 	3745
f 3746 	3747 	3745
f 3746 	3745 	3741
f 3742 	3746 	3741
f 3748 	3747 	3743
f 3744 	3748 	3743
f 3747 	3746 	3742
f 3743 	3747 	3742
f 3748 	3744 	3741
f 3745 	3748 	3741
# 12 faces

 #end of obj_447

o obj_448
v 77.0000 		-100.5000 		74.3151
v 98.0000 		-100.5000 		70.0000
v 98.0000 		-99.5000 		70.0000
v 77.0000 		-99.5000 		74.3151
v 77.0000 		-100.5000 		76.8151
v 98.0000 		-100.5000 		72.5000
v 98.0000 		-99.5000 		72.5000
v 77.0000 		-99.5000 		76.8151
# 8 vertices

g group_448_color_7035299

usemtl color_7035299
s 0

f 3751 	3750 	3749
f 3752 	3751 	3749
f 3755 	3756 	3753
f 3754 	3755 	3753
f 3754 	3753 	3749
f 3750 	3754 	3749
f 3756 	3755 	3751
f 3752 	3756 	3751
f 3755 	3754 	3750
f 3751 	3755 	3750
f 3756 	3752 	3749
f 3753 	3756 	3749
# 12 faces

 #end of obj_448

o obj_449
v 98.0000 		-100.5000 		70.0000
v 98.0000 		-100.5000 		72.5000
v 98.0000 		-99.5000 		70.0000
v 98.0000 		-99.5000 		72.5000
v 115.1146 		-100.5000 		66.4833
v 113.4780 		-100.5000 		66.8196
v 118.0000 		-100.5000 		65.8904
v 118.0000 		-100.5000 		67.8380
v 117.1817 		-100.5000 		68.5586
v 115.1146 		-99.5000 		66.4833
v 113.4780 		-99.5000 		66.8196
v 118.0000 		-99.5000 		65.8904
v 118.0000 		-99.5000 		67.8380
v 117.1817 		-99.5000 		68.5586
# 14 vertices

g group_449_color_7035299

usemtl color_7035299
s 0

f 3757 	3759 	3762
f 3757 	3758 	3760
f 3757 	3765 	3758
f 3757 	3760 	3759
f 3758 	3770 	3760
f 3759 	3760 	3767
f 3757 	3762 	3765
f 3763 	3764 	3761
f 3763 	3761 	3766
f 3763 	3768 	3764
f 3758 	3765 	3770
f 3759 	3767 	3762
f 3763 	3766 	3768
f 3768 	3769 	3764
f 3768 	3766 	3769
f 3760 	3770 	3767
f 3761 	3764 	3766
f 3765 	3762 	3770
f 3767 	3770 	3762
f 3769 	3766 	3764
# 20 faces

 #end of obj_449

o obj_450
v 24.5000 		-25.0000 		85.0000
v 24.5000 		-25.0000 		87.5000
v 24.5000 		0.0000 		85.0000
v 24.5000 		0.0000 		87.5000
v 25.5000 		-25.0000 		85.0000
v 25.5000 		-25.0000 		87.5000
v 25.5000 		0.0000 		85.0000
v 25.5000 		0.0000 		87.5000
# 8 vertices

g group_450_color_7035299

usemtl color_7035299
s 0

f 3772 	3774 	3771
f 3775 	3772 	3771
f 3771 	3774 	3773
f 3773 	3775 	3771
f 3772 	3778 	3774
f 3776 	3772 	3775
f 3776 	3778 	3772
f 3774 	3778 	3773
f 3777 	3775 	3773
f 3773 	3778 	3777
f 3777 	3776 	3775
f 3778 	3776 	3777
# 12 faces

 #end of obj_450

o obj_451
v 24.5000 		-50.0000 		85.0000
v 24.5000 		-50.0000 		87.5000
v 24.5000 		-25.0000 		85.0000
v 24.5000 		-25.0000 		87.5000
v 25.5000 		-50.0000 		85.0000
v 25.5000 		-50.0000 		87.5000
v 25.5000 		-25.0000 		85.0000
v 25.5000 		-25.0000 		87.5000
# 8 vertices

g group_451_color_7035299

usemtl color_7035299
s 0

f 3780 	3782 	3779
f 3783 	3780 	3779
f 3779 	3782 	3781
f 3781 	3783 	3779
f 3780 	3786 	3782
f 3784 	3780 	3783
f 3784 	3786 	3780
f 3782 	3786 	3781
f 3785 	3783 	3781
f 3781 	3786 	3785
f 3785 	3784 	3783
f 3786 	3784 	3785
# 12 faces

 #end of obj_451

o obj_452
v 24.5000 		-75.0000 		85.0000
v 24.5000 		-75.0000 		87.5000
v 24.5000 		-50.0000 		85.0000
v 24.5000 		-50.0000 		87.5000
v 25.5000 		-75.0000 		85.0000
v 25.5000 		-75.0000 		87.5000
v 25.5000 		-50.0000 		85.0000
v 25.5000 		-50.0000 		87.5000
# 8 vertices

g group_452_color_7035299

usemtl color_7035299
s 0

f 3788 	3790 	3787
f 3791 	3788 	3787
f 3787 	3790 	3789
f 3789 	3791 	3787
f 3788 	3794 	3790
f 3792 	3788 	3791
f 3792 	3794 	3788
f 3790 	3794 	3789
f 3793 	3791 	3789
f 3789 	3794 	3793
f 3793 	3792 	3791
f 3794 	3792 	3793
# 12 faces

 #end of obj_452

o obj_453
v 24.5000 		-100.0000 		85.0000
v 24.5000 		-100.0000 		87.5000
v 24.5000 		-75.0000 		85.0000
v 24.5000 		-75.0000 		87.5000
v 25.5000 		-100.0000 		85.0000
v 25.5000 		-100.0000 		87.5000
v 25.5000 		-75.0000 		85.0000
v 25.5000 		-75.0000 		87.5000
# 8 vertices

g group_453_color_7035299

usemtl color_7035299
s 0

f 3796 	3798 	3795
f 3799 	3796 	3795
f 3795 	3798 	3797
f 3797 	3799 	3795
f 3796 	3802 	3798
f 3800 	3796 	3799
f 3800 	3802 	3796
f 3798 	3802 	3797
f 3801 	3799 	3797
f 3797 	3802 	3801
f 3801 	3800 	3799
f 3802 	3800 	3801
# 12 faces

 #end of obj_453

o obj_454
v 59.5000 		-25.0000 		77.8082
v 59.5000 		-25.0000 		80.3082
v 59.5000 		0.0000 		77.8082
v 59.5000 		0.0000 		80.3082
v 60.5000 		-25.0000 		77.8082
v 60.5000 		-25.0000 		80.3082
v 60.5000 		0.0000 		77.8082
v 60.5000 		0.0000 		80.3082
# 8 vertices

g group_454_color_7035299

usemtl color_7035299
s 0

f 3804 	3806 	3803
f 3807 	3804 	3803
f 3803 	3806 	3805
f 3805 	3807 	3803
f 3804 	3810 	3806
f 3808 	3804 	3807
f 3808 	3810 	3804
f 3806 	3810 	3805
f 3809 	3807 	3805
f 3805 	3810 	3809
f 3809 	3808 	3807
f 3810 	3808 	3809
# 12 faces

 #end of obj_454

o obj_455
v 59.5000 		-50.0000 		77.8082
v 59.5000 		-50.0000 		80.3082
v 59.5000 		-25.0000 		77.8082
v 59.5000 		-25.0000 		80.3082
v 60.5000 		-50.0000 		77.8082
v 60.5000 		-50.0000 		80.3082
v 60.5000 		-25.0000 		77.8082
v 60.5000 		-25.0000 		80.3082
# 8 vertices

g group_455_color_7035299

usemtl color_7035299
s 0

f 3812 	3814 	3811
f 3815 	3812 	3811
f 3811 	3814 	3813
f 3813 	3815 	3811
f 3812 	3818 	3814
f 3816 	3812 	3815
f 3816 	3818 	3812
f 3814 	3818 	3813
f 3817 	3815 	3813
f 3813 	3818 	3817
f 3817 	3816 	3815
f 3818 	3816 	3817
# 12 faces

 #end of obj_455

o obj_456
v 59.5000 		-75.0000 		77.8082
v 59.5000 		-75.0000 		80.3082
v 59.5000 		-50.0000 		77.8082
v 59.5000 		-50.0000 		80.3082
v 60.5000 		-75.0000 		77.8082
v 60.5000 		-75.0000 		80.3082
v 60.5000 		-50.0000 		77.8082
v 60.5000 		-50.0000 		80.3082
# 8 vertices

g group_456_color_7035299

usemtl color_7035299
s 0

f 3820 	3822 	3819
f 3823 	3820 	3819
f 3819 	3822 	3821
f 3821 	3823 	3819
f 3820 	3826 	3822
f 3824 	3820 	3823
f 3824 	3826 	3820
f 3822 	3826 	3821
f 3825 	3823 	3821
f 3821 	3826 	3825
f 3825 	3824 	3823
f 3826 	3824 	3825
# 12 faces

 #end of obj_456

o obj_457
v 59.5000 		-100.0000 		77.8082
v 59.5000 		-100.0000 		80.3082
v 59.5000 		-75.0000 		77.8082
v 59.5000 		-75.0000 		80.3082
v 60.5000 		-100.0000 		77.8082
v 60.5000 		-100.0000 		80.3082
v 60.5000 		-75.0000 		77.8082
v 60.5000 		-75.0000 		80.3082
# 8 vertices

g group_457_color_7035299

usemtl color_7035299
s 0

f 3828 	3830 	3827
f 3831 	3828 	3827
f 3827 	3830 	3829
f 3829 	3831 	3827
f 3828 	3834 	3830
f 3832 	3828 	3831
f 3832 	3834 	3828
f 3830 	3834 	3829
f 3833 	3831 	3829
f 3829 	3834 	3833
f 3833 	3832 	3831
f 3834 	3832 	3833
# 12 faces

 #end of obj_457

o obj_458
v 76.5000 		-25.0000 		74.3151
v 76.5000 		-25.0000 		76.8151
v 76.5000 		0.0000 		74.3151
v 76.5000 		0.0000 		76.8151
v 77.5000 		-25.0000 		74.3151
v 77.5000 		-25.0000 		76.8151
v 77.5000 		0.0000 		74.3151
v 77.5000 		0.0000 		76.8151
# 8 vertices

g group_458_color_7035299

usemtl color_7035299
s 0

f 3836 	3838 	3835
f 3839 	3836 	3835
f 3835 	3838 	3837
f 3837 	3839 	3835
f 3836 	3842 	3838
f 3840 	3836 	3839
f 3840 	3842 	3836
f 3838 	3842 	3837
f 3841 	3839 	3837
f 3837 	3842 	3841
f 3841 	3840 	3839
f 3842 	3840 	3841
# 12 faces

 #end of obj_458

o obj_459
v 76.5000 		-50.0000 		74.3151
v 76.5000 		-50.0000 		76.8151
v 76.5000 		-25.0000 		74.3151
v 76.5000 		-25.0000 		76.8151
v 77.5000 		-50.0000 		74.3151
v 77.5000 		-50.0000 		76.8151
v 77.5000 		-25.0000 		74.3151
v 77.5000 		-25.0000 		76.8151
# 8 vertices

g group_459_color_7035299

usemtl color_7035299
s 0

f 3844 	3846 	3843
f 3847 	3844 	3843
f 3843 	3846 	3845
f 3845 	3847 	3843
f 3844 	3850 	3846
f 3848 	3844 	3847
f 3848 	3850 	3844
f 3846 	3850 	3845
f 3849 	3847 	3845
f 3845 	3850 	3849
f 3849 	3848 	3847
f 3850 	3848 	3849
# 12 faces

 #end of obj_459

o obj_460
v 76.5000 		-75.0000 		74.3151
v 76.5000 		-75.0000 		76.8151
v 76.5000 		-50.0000 		74.3151
v 76.5000 		-50.0000 		76.8151
v 77.5000 		-75.0000 		74.3151
v 77.5000 		-75.0000 		76.8151
v 77.5000 		-50.0000 		74.3151
v 77.5000 		-50.0000 		76.8151
# 8 vertices

g group_460_color_7035299

usemtl color_7035299
s 0

f 3852 	3854 	3851
f 3855 	3852 	3851
f 3851 	3854 	3853
f 3853 	3855 	3851
f 3852 	3858 	3854
f 3856 	3852 	3855
f 3856 	3858 	3852
f 3854 	3858 	3853
f 3857 	3855 	3853
f 3853 	3858 	3857
f 3857 	3856 	3855
f 3858 	3856 	3857
# 12 faces

 #end of obj_460

o obj_461
v 76.5000 		-100.0000 		74.3151
v 76.5000 		-100.0000 		76.8151
v 76.5000 		-75.0000 		74.3151
v 76.5000 		-75.0000 		76.8151
v 77.5000 		-100.0000 		74.3151
v 77.5000 		-100.0000 		76.8151
v 77.5000 		-75.0000 		74.3151
v 77.5000 		-75.0000 		76.8151
# 8 vertices

g group_461_color_7035299

usemtl color_7035299
s 0

f 3860 	3862 	3859
f 3863 	3860 	3859
f 3859 	3862 	3861
f 3861 	3863 	3859
f 3860 	3866 	3862
f 3864 	3860 	3863
f 3864 	3866 	3860
f 3862 	3866 	3861
f 3865 	3863 	3861
f 3861 	3866 	3865
f 3865 	3864 	3863
f 3866 	3864 	3865
# 12 faces

 #end of obj_461

o obj_462
v 97.5000 		-25.0000 		70.0000
v 97.5000 		-25.0000 		72.5000
v 97.5000 		0.0000 		70.0000
v 97.5000 		0.0000 		72.5000
v 98.5000 		-25.0000 		70.0000
v 98.5000 		-25.0000 		72.5000
v 98.5000 		0.0000 		70.0000
v 98.5000 		0.0000 		72.5000
# 8 vertices

g group_462_color_7035299

usemtl color_7035299
s 0

f 3868 	3870 	3867
f 3871 	3868 	3867
f 3867 	3870 	3869
f 3869 	3871 	3867
f 3868 	3874 	3870
f 3872 	3868 	3871
f 3872 	3874 	3868
f 3870 	3874 	3869
f 3873 	3871 	3869
f 3869 	3874 	3873
f 3873 	3872 	3871
f 3874 	3872 	3873
# 12 faces

 #end of obj_462

o obj_463
v 97.5000 		-50.0000 		70.0000
v 97.5000 		-50.0000 		72.5000
v 97.5000 		-25.0000 		70.0000
v 97.5000 		-25.0000 		72.5000
v 98.5000 		-50.0000 		70.0000
v 98.5000 		-50.0000 		72.5000
v 98.5000 		-25.0000 		70.0000
v 98.5000 		-25.0000 		72.5000
# 8 vertices

g group_463_color_7035299

usemtl color_7035299
s 0

f 3876 	3878 	3875
f 3879 	3876 	3875
f 3875 	3878 	3877
f 3877 	3879 	3875
f 3876 	3882 	3878
f 3880 	3876 	3879
f 3880 	3882 	3876
f 3878 	3882 	3877
f 3881 	3879 	3877
f 3877 	3882 	3881
f 3881 	3880 	3879
f 3882 	3880 	3881
# 12 faces

 #end of obj_463

o obj_464
v 97.5000 		-75.0000 		70.0000
v 97.5000 		-75.0000 		72.5000
v 97.5000 		-50.0000 		70.0000
v 97.5000 		-50.0000 		72.5000
v 98.5000 		-75.0000 		70.0000
v 98.5000 		-75.0000 		72.5000
v 98.5000 		-50.0000 		70.0000
v 98.5000 		-50.0000 		72.5000
# 8 vertices

g group_464_color_7035299

usemtl color_7035299
s 0

f 3884 	3886 	3883
f 3887 	3884 	3883
f 3883 	3886 	3885
f 3885 	3887 	3883
f 3884 	3890 	3886
f 3888 	3884 	3887
f 3888 	3890 	3884
f 3886 	3890 	3885
f 3889 	3887 	3885
f 3885 	3890 	3889
f 3889 	3888 	3887
f 3890 	3888 	3889
# 12 faces

 #end of obj_464

o obj_465
v 97.5000 		-100.0000 		70.0000
v 97.5000 		-100.0000 		72.5000
v 97.5000 		-75.0000 		70.0000
v 97.5000 		-75.0000 		72.5000
v 98.5000 		-100.0000 		70.0000
v 98.5000 		-100.0000 		72.5000
v 98.5000 		-75.0000 		70.0000
v 98.5000 		-75.0000 		72.5000
# 8 vertices

g group_465_color_7035299

usemtl color_7035299
s 0

f 3892 	3894 	3891
f 3895 	3892 	3891
f 3891 	3894 	3893
f 3893 	3895 	3891
f 3892 	3898 	3894
f 3896 	3892 	3895
f 3896 	3898 	3892
f 3894 	3898 	3893
f 3897 	3895 	3893
f 3893 	3898 	3897
f 3897 	3896 	3895
f 3898 	3896 	3897
# 12 faces

 #end of obj_465

o obj_466
v 12.5000 		-25.0000 		87.5171
v 12.5000 		-25.0000 		89.0171
v 12.5000 		0.0000 		87.5171
v 12.5000 		0.0000 		89.0171
v 13.0000 		-25.0000 		87.5171
v 13.0000 		-25.0000 		89.0171
v 13.0000 		0.0000 		87.5171
v 13.0000 		0.0000 		89.0171
# 8 vertices

g group_466_color_16768282

usemtl color_16768282
s 0

f 3900 	3902 	3899
f 3903 	3900 	3899
f 3899 	3902 	3901
f 3901 	3903 	3899
f 3900 	3906 	3902
f 3904 	3900 	3903
f 3904 	3906 	3900
f 3902 	3906 	3901
f 3905 	3903 	3901
f 3901 	3906 	3905
f 3905 	3904 	3903
f 3906 	3904 	3905
# 12 faces

 #end of obj_466

o obj_467
v 17.0000 		-25.0000 		86.5925
v 17.0000 		-25.0000 		88.0925
v 17.0000 		0.0000 		86.5925
v 17.0000 		0.0000 		88.0925
v 17.5000 		-25.0000 		86.5925
v 17.5000 		-25.0000 		88.0925
v 17.5000 		0.0000 		86.5925
v 17.5000 		0.0000 		88.0925
# 8 vertices

g group_467_color_16768282

usemtl color_16768282
s 0

f 3908 	3910 	3907
f 3911 	3908 	3907
f 3907 	3910 	3909
f 3909 	3911 	3907
f 3908 	3914 	3910
f 3912 	3908 	3911
f 3912 	3914 	3908
f 3910 	3914 	3909
f 3913 	3911 	3909
f 3909 	3914 	3913
f 3913 	3912 	3911
f 3914 	3912 	3913
# 12 faces

 #end of obj_467

o obj_468
v 28.0000 		-25.0000 		84.3322
v 28.0000 		-25.0000 		85.8322
v 28.0000 		0.0000 		84.3322
v 28.0000 		0.0000 		85.8322
v 28.5000 		-25.0000 		84.3322
v 28.5000 		-25.0000 		85.8322
v 28.5000 		0.0000 		84.3322
v 28.5000 		0.0000 		85.8322
# 8 vertices

g group_468_color_16768282

usemtl color_16768282
s 0

f 3916 	3918 	3915
f 3919 	3916 	3915
f 3915 	3918 	3917
f 3917 	3919 	3915
f 3916 	3922 	3918
f 3920 	3916 	3919
f 3920 	3922 	3916
f 3918 	3922 	3917
f 3921 	3919 	3917
f 3917 	3922 	3921
f 3921 	3920 	3919
f 3922 	3920 	3921
# 12 faces

 #end of obj_468

o obj_469
v 32.5000 		-25.0000 		83.4075
v 32.5000 		-25.0000 		84.9075
v 32.5000 		0.0000 		83.4075
v 32.5000 		0.0000 		84.9075
v 33.0000 		-25.0000 		83.4075
v 33.0000 		-25.0000 		84.9075
v 33.0000 		0.0000 		83.4075
v 33.0000 		0.0000 		84.9075
# 8 vertices

g group_469_color_16768282

usemtl color_16768282
s 0

f 3924 	3926 	3923
f 3927 	3924 	3923
f 3923 	3926 	3925
f 3925 	3927 	3923
f 3924 	3930 	3926
f 3928 	3924 	3927
f 3928 	3930 	3924
f 3926 	3930 	3925
f 3929 	3927 	3925
f 3925 	3930 	3929
f 3929 	3928 	3927
f 3930 	3928 	3929
# 12 faces

 #end of obj_469

o obj_470
v 37.0000 		-25.0000 		82.4829
v 37.0000 		-25.0000 		83.9829
v 37.0000 		0.0000 		82.4829
v 37.0000 		0.0000 		83.9829
v 37.5000 		-25.0000 		82.4829
v 37.5000 		-25.0000 		83.9829
v 37.5000 		0.0000 		82.4829
v 37.5000 		0.0000 		83.9829
# 8 vertices

g group_470_color_16768282

usemtl color_16768282
s 0

f 3932 	3934 	3931
f 3935 	3932 	3931
f 3931 	3934 	3933
f 3933 	3935 	3931
f 3932 	3938 	3934
f 3936 	3932 	3935
f 3936 	3938 	3932
f 3934 	3938 	3933
f 3937 	3935 	3933
f 3933 	3938 	3937
f 3937 	3936 	3935
f 3938 	3936 	3937
# 12 faces

 #end of obj_470

o obj_471
v 41.5000 		-25.0000 		81.5582
v 41.5000 		-25.0000 		83.0582
v 41.5000 		0.0000 		81.5582
v 41.5000 		0.0000 		83.0582
v 42.0000 		-25.0000 		81.5582
v 42.0000 		-25.0000 		83.0582
v 42.0000 		0.0000 		81.5582
v 42.0000 		0.0000 		83.0582
# 8 vertices

g group_471_color_16768282

usemtl color_16768282
s 0

f 3940 	3942 	3939
f 3943 	3940 	3939
f 3939 	3942 	3941
f 3941 	3943 	3939
f 3940 	3946 	3942
f 3944 	3940 	3943
f 3944 	3946 	3940
f 3942 	3946 	3941
f 3945 	3943 	3941
f 3941 	3946 	3945
f 3945 	3944 	3943
f 3946 	3944 	3945
# 12 faces

 #end of obj_471

o obj_472
v 46.0000 		-25.0000 		80.6336
v 46.0000 		-25.0000 		82.1336
v 46.0000 		0.0000 		80.6336
v 46.0000 		0.0000 		82.1336
v 46.5000 		-25.0000 		80.6336
v 46.5000 		-25.0000 		82.1336
v 46.5000 		0.0000 		80.6336
v 46.5000 		0.0000 		82.1336
# 8 vertices

g group_472_color_16768282

usemtl color_16768282
s 0

f 3948 	3950 	3947
f 3951 	3948 	3947
f 3947 	3950 	3949
f 3949 	3951 	3947
f 3948 	3954 	3950
f 3952 	3948 	3951
f 3952 	3954 	3948
f 3950 	3954 	3949
f 3953 	3951 	3949
f 3949 	3954 	3953
f 3953 	3952 	3951
f 3954 	3952 	3953
# 12 faces

 #end of obj_472

o obj_473
v 50.5000 		-25.0000 		79.7089
v 50.5000 		-25.0000 		81.2089
v 50.5000 		0.0000 		79.7089
v 50.5000 		0.0000 		81.2089
v 51.0000 		-25.0000 		79.7089
v 51.0000 		-25.0000 		81.2089
v 51.0000 		0.0000 		79.7089
v 51.0000 		0.0000 		81.2089
# 8 vertices

g group_473_color_16768282

usemtl color_16768282
s 0

f 3956 	3958 	3955
f 3959 	3956 	3955
f 3955 	3958 	3957
f 3957 	3959 	3955
f 3956 	3962 	3958
f 3960 	3956 	3959
f 3960 	3962 	3956
f 3958 	3962 	3957
f 3961 	3959 	3957
f 3957 	3962 	3961
f 3961 	3960 	3959
f 3962 	3960 	3961
# 12 faces

 #end of obj_473

o obj_474
v 55.0000 		-25.0000 		78.7842
v 55.0000 		-25.0000 		80.2842
v 55.0000 		0.0000 		78.7842
v 55.0000 		0.0000 		80.2842
v 55.5000 		-25.0000 		78.7842
v 55.5000 		-25.0000 		80.2842
v 55.5000 		0.0000 		78.7842
v 55.5000 		0.0000 		80.2842
# 8 vertices

g group_474_color_16768282

usemtl color_16768282
s 0

f 3964 	3966 	3963
f 3967 	3964 	3963
f 3963 	3966 	3965
f 3965 	3967 	3963
f 3964 	3970 	3966
f 3968 	3964 	3967
f 3968 	3970 	3964
f 3966 	3970 	3965
f 3969 	3967 	3965
f 3965 	3970 	3969
f 3969 	3968 	3967
f 3970 	3968 	3969
# 12 faces

 #end of obj_474

o obj_475
v 66.0000 		-25.0000 		76.5240
v 66.0000 		-25.0000 		78.0240
v 66.0000 		0.0000 		76.5240
v 66.0000 		0.0000 		78.0240
v 66.5000 		-25.0000 		76.5240
v 66.5000 		-25.0000 		78.0240
v 66.5000 		0.0000 		76.5240
v 66.5000 		0.0000 		78.0240
# 8 vertices

g group_475_color_16768282

usemtl color_16768282
s 0

f 3972 	3974 	3971
f 3975 	3972 	3971
f 3971 	3974 	3973
f 3973 	3975 	3971
f 3972 	3978 	3974
f 3976 	3972 	3975
f 3976 	3978 	3972
f 3974 	3978 	3973
f 3977 	3975 	3973
f 3973 	3978 	3977
f 3977 	3976 	3975
f 3978 	3976 	3977
# 12 faces

 #end of obj_475

o obj_476
v 70.5000 		-25.0000 		75.5993
v 70.5000 		-25.0000 		77.0993
v 70.5000 		0.0000 		75.5993
v 70.5000 		0.0000 		77.0993
v 71.0000 		-25.0000 		75.5993
v 71.0000 		-25.0000 		77.0993
v 71.0000 		0.0000 		75.5993
v 71.0000 		0.0000 		77.0993
# 8 vertices

g group_476_color_16768282

usemtl color_16768282
s 0

f 3980 	3982 	3979
f 3983 	3980 	3979
f 3979 	3982 	3981
f 3981 	3983 	3979
f 3980 	3986 	3982
f 3984 	3980 	3983
f 3984 	3986 	3980
f 3982 	3986 	3981
f 3985 	3983 	3981
f 3981 	3986 	3985
f 3985 	3984 	3983
f 3986 	3984 	3985
# 12 faces

 #end of obj_476

o obj_477
v 85.0000 		-25.0000 		72.6199
v 85.0000 		-25.0000 		74.1199
v 85.0000 		0.0000 		72.6199
v 85.0000 		0.0000 		74.1199
v 85.5000 		-25.0000 		72.6199
v 85.5000 		-25.0000 		74.1199
v 85.5000 		0.0000 		72.6199
v 85.5000 		0.0000 		74.1199
# 8 vertices

g group_477_color_16768282

usemtl color_16768282
s 0

f 3988 	3990 	3987
f 3991 	3988 	3987
f 3987 	3990 	3989
f 3989 	3991 	3987
f 3988 	3994 	3990
f 3992 	3988 	3991
f 3992 	3994 	3988
f 3990 	3994 	3989
f 3993 	3991 	3989
f 3989 	3994 	3993
f 3993 	3992 	3991
f 3994 	3992 	3993
# 12 faces

 #end of obj_477

o obj_478
v 89.5000 		-25.0000 		71.6952
v 89.5000 		-25.0000 		73.1952
v 89.5000 		0.0000 		71.6952
v 89.5000 		0.0000 		73.1952
v 90.0000 		-25.0000 		71.6952
v 90.0000 		-25.0000 		73.1952
v 90.0000 		0.0000 		71.6952
v 90.0000 		0.0000 		73.1952
# 8 vertices

g group_478_color_16768282

usemtl color_16768282
s 0

f 3996 	3998 	3995
f 3999 	3996 	3995
f 3995 	3998 	3997
f 3997 	3999 	3995
f 3996 	4002 	3998
f 4000 	3996 	3999
f 4000 	4002 	3996
f 3998 	4002 	3997
f 4001 	3999 	3997
f 3997 	4002 	4001
f 4001 	4000 	3999
f 4002 	4000 	4001
# 12 faces

 #end of obj_478

o obj_479
v 105.5000 		-25.0000 		68.4075
v 105.5000 		-25.0000 		69.9075
v 105.5000 		0.0000 		68.4075
v 105.5000 		0.0000 		69.9075
v 106.0000 		-25.0000 		68.4075
v 106.0000 		-25.0000 		69.9075
v 106.0000 		0.0000 		68.4075
v 106.0000 		0.0000 		69.9075
# 8 vertices

g group_479_color_16768282

usemtl color_16768282
s 0

f 4004 	4006 	4003
f 4007 	4004 	4003
f 4003 	4006 	4005
f 4005 	4007 	4003
f 4004 	4010 	4006
f 4008 	4004 	4007
f 4008 	4010 	4004
f 4006 	4010 	4005
f 4009 	4007 	4005
f 4005 	4010 	4009
f 4009 	4008 	4007
f 4010 	4008 	4009
# 12 faces

 #end of obj_479

o obj_480
v 110.0000 		-25.0000 		67.4829
v 110.0000 		-25.0000 		68.9829
v 110.0000 		0.0000 		67.4829
v 110.0000 		0.0000 		68.9829
v 110.5000 		-25.0000 		67.4829
v 110.5000 		-25.0000 		68.9829
v 110.5000 		0.0000 		67.4829
v 110.5000 		0.0000 		68.9829
# 8 vertices

g group_480_color_16768282

usemtl color_16768282
s 0

f 4012 	4014 	4011
f 4015 	4012 	4011
f 4011 	4014 	4013
f 4013 	4015 	4011
f 4012 	4018 	4014
f 4016 	4012 	4015
f 4016 	4018 	4012
f 4014 	4018 	4013
f 4017 	4015 	4013
f 4013 	4018 	4017
f 4017 	4016 	4015
f 4018 	4016 	4017
# 12 faces

 #end of obj_480

o obj_481
v 12.5000 		-50.0000 		87.5171
v 12.5000 		-50.0000 		89.0171
v 12.5000 		-25.0000 		87.5171
v 12.5000 		-25.0000 		89.0171
v 13.0000 		-50.0000 		87.5171
v 13.0000 		-50.0000 		89.0171
v 13.0000 		-25.0000 		87.5171
v 13.0000 		-25.0000 		89.0171
# 8 vertices

g group_481_color_16768282

usemtl color_16768282
s 0

f 4020 	4022 	4019
f 4023 	4020 	4019
f 4019 	4022 	4021
f 4021 	4023 	4019
f 4020 	4026 	4022
f 4024 	4020 	4023
f 4024 	4026 	4020
f 4022 	4026 	4021
f 4025 	4023 	4021
f 4021 	4026 	4025
f 4025 	4024 	4023
f 4026 	4024 	4025
# 12 faces

 #end of obj_481

o obj_482
v 17.0000 		-50.0000 		86.5925
v 17.0000 		-50.0000 		88.0925
v 17.0000 		-25.0000 		86.5925
v 17.0000 		-25.0000 		88.0925
v 17.5000 		-50.0000 		86.5925
v 17.5000 		-50.0000 		88.0925
v 17.5000 		-25.0000 		86.5925
v 17.5000 		-25.0000 		88.0925
# 8 vertices

g group_482_color_16768282

usemtl color_16768282
s 0

f 4028 	4030 	4027
f 4031 	4028 	4027
f 4027 	4030 	4029
f 4029 	4031 	4027
f 4028 	4034 	4030
f 4032 	4028 	4031
f 4032 	4034 	4028
f 4030 	4034 	4029
f 4033 	4031 	4029
f 4029 	4034 	4033
f 4033 	4032 	4031
f 4034 	4032 	4033
# 12 faces

 #end of obj_482

o obj_483
v 28.0000 		-50.0000 		84.3322
v 28.0000 		-50.0000 		85.8322
v 28.0000 		-25.0000 		84.3322
v 28.0000 		-25.0000 		85.8322
v 28.5000 		-50.0000 		84.3322
v 28.5000 		-50.0000 		85.8322
v 28.5000 		-25.0000 		84.3322
v 28.5000 		-25.0000 		85.8322
# 8 vertices

g group_483_color_16768282

usemtl color_16768282
s 0

f 4036 	4038 	4035
f 4039 	4036 	4035
f 4035 	4038 	4037
f 4037 	4039 	4035
f 4036 	4042 	4038
f 4040 	4036 	4039
f 4040 	4042 	4036
f 4038 	4042 	4037
f 4041 	4039 	4037
f 4037 	4042 	4041
f 4041 	4040 	4039
f 4042 	4040 	4041
# 12 faces

 #end of obj_483

o obj_484
v 32.5000 		-50.0000 		83.4075
v 32.5000 		-50.0000 		84.9075
v 32.5000 		-25.0000 		83.4075
v 32.5000 		-25.0000 		84.9075
v 33.0000 		-50.0000 		83.4075
v 33.0000 		-50.0000 		84.9075
v 33.0000 		-25.0000 		83.4075
v 33.0000 		-25.0000 		84.9075
# 8 vertices

g group_484_color_16768282

usemtl color_16768282
s 0

f 4044 	4046 	4043
f 4047 	4044 	4043
f 4043 	4046 	4045
f 4045 	4047 	4043
f 4044 	4050 	4046
f 4048 	4044 	4047
f 4048 	4050 	4044
f 4046 	4050 	4045
f 4049 	4047 	4045
f 4045 	4050 	4049
f 4049 	4048 	4047
f 4050 	4048 	4049
# 12 faces

 #end of obj_484

o obj_485
v 37.0000 		-50.0000 		82.4829
v 37.0000 		-50.0000 		83.9829
v 37.0000 		-25.0000 		82.4829
v 37.0000 		-25.0000 		83.9829
v 37.5000 		-50.0000 		82.4829
v 37.5000 		-50.0000 		83.9829
v 37.5000 		-25.0000 		82.4829
v 37.5000 		-25.0000 		83.9829
# 8 vertices

g group_485_color_16768282

usemtl color_16768282
s 0

f 4052 	4054 	4051
f 4055 	4052 	4051
f 4051 	4054 	4053
f 4053 	4055 	4051
f 4052 	4058 	4054
f 4056 	4052 	4055
f 4056 	4058 	4052
f 4054 	4058 	4053
f 4057 	4055 	4053
f 4053 	4058 	4057
f 4057 	4056 	4055
f 4058 	4056 	4057
# 12 faces

 #end of obj_485

o obj_486
v 41.5000 		-50.0000 		81.5582
v 41.5000 		-50.0000 		83.0582
v 41.5000 		-25.0000 		81.5582
v 41.5000 		-25.0000 		83.0582
v 42.0000 		-50.0000 		81.5582
v 42.0000 		-50.0000 		83.0582
v 42.0000 		-25.0000 		81.5582
v 42.0000 		-25.0000 		83.0582
# 8 vertices

g group_486_color_16768282

usemtl color_16768282
s 0

f 4060 	4062 	4059
f 4063 	4060 	4059
f 4059 	4062 	4061
f 4061 	4063 	4059
f 4060 	4066 	4062
f 4064 	4060 	4063
f 4064 	4066 	4060
f 4062 	4066 	4061
f 4065 	4063 	4061
f 4061 	4066 	4065
f 4065 	4064 	4063
f 4066 	4064 	4065
# 12 faces

 #end of obj_486

o obj_487
v 46.0000 		-50.0000 		80.6336
v 46.0000 		-50.0000 		82.1336
v 46.0000 		-25.0000 		80.6336
v 46.0000 		-25.0000 		82.1336
v 46.5000 		-50.0000 		80.6336
v 46.5000 		-50.0000 		82.1336
v 46.5000 		-25.0000 		80.6336
v 46.5000 		-25.0000 		82.1336
# 8 vertices

g group_487_color_16768282

usemtl color_16768282
s 0

f 4068 	4070 	4067
f 4071 	4068 	4067
f 4067 	4070 	4069
f 4069 	4071 	4067
f 4068 	4074 	4070
f 4072 	4068 	4071
f 4072 	4074 	4068
f 4070 	4074 	4069
f 4073 	4071 	4069
f 4069 	4074 	4073
f 4073 	4072 	4071
f 4074 	4072 	4073
# 12 faces

 #end of obj_487

o obj_488
v 50.5000 		-50.0000 		79.7089
v 50.5000 		-50.0000 		81.2089
v 50.5000 		-25.0000 		79.7089
v 50.5000 		-25.0000 		81.2089
v 51.0000 		-50.0000 		79.7089
v 51.0000 		-50.0000 		81.2089
v 51.0000 		-25.0000 		79.7089
v 51.0000 		-25.0000 		81.2089
# 8 vertices

g group_488_color_16768282

usemtl color_16768282
s 0

f 4076 	4078 	4075
f 4079 	4076 	4075
f 4075 	4078 	4077
f 4077 	4079 	4075
f 4076 	4082 	4078
f 4080 	4076 	4079
f 4080 	4082 	4076
f 4078 	4082 	4077
f 4081 	4079 	4077
f 4077 	4082 	4081
f 4081 	4080 	4079
f 4082 	4080 	4081
# 12 faces

 #end of obj_488

o obj_489
v 55.0000 		-50.0000 		78.7842
v 55.0000 		-50.0000 		80.2842
v 55.0000 		-25.0000 		78.7842
v 55.0000 		-25.0000 		80.2842
v 55.5000 		-50.0000 		78.7842
v 55.5000 		-50.0000 		80.2842
v 55.5000 		-25.0000 		78.7842
v 55.5000 		-25.0000 		80.2842
# 8 vertices

g group_489_color_16768282

usemtl color_16768282
s 0

f 4084 	4086 	4083
f 4087 	4084 	4083
f 4083 	4086 	4085
f 4085 	4087 	4083
f 4084 	4090 	4086
f 4088 	4084 	4087
f 4088 	4090 	4084
f 4086 	4090 	4085
f 4089 	4087 	4085
f 4085 	4090 	4089
f 4089 	4088 	4087
f 4090 	4088 	4089
# 12 faces

 #end of obj_489

o obj_490
v 66.0000 		-50.0000 		76.5240
v 66.0000 		-50.0000 		78.0240
v 66.0000 		-25.0000 		76.5240
v 66.0000 		-25.0000 		78.0240
v 66.5000 		-50.0000 		76.5240
v 66.5000 		-50.0000 		78.0240
v 66.5000 		-25.0000 		76.5240
v 66.5000 		-25.0000 		78.0240
# 8 vertices

g group_490_color_16768282

usemtl color_16768282
s 0

f 4092 	4094 	4091
f 4095 	4092 	4091
f 4091 	4094 	4093
f 4093 	4095 	4091
f 4092 	4098 	4094
f 4096 	4092 	4095
f 4096 	4098 	4092
f 4094 	4098 	4093
f 4097 	4095 	4093
f 4093 	4098 	4097
f 4097 	4096 	4095
f 4098 	4096 	4097
# 12 faces

 #end of obj_490

o obj_491
v 70.5000 		-50.0000 		75.5993
v 70.5000 		-50.0000 		77.0993
v 70.5000 		-25.0000 		75.5993
v 70.5000 		-25.0000 		77.0993
v 71.0000 		-50.0000 		75.5993
v 71.0000 		-50.0000 		77.0993
v 71.0000 		-25.0000 		75.5993
v 71.0000 		-25.0000 		77.0993
# 8 vertices

g group_491_color_16768282

usemtl color_16768282
s 0

f 4100 	4102 	4099
f 4103 	4100 	4099
f 4099 	4102 	4101
f 4101 	4103 	4099
f 4100 	4106 	4102
f 4104 	4100 	4103
f 4104 	4106 	4100
f 4102 	4106 	4101
f 4105 	4103 	4101
f 4101 	4106 	4105
f 4105 	4104 	4103
f 4106 	4104 	4105
# 12 faces

 #end of obj_491

o obj_492
v 85.0000 		-50.0000 		72.6199
v 85.0000 		-50.0000 		74.1199
v 85.0000 		-25.0000 		72.6199
v 85.0000 		-25.0000 		74.1199
v 85.5000 		-50.0000 		72.6199
v 85.5000 		-50.0000 		74.1199
v 85.5000 		-25.0000 		72.6199
v 85.5000 		-25.0000 		74.1199
# 8 vertices

g group_492_color_16768282

usemtl color_16768282
s 0

f 4108 	4110 	4107
f 4111 	4108 	4107
f 4107 	4110 	4109
f 4109 	4111 	4107
f 4108 	4114 	4110
f 4112 	4108 	4111
f 4112 	4114 	4108
f 4110 	4114 	4109
f 4113 	4111 	4109
f 4109 	4114 	4113
f 4113 	4112 	4111
f 4114 	4112 	4113
# 12 faces

 #end of obj_492

o obj_493
v 89.5000 		-50.0000 		71.6952
v 89.5000 		-50.0000 		73.1952
v 89.5000 		-25.0000 		71.6952
v 89.5000 		-25.0000 		73.1952
v 90.0000 		-50.0000 		71.6952
v 90.0000 		-50.0000 		73.1952
v 90.0000 		-25.0000 		71.6952
v 90.0000 		-25.0000 		73.1952
# 8 vertices

g group_493_color_16768282

usemtl color_16768282
s 0

f 4116 	4118 	4115
f 4119 	4116 	4115
f 4115 	4118 	4117
f 4117 	4119 	4115
f 4116 	4122 	4118
f 4120 	4116 	4119
f 4120 	4122 	4116
f 4118 	4122 	4117
f 4121 	4119 	4117
f 4117 	4122 	4121
f 4121 	4120 	4119
f 4122 	4120 	4121
# 12 faces

 #end of obj_493

o obj_494
v 105.5000 		-50.0000 		68.4075
v 105.5000 		-50.0000 		69.9075
v 105.5000 		-25.0000 		68.4075
v 105.5000 		-25.0000 		69.9075
v 106.0000 		-50.0000 		68.4075
v 106.0000 		-50.0000 		69.9075
v 106.0000 		-25.0000 		68.4075
v 106.0000 		-25.0000 		69.9075
# 8 vertices

g group_494_color_16768282

usemtl color_16768282
s 0

f 4124 	4126 	4123
f 4127 	4124 	4123
f 4123 	4126 	4125
f 4125 	4127 	4123
f 4124 	4130 	4126
f 4128 	4124 	4127
f 4128 	4130 	4124
f 4126 	4130 	4125
f 4129 	4127 	4125
f 4125 	4130 	4129
f 4129 	4128 	4127
f 4130 	4128 	4129
# 12 faces

 #end of obj_494

o obj_495
v 110.0000 		-50.0000 		67.4829
v 110.0000 		-50.0000 		68.9829
v 110.0000 		-25.0000 		67.4829
v 110.0000 		-25.0000 		68.9829
v 110.5000 		-50.0000 		67.4829
v 110.5000 		-50.0000 		68.9829
v 110.5000 		-25.0000 		67.4829
v 110.5000 		-25.0000 		68.9829
# 8 vertices

g group_495_color_16768282

usemtl color_16768282
s 0

f 4132 	4134 	4131
f 4135 	4132 	4131
f 4131 	4134 	4133
f 4133 	4135 	4131
f 4132 	4138 	4134
f 4136 	4132 	4135
f 4136 	4138 	4132
f 4134 	4138 	4133
f 4137 	4135 	4133
f 4133 	4138 	4137
f 4137 	4136 	4135
f 4138 	4136 	4137
# 12 faces

 #end of obj_495

o obj_496
v 12.5000 		-75.0000 		87.5171
v 12.5000 		-75.0000 		89.0171
v 12.5000 		-50.0000 		87.5171
v 12.5000 		-50.0000 		89.0171
v 13.0000 		-75.0000 		87.5171
v 13.0000 		-75.0000 		89.0171
v 13.0000 		-50.0000 		87.5171
v 13.0000 		-50.0000 		89.0171
# 8 vertices

g group_496_color_16768282

usemtl color_16768282
s 0

f 4140 	4142 	4139
f 4143 	4140 	4139
f 4139 	4142 	4141
f 4141 	4143 	4139
f 4140 	4146 	4142
f 4144 	4140 	4143
f 4144 	4146 	4140
f 4142 	4146 	4141
f 4145 	4143 	4141
f 4141 	4146 	4145
f 4145 	4144 	4143
f 4146 	4144 	4145
# 12 faces

 #end of obj_496

o obj_497
v 17.0000 		-75.0000 		86.5925
v 17.0000 		-75.0000 		88.0925
v 17.0000 		-50.0000 		86.5925
v 17.0000 		-50.0000 		88.0925
v 17.5000 		-75.0000 		86.5925
v 17.5000 		-75.0000 		88.0925
v 17.5000 		-50.0000 		86.5925
v 17.5000 		-50.0000 		88.0925
# 8 vertices

g group_497_color_16768282

usemtl color_16768282
s 0

f 4148 	4150 	4147
f 4151 	4148 	4147
f 4147 	4150 	4149
f 4149 	4151 	4147
f 4148 	4154 	4150
f 4152 	4148 	4151
f 4152 	4154 	4148
f 4150 	4154 	4149
f 4153 	4151 	4149
f 4149 	4154 	4153
f 4153 	4152 	4151
f 4154 	4152 	4153
# 12 faces

 #end of obj_497

o obj_498
v 28.0000 		-75.0000 		84.3322
v 28.0000 		-75.0000 		85.8322
v 28.0000 		-50.0000 		84.3322
v 28.0000 		-50.0000 		85.8322
v 28.5000 		-75.0000 		84.3322
v 28.5000 		-75.0000 		85.8322
v 28.5000 		-50.0000 		84.3322
v 28.5000 		-50.0000 		85.8322
# 8 vertices

g group_498_color_16768282

usemtl color_16768282
s 0

f 4156 	4158 	4155
f 4159 	4156 	4155
f 4155 	4158 	4157
f 4157 	4159 	4155
f 4156 	4162 	4158
f 4160 	4156 	4159
f 4160 	4162 	4156
f 4158 	4162 	4157
f 4161 	4159 	4157
f 4157 	4162 	4161
f 4161 	4160 	4159
f 4162 	4160 	4161
# 12 faces

 #end of obj_498

o obj_499
v 32.5000 		-75.0000 		83.4075
v 32.5000 		-75.0000 		84.9075
v 32.5000 		-50.0000 		83.4075
v 32.5000 		-50.0000 		84.9075
v 33.0000 		-75.0000 		83.4075
v 33.0000 		-75.0000 		84.9075
v 33.0000 		-50.0000 		83.4075
v 33.0000 		-50.0000 		84.9075
# 8 vertices

g group_499_color_16768282

usemtl color_16768282
s 0

f 4164 	4166 	4163
f 4167 	4164 	4163
f 4163 	4166 	4165
f 4165 	4167 	4163
f 4164 	4170 	4166
f 4168 	4164 	4167
f 4168 	4170 	4164
f 4166 	4170 	4165
f 4169 	4167 	4165
f 4165 	4170 	4169
f 4169 	4168 	4167
f 4170 	4168 	4169
# 12 faces

 #end of obj_499

o obj_500
v 37.0000 		-75.0000 		82.4829
v 37.0000 		-75.0000 		83.9829
v 37.0000 		-50.0000 		82.4829
v 37.0000 		-50.0000 		83.9829
v 37.5000 		-75.0000 		82.4829
v 37.5000 		-75.0000 		83.9829
v 37.5000 		-50.0000 		82.4829
v 37.5000 		-50.0000 		83.9829
# 8 vertices

g group_500_color_16768282

usemtl color_16768282
s 0

f 4172 	4174 	4171
f 4175 	4172 	4171
f 4171 	4174 	4173
f 4173 	4175 	4171
f 4172 	4178 	4174
f 4176 	4172 	4175
f 4176 	4178 	4172
f 4174 	4178 	4173
f 4177 	4175 	4173
f 4173 	4178 	4177
f 4177 	4176 	4175
f 4178 	4176 	4177
# 12 faces

 #end of obj_500

o obj_501
v 41.5000 		-75.0000 		81.5582
v 41.5000 		-75.0000 		83.0582
v 41.5000 		-50.0000 		81.5582
v 41.5000 		-50.0000 		83.0582
v 42.0000 		-75.0000 		81.5582
v 42.0000 		-75.0000 		83.0582
v 42.0000 		-50.0000 		81.5582
v 42.0000 		-50.0000 		83.0582
# 8 vertices

g group_501_color_16768282

usemtl color_16768282
s 0

f 4180 	4182 	4179
f 4183 	4180 	4179
f 4179 	4182 	4181
f 4181 	4183 	4179
f 4180 	4186 	4182
f 4184 	4180 	4183
f 4184 	4186 	4180
f 4182 	4186 	4181
f 4185 	4183 	4181
f 4181 	4186 	4185
f 4185 	4184 	4183
f 4186 	4184 	4185
# 12 faces

 #end of obj_501

o obj_502
v 46.0000 		-75.0000 		80.6336
v 46.0000 		-75.0000 		82.1336
v 46.0000 		-50.0000 		80.6336
v 46.0000 		-50.0000 		82.1336
v 46.5000 		-75.0000 		80.6336
v 46.5000 		-75.0000 		82.1336
v 46.5000 		-50.0000 		80.6336
v 46.5000 		-50.0000 		82.1336
# 8 vertices

g group_502_color_16768282

usemtl color_16768282
s 0

f 4188 	4190 	4187
f 4191 	4188 	4187
f 4187 	4190 	4189
f 4189 	4191 	4187
f 4188 	4194 	4190
f 4192 	4188 	4191
f 4192 	4194 	4188
f 4190 	4194 	4189
f 4193 	4191 	4189
f 4189 	4194 	4193
f 4193 	4192 	4191
f 4194 	4192 	4193
# 12 faces

 #end of obj_502

o obj_503
v 50.5000 		-75.0000 		79.7089
v 50.5000 		-75.0000 		81.2089
v 50.5000 		-50.0000 		79.7089
v 50.5000 		-50.0000 		81.2089
v 51.0000 		-75.0000 		79.7089
v 51.0000 		-75.0000 		81.2089
v 51.0000 		-50.0000 		79.7089
v 51.0000 		-50.0000 		81.2089
# 8 vertices

g group_503_color_16768282

usemtl color_16768282
s 0

f 4196 	4198 	4195
f 4199 	4196 	4195
f 4195 	4198 	4197
f 4197 	4199 	4195
f 4196 	4202 	4198
f 4200 	4196 	4199
f 4200 	4202 	4196
f 4198 	4202 	4197
f 4201 	4199 	4197
f 4197 	4202 	4201
f 4201 	4200 	4199
f 4202 	4200 	4201
# 12 faces

 #end of obj_503

o obj_504
v 55.0000 		-75.0000 		78.7842
v 55.0000 		-75.0000 		80.2842
v 55.0000 		-50.0000 		78.7842
v 55.0000 		-50.0000 		80.2842
v 55.5000 		-75.0000 		78.7842
v 55.5000 		-75.0000 		80.2842
v 55.5000 		-50.0000 		78.7842
v 55.5000 		-50.0000 		80.2842
# 8 vertices

g group_504_color_16768282

usemtl color_16768282
s 0

f 4204 	4206 	4203
f 4207 	4204 	4203
f 4203 	4206 	4205
f 4205 	4207 	4203
f 4204 	4210 	4206
f 4208 	4204 	4207
f 4208 	4210 	4204
f 4206 	4210 	4205
f 4209 	4207 	4205
f 4205 	4210 	4209
f 4209 	4208 	4207
f 4210 	4208 	4209
# 12 faces

 #end of obj_504

o obj_505
v 66.0000 		-75.0000 		76.5240
v 66.0000 		-75.0000 		78.0240
v 66.0000 		-50.0000 		76.5240
v 66.0000 		-50.0000 		78.0240
v 66.5000 		-75.0000 		76.5240
v 66.5000 		-75.0000 		78.0240
v 66.5000 		-50.0000 		76.5240
v 66.5000 		-50.0000 		78.0240
# 8 vertices

g group_505_color_16768282

usemtl color_16768282
s 0

f 4212 	4214 	4211
f 4215 	4212 	4211
f 4211 	4214 	4213
f 4213 	4215 	4211
f 4212 	4218 	4214
f 4216 	4212 	4215
f 4216 	4218 	4212
f 4214 	4218 	4213
f 4217 	4215 	4213
f 4213 	4218 	4217
f 4217 	4216 	4215
f 4218 	4216 	4217
# 12 faces

 #end of obj_505

o obj_506
v 70.5000 		-75.0000 		75.5993
v 70.5000 		-75.0000 		77.0993
v 70.5000 		-50.0000 		75.5993
v 70.5000 		-50.0000 		77.0993
v 71.0000 		-75.0000 		75.5993
v 71.0000 		-75.0000 		77.0993
v 71.0000 		-50.0000 		75.5993
v 71.0000 		-50.0000 		77.0993
# 8 vertices

g group_506_color_16768282

usemtl color_16768282
s 0

f 4220 	4222 	4219
f 4223 	4220 	4219
f 4219 	4222 	4221
f 4221 	4223 	4219
f 4220 	4226 	4222
f 4224 	4220 	4223
f 4224 	4226 	4220
f 4222 	4226 	4221
f 4225 	4223 	4221
f 4221 	4226 	4225
f 4225 	4224 	4223
f 4226 	4224 	4225
# 12 faces

 #end of obj_506

o obj_507
v 85.0000 		-75.0000 		72.6199
v 85.0000 		-75.0000 		74.1199
v 85.0000 		-50.0000 		72.6199
v 85.0000 		-50.0000 		74.1199
v 85.5000 		-75.0000 		72.6199
v 85.5000 		-75.0000 		74.1199
v 85.5000 		-50.0000 		72.6199
v 85.5000 		-50.0000 		74.1199
# 8 vertices

g group_507_color_16768282

usemtl color_16768282
s 0

f 4228 	4230 	4227
f 4231 	4228 	4227
f 4227 	4230 	4229
f 4229 	4231 	4227
f 4228 	4234 	4230
f 4232 	4228 	4231
f 4232 	4234 	4228
f 4230 	4234 	4229
f 4233 	4231 	4229
f 4229 	4234 	4233
f 4233 	4232 	4231
f 4234 	4232 	4233
# 12 faces

 #end of obj_507

o obj_508
v 89.5000 		-75.0000 		71.6952
v 89.5000 		-75.0000 		73.1952
v 89.5000 		-50.0000 		71.6952
v 89.5000 		-50.0000 		73.1952
v 90.0000 		-75.0000 		71.6952
v 90.0000 		-75.0000 		73.1952
v 90.0000 		-50.0000 		71.6952
v 90.0000 		-50.0000 		73.1952
# 8 vertices

g group_508_color_16768282

usemtl color_16768282
s 0

f 4236 	4238 	4235
f 4239 	4236 	4235
f 4235 	4238 	4237
f 4237 	4239 	4235
f 4236 	4242 	4238
f 4240 	4236 	4239
f 4240 	4242 	4236
f 4238 	4242 	4237
f 4241 	4239 	4237
f 4237 	4242 	4241
f 4241 	4240 	4239
f 4242 	4240 	4241
# 12 faces

 #end of obj_508

o obj_509
v 105.5000 		-75.0000 		68.4075
v 105.5000 		-75.0000 		69.9075
v 105.5000 		-50.0000 		68.4075
v 105.5000 		-50.0000 		69.9075
v 106.0000 		-75.0000 		68.4075
v 106.0000 		-75.0000 		69.9075
v 106.0000 		-50.0000 		68.4075
v 106.0000 		-50.0000 		69.9075
# 8 vertices

g group_509_color_16768282

usemtl color_16768282
s 0

f 4244 	4246 	4243
f 4247 	4244 	4243
f 4243 	4246 	4245
f 4245 	4247 	4243
f 4244 	4250 	4246
f 4248 	4244 	4247
f 4248 	4250 	4244
f 4246 	4250 	4245
f 4249 	4247 	4245
f 4245 	4250 	4249
f 4249 	4248 	4247
f 4250 	4248 	4249
# 12 faces

 #end of obj_509

o obj_510
v 110.0000 		-75.0000 		67.4829
v 110.0000 		-75.0000 		68.9829
v 110.0000 		-50.0000 		67.4829
v 110.0000 		-50.0000 		68.9829
v 110.5000 		-75.0000 		67.4829
v 110.5000 		-75.0000 		68.9829
v 110.5000 		-50.0000 		67.4829
v 110.5000 		-50.0000 		68.9829
# 8 vertices

g group_510_color_16768282

usemtl color_16768282
s 0

f 4252 	4254 	4251
f 4255 	4252 	4251
f 4251 	4254 	4253
f 4253 	4255 	4251
f 4252 	4258 	4254
f 4256 	4252 	4255
f 4256 	4258 	4252
f 4254 	4258 	4253
f 4257 	4255 	4253
f 4253 	4258 	4257
f 4257 	4256 	4255
f 4258 	4256 	4257
# 12 faces

 #end of obj_510

o obj_511
v 12.5000 		-100.0000 		87.5171
v 12.5000 		-100.0000 		89.0171
v 12.5000 		-75.0000 		87.5171
v 12.5000 		-75.0000 		89.0171
v 13.0000 		-100.0000 		87.5171
v 13.0000 		-100.0000 		89.0171
v 13.0000 		-75.0000 		87.5171
v 13.0000 		-75.0000 		89.0171
# 8 vertices

g group_511_color_16768282

usemtl color_16768282
s 0

f 4260 	4262 	4259
f 4263 	4260 	4259
f 4259 	4262 	4261
f 4261 	4263 	4259
f 4260 	4266 	4262
f 4264 	4260 	4263
f 4264 	4266 	4260
f 4262 	4266 	4261
f 4265 	4263 	4261
f 4261 	4266 	4265
f 4265 	4264 	4263
f 4266 	4264 	4265
# 12 faces

 #end of obj_511

o obj_512
v 17.0000 		-100.0000 		86.5925
v 17.0000 		-100.0000 		88.0925
v 17.0000 		-75.0000 		86.5925
v 17.0000 		-75.0000 		88.0925
v 17.5000 		-100.0000 		86.5925
v 17.5000 		-100.0000 		88.0925
v 17.5000 		-75.0000 		86.5925
v 17.5000 		-75.0000 		88.0925
# 8 vertices

g group_512_color_16768282

usemtl color_16768282
s 0

f 4268 	4270 	4267
f 4271 	4268 	4267
f 4267 	4270 	4269
f 4269 	4271 	4267
f 4268 	4274 	4270
f 4272 	4268 	4271
f 4272 	4274 	4268
f 4270 	4274 	4269
f 4273 	4271 	4269
f 4269 	4274 	4273
f 4273 	4272 	4271
f 4274 	4272 	4273
# 12 faces

 #end of obj_512

o obj_513
v 28.0000 		-100.0000 		84.3322
v 28.0000 		-100.0000 		85.8322
v 28.0000 		-75.0000 		84.3322
v 28.0000 		-75.0000 		85.8322
v 28.5000 		-100.0000 		84.3322
v 28.5000 		-100.0000 		85.8322
v 28.5000 		-75.0000 		84.3322
v 28.5000 		-75.0000 		85.8322
# 8 vertices

g group_513_color_16768282

usemtl color_16768282
s 0

f 4276 	4278 	4275
f 4279 	4276 	4275
f 4275 	4278 	4277
f 4277 	4279 	4275
f 4276 	4282 	4278
f 4280 	4276 	4279
f 4280 	4282 	4276
f 4278 	4282 	4277
f 4281 	4279 	4277
f 4277 	4282 	4281
f 4281 	4280 	4279
f 4282 	4280 	4281
# 12 faces

 #end of obj_513

o obj_514
v 32.5000 		-100.0000 		83.4075
v 32.5000 		-100.0000 		84.9075
v 32.5000 		-75.0000 		83.4075
v 32.5000 		-75.0000 		84.9075
v 33.0000 		-100.0000 		83.4075
v 33.0000 		-100.0000 		84.9075
v 33.0000 		-75.0000 		83.4075
v 33.0000 		-75.0000 		84.9075
# 8 vertices

g group_514_color_16768282

usemtl color_16768282
s 0

f 4284 	4286 	4283
f 4287 	4284 	4283
f 4283 	4286 	4285
f 4285 	4287 	4283
f 4284 	4290 	4286
f 4288 	4284 	4287
f 4288 	4290 	4284
f 4286 	4290 	4285
f 4289 	4287 	4285
f 4285 	4290 	4289
f 4289 	4288 	4287
f 4290 	4288 	4289
# 12 faces

 #end of obj_514

o obj_515
v 37.0000 		-100.0000 		82.4829
v 37.0000 		-100.0000 		83.9829
v 37.0000 		-75.0000 		82.4829
v 37.0000 		-75.0000 		83.9829
v 37.5000 		-100.0000 		82.4829
v 37.5000 		-100.0000 		83.9829
v 37.5000 		-75.0000 		82.4829
v 37.5000 		-75.0000 		83.9829
# 8 vertices

g group_515_color_16768282

usemtl color_16768282
s 0

f 4292 	4294 	4291
f 4295 	4292 	4291
f 4291 	4294 	4293
f 4293 	4295 	4291
f 4292 	4298 	4294
f 4296 	4292 	4295
f 4296 	4298 	4292
f 4294 	4298 	4293
f 4297 	4295 	4293
f 4293 	4298 	4297
f 4297 	4296 	4295
f 4298 	4296 	4297
# 12 faces

 #end of obj_515

o obj_516
v 41.5000 		-100.0000 		81.5582
v 41.5000 		-100.0000 		83.0582
v 41.5000 		-75.0000 		81.5582
v 41.5000 		-75.0000 		83.0582
v 42.0000 		-100.0000 		81.5582
v 42.0000 		-100.0000 		83.0582
v 42.0000 		-75.0000 		81.5582
v 42.0000 		-75.0000 		83.0582
# 8 vertices

g group_516_color_16768282

usemtl color_16768282
s 0

f 4300 	4302 	4299
f 4303 	4300 	4299
f 4299 	4302 	4301
f 4301 	4303 	4299
f 4300 	4306 	4302
f 4304 	4300 	4303
f 4304 	4306 	4300
f 4302 	4306 	4301
f 4305 	4303 	4301
f 4301 	4306 	4305
f 4305 	4304 	4303
f 4306 	4304 	4305
# 12 faces

 #end of obj_516

o obj_517
v 46.0000 		-100.0000 		80.6336
v 46.0000 		-100.0000 		82.1336
v 46.0000 		-75.0000 		80.6336
v 46.0000 		-75.0000 		82.1336
v 46.5000 		-100.0000 		80.6336
v 46.5000 		-100.0000 		82.1336
v 46.5000 		-75.0000 		80.6336
v 46.5000 		-75.0000 		82.1336
# 8 vertices

g group_517_color_16768282

usemtl color_16768282
s 0

f 4308 	4310 	4307
f 4311 	4308 	4307
f 4307 	4310 	4309
f 4309 	4311 	4307
f 4308 	4314 	4310
f 4312 	4308 	4311
f 4312 	4314 	4308
f 4310 	4314 	4309
f 4313 	4311 	4309
f 4309 	4314 	4313
f 4313 	4312 	4311
f 4314 	4312 	4313
# 12 faces

 #end of obj_517

o obj_518
v 50.5000 		-100.0000 		79.7089
v 50.5000 		-100.0000 		81.2089
v 50.5000 		-75.0000 		79.7089
v 50.5000 		-75.0000 		81.2089
v 51.0000 		-100.0000 		79.7089
v 51.0000 		-100.0000 		81.2089
v 51.0000 		-75.0000 		79.7089
v 51.0000 		-75.0000 		81.2089
# 8 vertices

g group_518_color_16768282

usemtl color_16768282
s 0

f 4316 	4318 	4315
f 4319 	4316 	4315
f 4315 	4318 	4317
f 4317 	4319 	4315
f 4316 	4322 	4318
f 4320 	4316 	4319
f 4320 	4322 	4316
f 4318 	4322 	4317
f 4321 	4319 	4317
f 4317 	4322 	4321
f 4321 	4320 	4319
f 4322 	4320 	4321
# 12 faces

 #end of obj_518

o obj_519
v 55.0000 		-100.0000 		78.7842
v 55.0000 		-100.0000 		80.2842
v 55.0000 		-75.0000 		78.7842
v 55.0000 		-75.0000 		80.2842
v 55.5000 		-100.0000 		78.7842
v 55.5000 		-100.0000 		80.2842
v 55.5000 		-75.0000 		78.7842
v 55.5000 		-75.0000 		80.2842
# 8 vertices

g group_519_color_16768282

usemtl color_16768282
s 0

f 4324 	4326 	4323
f 4327 	4324 	4323
f 4323 	4326 	4325
f 4325 	4327 	4323
f 4324 	4330 	4326
f 4328 	4324 	4327
f 4328 	4330 	4324
f 4326 	4330 	4325
f 4329 	4327 	4325
f 4325 	4330 	4329
f 4329 	4328 	4327
f 4330 	4328 	4329
# 12 faces

 #end of obj_519

o obj_520
v 66.0000 		-100.0000 		76.5240
v 66.0000 		-100.0000 		78.0240
v 66.0000 		-75.0000 		76.5240
v 66.0000 		-75.0000 		78.0240
v 66.5000 		-100.0000 		76.5240
v 66.5000 		-100.0000 		78.0240
v 66.5000 		-75.0000 		76.5240
v 66.5000 		-75.0000 		78.0240
# 8 vertices

g group_520_color_16768282

usemtl color_16768282
s 0

f 4332 	4334 	4331
f 4335 	4332 	4331
f 4331 	4334 	4333
f 4333 	4335 	4331
f 4332 	4338 	4334
f 4336 	4332 	4335
f 4336 	4338 	4332
f 4334 	4338 	4333
f 4337 	4335 	4333
f 4333 	4338 	4337
f 4337 	4336 	4335
f 4338 	4336 	4337
# 12 faces

 #end of obj_520

o obj_521
v 70.5000 		-100.0000 		75.5993
v 70.5000 		-100.0000 		77.0993
v 70.5000 		-75.0000 		75.5993
v 70.5000 		-75.0000 		77.0993
v 71.0000 		-100.0000 		75.5993
v 71.0000 		-100.0000 		77.0993
v 71.0000 		-75.0000 		75.5993
v 71.0000 		-75.0000 		77.0993
# 8 vertices

g group_521_color_16768282

usemtl color_16768282
s 0

f 4340 	4342 	4339
f 4343 	4340 	4339
f 4339 	4342 	4341
f 4341 	4343 	4339
f 4340 	4346 	4342
f 4344 	4340 	4343
f 4344 	4346 	4340
f 4342 	4346 	4341
f 4345 	4343 	4341
f 4341 	4346 	4345
f 4345 	4344 	4343
f 4346 	4344 	4345
# 12 faces

 #end of obj_521

o obj_522
v 85.0000 		-100.0000 		72.6199
v 85.0000 		-100.0000 		74.1199
v 85.0000 		-75.0000 		72.6199
v 85.0000 		-75.0000 		74.1199
v 85.5000 		-100.0000 		72.6199
v 85.5000 		-100.0000 		74.1199
v 85.5000 		-75.0000 		72.6199
v 85.5000 		-75.0000 		74.1199
# 8 vertices

g group_522_color_16768282

usemtl color_16768282
s 0

f 4348 	4350 	4347
f 4351 	4348 	4347
f 4347 	4350 	4349
f 4349 	4351 	4347
f 4348 	4354 	4350
f 4352 	4348 	4351
f 4352 	4354 	4348
f 4350 	4354 	4349
f 4353 	4351 	4349
f 4349 	4354 	4353
f 4353 	4352 	4351
f 4354 	4352 	4353
# 12 faces

 #end of obj_522

o obj_523
v 89.5000 		-100.0000 		71.6952
v 89.5000 		-100.0000 		73.1952
v 89.5000 		-75.0000 		71.6952
v 89.5000 		-75.0000 		73.1952
v 90.0000 		-100.0000 		71.6952
v 90.0000 		-100.0000 		73.1952
v 90.0000 		-75.0000 		71.6952
v 90.0000 		-75.0000 		73.1952
# 8 vertices

g group_523_color_16768282

usemtl color_16768282
s 0

f 4356 	4358 	4355
f 4359 	4356 	4355
f 4355 	4358 	4357
f 4357 	4359 	4355
f 4356 	4362 	4358
f 4360 	4356 	4359
f 4360 	4362 	4356
f 4358 	4362 	4357
f 4361 	4359 	4357
f 4357 	4362 	4361
f 4361 	4360 	4359
f 4362 	4360 	4361
# 12 faces

 #end of obj_523

o obj_524
v 105.5000 		-100.0000 		68.4075
v 105.5000 		-100.0000 		69.9075
v 105.5000 		-75.0000 		68.4075
v 105.5000 		-75.0000 		69.9075
v 106.0000 		-100.0000 		68.4075
v 106.0000 		-100.0000 		69.9075
v 106.0000 		-75.0000 		68.4075
v 106.0000 		-75.0000 		69.9075
# 8 vertices

g group_524_color_16768282

usemtl color_16768282
s 0

f 4364 	4366 	4363
f 4367 	4364 	4363
f 4363 	4366 	4365
f 4365 	4367 	4363
f 4364 	4370 	4366
f 4368 	4364 	4367
f 4368 	4370 	4364
f 4366 	4370 	4365
f 4369 	4367 	4365
f 4365 	4370 	4369
f 4369 	4368 	4367
f 4370 	4368 	4369
# 12 faces

 #end of obj_524

o obj_525
v 110.0000 		-100.0000 		67.4829
v 110.0000 		-100.0000 		68.9829
v 110.0000 		-75.0000 		67.4829
v 110.0000 		-75.0000 		68.9829
v 110.5000 		-100.0000 		67.4829
v 110.5000 		-100.0000 		68.9829
v 110.5000 		-75.0000 		67.4829
v 110.5000 		-75.0000 		68.9829
# 8 vertices

g group_525_color_16768282

usemtl color_16768282
s 0

f 4372 	4374 	4371
f 4375 	4372 	4371
f 4371 	4374 	4373
f 4373 	4375 	4371
f 4372 	4378 	4374
f 4376 	4372 	4375
f 4376 	4378 	4372
f 4374 	4378 	4373
f 4377 	4375 	4373
f 4373 	4378 	4377
f 4377 	4376 	4375
f 4378 	4376 	4377
# 12 faces

 #end of obj_525

o obj_526
v 5.0000 		-0.5000 		90.6532
v 4.5738 		-0.5000 		91.3482
v 5.0000 		-0.5000 		91.6096
v 5.4262 		-0.5000 		91.8710
v 5.6711 		-0.5000 		91.4717
v 6.0833 		-0.5000 		88.8870
v 7.4255 		-0.5000 		88.6112
v 5.0000 		0.5000 		90.6532
v 4.5738 		0.5000 		91.3482
v 5.0000 		0.5000 		91.6096
v 5.4262 		0.5000 		91.8710
v 5.6711 		0.5000 		91.4717
v 6.0833 		0.5000 		88.8870
v 7.4255 		0.5000 		88.6112
v 24.0000 		-0.5000 		59.9932
v 24.3046 		-0.5000 		59.1775
v 24.4320 		-0.5000 		59.2517
v 24.0000 		-0.5000 		61.5868
v 24.0000 		0.5000 		59.9932
v 24.3046 		0.5000 		59.1775
v 24.4320 		0.5000 		59.2517
v 24.0000 		0.5000 		61.5868
# 22 vertices

g group_526_color_16089887

usemtl color_16089887
s 0

f 4380 	4379 	4381
f 4382 	4381 	4383
f 4380 	4387 	4379
f 4380 	4381 	4388
f 4382 	4389 	4381
f 4382 	4383 	4390
f 4396 	4385 	4384
f 4394 	4384 	4391
f 4387 	4386 	4379
f 4380 	4388 	4387
f 4389 	4388 	4381
f 4382 	4390 	4389
f 4387 	4388 	4386
f 4389 	4390 	4388
f 4400 	4392 	4385
f 4398 	4391 	4392
f 4393 	4384 	4394
f 4393 	4396 	4384
f 4396 	4400 	4385
f 4393 	4394 	4395
f 4394 	4399 	4395
f 4393 	4395 	4399
f 4393 	4400 	4396
f 4394 	4391 	4398
f 4397 	4398 	4392
f 4397 	4392 	4400
f 4394 	4398 	4399
f 4393 	4399 	4397
f 4393 	4397 	4400
f 4397 	4399 	4398
f 4381 	4379 	4388
f 4390 	4383 	4381
f 4384 	4385 	4391
f 4379 	4386 	4388
f 4381 	4388 	4390
f 4392 	4391 	4385
# 36 faces

 #end of obj_526

o obj_527
v 99.0000 		-0.5000 		58.9172
v 99.0000 		-0.5000 		59.0000
v 98.7785 		-0.5000 		59.4482
v 99.0000 		-0.5000 		59.5577
v 99.0000 		-0.5000 		60.0219
v 99.0000 		0.5000 		58.9172
v 99.0000 		0.5000 		59.0000
v 98.7785 		0.5000 		59.4482
v 99.0000 		0.5000 		59.5577
v 99.0000 		0.5000 		60.0219
v 113.4780 		-0.5000 		66.8196
v 115.1146 		-0.5000 		66.4833
v 118.0000 		-0.5000 		67.8380
v 118.2125 		-0.5000 		67.9378
v 117.1817 		-0.5000 		68.5586
v 118.0000 		-0.5000 		68.3904
v 117.7875 		-0.5000 		68.8430
v 113.4780 		0.5000 		66.8196
v 115.1146 		0.5000 		66.4833
v 118.0000 		0.5000 		67.8380
v 118.2125 		0.5000 		67.9378
v 117.1817 		0.5000 		68.5586
v 118.0000 		0.5000 		68.3904
v 117.7875 		0.5000 		68.8430
# 24 vertices

g group_527_color_16089887

usemtl color_16089887
s 0

f 4402 	4404 	4403
f 4401 	4402 	4406
f 4402 	4403 	4408
f 4403 	4404 	4409
f 4404 	4405 	4409
f 4401 	4411 	4402
f 4402 	4411 	4404
f 4404 	4411 	4405
f 4401 	4406 	4412
f 4402 	4407 	4406
f 4402 	4408 	4407
f 4403 	4409 	4408
f 4405 	4410 	4409
f 4407 	4408 	4409
f 4405 	4418 	4410
f 4406 	4407 	4419
f 4407 	4409 	4419
f 4409 	4410 	4419
f 4401 	4412 	4411
f 4405 	4411 	4418
f 4414 	4416 	4413
f 4417 	4415 	4416
f 4414 	4413 	4420
f 4414 	4421 	4416
f 4417 	4424 	4415
f 4417 	4416 	4423
f 4406 	4419 	4412
f 4410 	4418 	4419
f 4414 	4420 	4421
f 4424 	4422 	4415
f 4421 	4423 	4416
f 4417 	4423 	4424
f 4421 	4420 	4423
f 4424 	4423 	4422
f 4411 	4412 	4418
f 4420 	4413 	4416
f 4416 	4415 	4423
f 4419 	4418 	4412
f 4416 	4423 	4420
f 4415 	4422 	4423
# 40 faces

 #end of obj_527

o obj_528
v 5.0000 		-25.5000 		90.6532
v 4.5738 		-25.5000 		91.3482
v 5.0000 		-25.5000 		91.6096
v 5.4262 		-25.5000 		91.8710
v 5.6711 		-25.5000 		91.4717
v 6.0833 		-25.5000 		88.8870
v 7.4255 		-25.5000 		88.6112
v 5.0000 		-24.5000 		90.6532
v 4.5738 		-24.5000 		91.3482
v 5.0000 		-24.5000 		91.6096
v 5.4262 		-24.5000 		91.8710
v 5.6711 		-24.5000 		91.4717
v 6.0833 		-24.5000 		88.8870
v 7.4255 		-24.5000 		88.6112
v 24.0000 		-25.5000 		59.9932
v 24.3046 		-25.5000 		59.1775
v 24.4320 		-25.5000 		59.2517
v 24.0000 		-25.5000 		61.5868
v 24.0000 		-24.5000 		59.9932
v 24.3046 		-24.5000 		59.1775
v 24.4320 		-24.5000 		59.2517
v 24.0000 		-24.5000 		61.5868
# 22 vertices

g group_528_color_16089887

usemtl color_16089887
s 0

f 4426 	4425 	4427
f 4428 	4427 	4429
f 4426 	4433 	4425
f 4426 	4427 	4434
f 4428 	4435 	4427
f 4428 	4429 	4436
f 4442 	4431 	4430
f 4440 	4430 	4437
f 4433 	4432 	4425
f 4426 	4434 	4433
f 4435 	4434 	4427
f 4428 	4436 	4435
f 4433 	4434 	4432
f 4435 	4436 	4434
f 4446 	4438 	4431
f 4444 	4437 	4438
f 4439 	4430 	4440
f 4439 	4442 	4430
f 4442 	4446 	4431
f 4439 	4440 	4441
f 4440 	4445 	4441
f 4439 	4441 	4445
f 4439 	4446 	4442
f 4440 	4437 	4444
f 4443 	4444 	4438
f 4443 	4438 	4446
f 4440 	4444 	4445
f 4439 	4445 	4443
f 4439 	4443 	4446
f 4443 	4445 	4444
f 4427 	4425 	4434
f 4436 	4429 	4427
f 4430 	4431 	4437
f 4425 	4432 	4434
f 4427 	4434 	4436
f 4438 	4437 	4431
# 36 faces

 #end of obj_528

o obj_529
v 99.0000 		-25.5000 		58.9172
v 99.0000 		-25.5000 		59.0000
v 98.7785 		-25.5000 		59.4482
v 99.0000 		-25.5000 		59.5577
v 99.0000 		-25.5000 		60.0219
v 99.0000 		-24.5000 		58.9172
v 99.0000 		-24.5000 		59.0000
v 98.7785 		-24.5000 		59.4482
v 99.0000 		-24.5000 		59.5577
v 99.0000 		-24.5000 		60.0219
v 113.4780 		-25.5000 		66.8196
v 115.1146 		-25.5000 		66.4833
v 118.0000 		-25.5000 		67.8380
v 118.2125 		-25.5000 		67.9378
v 117.1817 		-25.5000 		68.5586
v 118.0000 		-25.5000 		68.3904
v 117.7875 		-25.5000 		68.8430
v 113.4780 		-24.5000 		66.8196
v 115.1146 		-24.5000 		66.4833
v 118.0000 		-24.5000 		67.8380
v 118.2125 		-24.5000 		67.9378
v 117.1817 		-24.5000 		68.5586
v 118.0000 		-24.5000 		68.3904
v 117.7875 		-24.5000 		68.8430
# 24 vertices

g group_529_color_16089887

usemtl color_16089887
s 0

f 4448 	4450 	4449
f 4447 	4448 	4452
f 4448 	4449 	4454
f 4449 	4450 	4455
f 4450 	4451 	4455
f 4447 	4457 	4448
f 4448 	4457 	4450
f 4450 	4457 	4451
f 4447 	4452 	4458
f 4448 	4453 	4452
f 4448 	4454 	4453
f 4449 	4455 	4454
f 4451 	4456 	4455
f 4453 	4454 	4455
f 4451 	4464 	4456
f 4452 	4453 	4465
f 4453 	4455 	4465
f 4455 	4456 	4465
f 4447 	4458 	4457
f 4451 	4457 	4464
f 4460 	4462 	4459
f 4463 	4461 	4462
f 4460 	4459 	4466
f 4460 	4467 	4462
f 4463 	4470 	4461
f 4463 	4462 	4469
f 4452 	4465 	4458
f 4456 	4464 	4465
f 4460 	4466 	4467
f 4470 	4468 	4461
f 4467 	4469 	4462
f 4463 	4469 	4470
f 4467 	4466 	4469
f 4470 	4469 	4468
f 4457 	4458 	4464
f 4466 	4459 	4462
f 4462 	4461 	4469
f 4465 	4464 	4458
f 4462 	4469 	4466
f 4461 	4468 	4469
# 40 faces

 #end of obj_529

o obj_530
v 5.0000 		-50.5000 		90.6532
v 4.5738 		-50.5000 		91.3482
v 5.0000 		-50.5000 		91.6096
v 5.4262 		-50.5000 		91.8710
v 5.6711 		-50.5000 		91.4717
v 6.0833 		-50.5000 		88.8870
v 7.4255 		-50.5000 		88.6112
v 5.0000 		-49.5000 		90.6532
v 4.5738 		-49.5000 		91.3482
v 5.0000 		-49.5000 		91.6096
v 5.4262 		-49.5000 		91.8710
v 5.6711 		-49.5000 		91.4717
v 6.0833 		-49.5000 		88.8870
v 7.4255 		-49.5000 		88.6112
v 24.0000 		-50.5000 		59.9932
v 24.3046 		-50.5000 		59.1775
v 24.4320 		-50.5000 		59.2517
v 24.0000 		-50.5000 		61.5868
v 24.0000 		-49.5000 		59.9932
v 24.3046 		-49.5000 		59.1775
v 24.4320 		-49.5000 		59.2517
v 24.0000 		-49.5000 		61.5868
# 22 vertices

g group_530_color_16089887

usemtl color_16089887
s 0

f 4472 	4471 	4473
f 4474 	4473 	4475
f 4472 	4479 	4471
f 4472 	4473 	4480
f 4474 	4481 	4473
f 4474 	4475 	4482
f 4488 	4477 	4476
f 4486 	4476 	4483
f 4479 	4478 	4471
f 4472 	4480 	4479
f 4481 	4480 	4473
f 4474 	4482 	4481
f 4479 	4480 	4478
f 4481 	4482 	4480
f 4492 	4484 	4477
f 4490 	4483 	4484
f 4485 	4476 	4486
f 4485 	4488 	4476
f 4488 	4492 	4477
f 4485 	4486 	4487
f 4486 	4491 	4487
f 4485 	4487 	4491
f 4485 	4492 	4488
f 4486 	4483 	4490
f 4489 	4490 	4484
f 4489 	4484 	4492
f 4486 	4490 	4491
f 4485 	4491 	4489
f 4485 	4489 	4492
f 4489 	4491 	4490
f 4473 	4471 	4480
f 4482 	4475 	4473
f 4476 	4477 	4483
f 4471 	4478 	4480
f 4473 	4480 	4482
f 4484 	4483 	4477
# 36 faces

 #end of obj_530

o obj_531
v 98.2125 		-50.5000 		58.5474
v 97.7875 		-50.5000 		59.4526
v 98.2125 		-49.5000 		58.5474
v 97.7875 		-49.5000 		59.4526
v 113.4780 		-50.5000 		66.8196
v 115.1146 		-50.5000 		66.4833
v 118.0000 		-50.5000 		67.8380
v 118.2125 		-50.5000 		67.9378
v 117.1817 		-50.5000 		68.5586
v 118.0000 		-50.5000 		68.3904
v 117.7875 		-50.5000 		68.8430
v 113.4780 		-49.5000 		66.8196
v 115.1146 		-49.5000 		66.4833
v 118.0000 		-49.5000 		67.8380
v 118.2125 		-49.5000 		67.9378
v 117.1817 		-49.5000 		68.5586
v 118.0000 		-49.5000 		68.3904
v 117.7875 		-49.5000 		68.8430
# 18 vertices

g group_531_color_16089887

usemtl color_16089887
s 0

f 4493 	4494 	4496
f 4493 	4497 	4494
f 4493 	4495 	4498
f 4493 	4496 	4495
f 4494 	4504 	4496
f 4495 	4496 	4505
f 4493 	4498 	4497
f 4494 	4497 	4504
f 4500 	4502 	4499
f 4503 	4501 	4502
f 4500 	4499 	4506
f 4500 	4507 	4502
f 4503 	4510 	4501
f 4503 	4502 	4509
f 4495 	4505 	4498
f 4496 	4504 	4505
f 4500 	4506 	4507
f 4510 	4508 	4501
f 4507 	4509 	4502
f 4503 	4509 	4510
f 4507 	4506 	4509
f 4510 	4509 	4508
f 4497 	4498 	4504
f 4506 	4499 	4502
f 4502 	4501 	4509
f 4505 	4504 	4498
f 4501 	4508 	4509
f 4502 	4509 	4506
# 28 faces

 #end of obj_531

o obj_532
v 5.0000 		-75.5000 		90.6532
v 4.5738 		-75.5000 		91.3482
v 5.0000 		-75.5000 		91.6096
v 5.4262 		-75.5000 		91.8710
v 5.6711 		-75.5000 		91.4717
v 6.0833 		-75.5000 		88.8870
v 7.4255 		-75.5000 		88.6112
v 5.0000 		-74.5000 		90.6532
v 4.5738 		-74.5000 		91.3482
v 5.0000 		-74.5000 		91.6096
v 5.4262 		-74.5000 		91.8710
v 5.6711 		-74.5000 		91.4717
v 6.0833 		-74.5000 		88.8870
v 7.4255 		-74.5000 		88.6112
v 24.0000 		-75.5000 		59.9932
v 24.3046 		-75.5000 		59.1775
v 24.4320 		-75.5000 		59.2517
v 24.0000 		-75.5000 		61.5868
v 24.0000 		-74.5000 		59.9932
v 24.3046 		-74.5000 		59.1775
v 24.4320 		-74.5000 		59.2517
v 24.0000 		-74.5000 		61.5868
# 22 vertices

g group_532_color_16089887

usemtl color_16089887
s 0

f 4512 	4511 	4513
f 4514 	4513 	4515
f 4512 	4519 	4511
f 4512 	4513 	4520
f 4514 	4521 	4513
f 4514 	4515 	4522
f 4528 	4517 	4516
f 4526 	4516 	4523
f 4519 	4518 	4511
f 4512 	4520 	4519
f 4521 	4520 	4513
f 4514 	4522 	4521
f 4519 	4520 	4518
f 4521 	4522 	4520
f 4532 	4524 	4517
f 4530 	4523 	4524
f 4525 	4516 	4526
f 4525 	4528 	4516
f 4528 	4532 	4517
f 4525 	4526 	4527
f 4526 	4531 	4527
f 4525 	4527 	4531
f 4525 	4532 	4528
f 4526 	4523 	4530
f 4529 	4530 	4524
f 4529 	4524 	4532
f 4526 	4530 	4531
f 4525 	4531 	4529
f 4525 	4529 	4532
f 4529 	4531 	4530
f 4513 	4511 	4520
f 4522 	4515 	4513
f 4516 	4517 	4523
f 4511 	4518 	4520
f 4513 	4520 	4522
f 4524 	4523 	4517
# 36 faces

 #end of obj_532

o obj_533
v 99.0000 		-75.5000 		58.9172
v 99.0000 		-75.5000 		59.0000
v 98.7785 		-75.5000 		59.4482
v 99.0000 		-75.5000 		59.5577
v 99.0000 		-75.5000 		60.0219
v 99.0000 		-74.5000 		58.9172
v 99.0000 		-74.5000 		59.0000
v 98.7785 		-74.5000 		59.4482
v 99.0000 		-74.5000 		59.5577
v 99.0000 		-74.5000 		60.0219
v 113.4780 		-75.5000 		66.8196
v 115.1146 		-75.5000 		66.4833
v 118.0000 		-75.5000 		67.8380
v 118.2125 		-75.5000 		67.9378
v 117.1817 		-75.5000 		68.5586
v 118.0000 		-75.5000 		68.3904
v 117.7875 		-75.5000 		68.8430
v 113.4780 		-74.5000 		66.8196
v 115.1146 		-74.5000 		66.4833
v 118.0000 		-74.5000 		67.8380
v 118.2125 		-74.5000 		67.9378
v 117.1817 		-74.5000 		68.5586
v 118.0000 		-74.5000 		68.3904
v 117.7875 		-74.5000 		68.8430
# 24 vertices

g group_533_color_16089887

usemtl color_16089887
s 0

f 4534 	4536 	4535
f 4533 	4534 	4538
f 4534 	4535 	4540
f 4535 	4536 	4541
f 4536 	4537 	4541
f 4533 	4543 	4534
f 4534 	4543 	4536
f 4536 	4543 	4537
f 4533 	4538 	4544
f 4534 	4539 	4538
f 4534 	4540 	4539
f 4535 	4541 	4540
f 4537 	4542 	4541
f 4539 	4540 	4541
f 4537 	4550 	4542
f 4538 	4539 	4551
f 4539 	4541 	4551
f 4541 	4542 	4551
f 4533 	4544 	4543
f 4537 	4543 	4550
f 4546 	4548 	4545
f 4549 	4547 	4548
f 4546 	4545 	4552
f 4546 	4553 	4548
f 4549 	4556 	4547
f 4549 	4548 	4555
f 4538 	4551 	4544
f 4542 	4550 	4551
f 4546 	4552 	4553
f 4556 	4554 	4547
f 4553 	4555 	4548
f 4549 	4555 	4556
f 4553 	4552 	4555
f 4556 	4555 	4554
f 4543 	4544 	4550
f 4552 	4545 	4548
f 4548 	4547 	4555
f 4551 	4550 	4544
f 4548 	4555 	4552
f 4547 	4554 	4555
# 40 faces

 #end of obj_533

o obj_534
v 5.0000 		-100.5000 		90.6532
v 4.5738 		-100.5000 		91.3482
v 5.0000 		-100.5000 		91.6096
v 5.4262 		-100.5000 		91.8710
v 5.6711 		-100.5000 		91.4717
v 6.0833 		-100.5000 		88.8870
v 7.4255 		-100.5000 		88.6112
v 5.0000 		-99.5000 		90.6532
v 4.5738 		-99.5000 		91.3482
v 5.0000 		-99.5000 		91.6096
v 5.4262 		-99.5000 		91.8710
v 5.6711 		-99.5000 		91.4717
v 6.0833 		-99.5000 		88.8870
v 7.4255 		-99.5000 		88.6112
v 24.0000 		-100.5000 		59.9932
v 24.3046 		-100.5000 		59.1775
v 24.4320 		-100.5000 		59.2517
v 24.0000 		-100.5000 		61.5868
v 24.0000 		-99.5000 		59.9932
v 24.3046 		-99.5000 		59.1775
v 24.4320 		-99.5000 		59.2517
v 24.0000 		-99.5000 		61.5868
# 22 vertices

g group_534_color_16089887

usemtl color_16089887
s 0

f 4558 	4557 	4559
f 4560 	4559 	4561
f 4558 	4565 	4557
f 4558 	4559 	4566
f 4560 	4567 	4559
f 4560 	4561 	4568
f 4574 	4563 	4562
f 4572 	4562 	4569
f 4565 	4564 	4557
f 4558 	4566 	4565
f 4567 	4566 	4559
f 4560 	4568 	4567
f 4565 	4566 	4564
f 4567 	4568 	4566
f 4578 	4570 	4563
f 4576 	4569 	4570
f 4571 	4562 	4572
f 4571 	4574 	4562
f 4574 	4578 	4563
f 4571 	4572 	4573
f 4572 	4577 	4573
f 4571 	4573 	4577
f 4571 	4578 	4574
f 4572 	4569 	4576
f 4575 	4576 	4570
f 4575 	4570 	4578
f 4572 	4576 	4577
f 4571 	4577 	4575
f 4571 	4575 	4578
f 4575 	4577 	4576
f 4559 	4557 	4566
f 4568 	4561 	4559
f 4562 	4563 	4569
f 4557 	4564 	4566
f 4559 	4566 	4568
f 4570 	4569 	4563
# 36 faces

 #end of obj_534

o obj_535
v 99.0000 		-100.5000 		58.9172
v 99.0000 		-100.5000 		59.0000
v 98.7785 		-100.5000 		59.4482
v 99.0000 		-100.5000 		59.5577
v 99.0000 		-100.5000 		60.0219
v 99.0000 		-99.5000 		58.9172
v 99.0000 		-99.5000 		59.0000
v 98.7785 		-99.5000 		59.4482
v 99.0000 		-99.5000 		59.5577
v 99.0000 		-99.5000 		60.0219
v 113.4780 		-100.5000 		66.8196
v 115.1146 		-100.5000 		66.4833
v 118.0000 		-100.5000 		67.8380
v 118.2125 		-100.5000 		67.9378
v 117.1817 		-100.5000 		68.5586
v 118.0000 		-100.5000 		68.3904
v 117.7875 		-100.5000 		68.8430
v 113.4780 		-99.5000 		66.8196
v 115.1146 		-99.5000 		66.4833
v 118.0000 		-99.5000 		67.8380
v 118.2125 		-99.5000 		67.9378
v 117.1817 		-99.5000 		68.5586
v 118.0000 		-99.5000 		68.3904
v 117.7875 		-99.5000 		68.8430
# 24 vertices

g group_535_color_16089887

usemtl color_16089887
s 0

f 4580 	4582 	4581
f 4579 	4580 	4584
f 4580 	4581 	4586
f 4581 	4582 	4587
f 4582 	4583 	4587
f 4579 	4589 	4580
f 4580 	4589 	4582
f 4582 	4589 	4583
f 4579 	4584 	4590
f 4580 	4585 	4584
f 4580 	4586 	4585
f 4581 	4587 	4586
f 4583 	4588 	4587
f 4585 	4586 	4587
f 4583 	4596 	4588
f 4584 	4585 	4597
f 4585 	4587 	4597
f 4587 	4588 	4597
f 4579 	4590 	4589
f 4583 	4589 	4596
f 4592 	4594 	4591
f 4595 	4593 	4594
f 4592 	4591 	4598
f 4592 	4599 	4594
f 4595 	4602 	4593
f 4595 	4594 	4601
f 4584 	4597 	4590
f 4588 	4596 	4597
f 4592 	4598 	4599
f 4602 	4600 	4593
f 4599 	4601 	4594
f 4595 	4601 	4602
f 4599 	4598 	4601
f 4602 	4601 	4600
f 4589 	4590 	4596
f 4598 	4591 	4594
f 4594 	4593 	4601
f 4597 	4596 	4590
f 4594 	4601 	4598
f 4593 	4600 	4601
# 40 faces

 #end of obj_535
