# Object Export From Tinkercad Server 2015

mtllib obj.mtl

o obj_0
v 1 		-1 		14
v 1 		1 		14
v 1 		-1 		0
v 1 		1 		0
v -1 		1 		14
v -1 		-1 		14
v -1 		1 		0
v -1 		-1 		0
# 8 vertices

g group_0_15277357

usemtl color_15277357
s 0

f 1 	3 	2
f 3 	4 	2
f 5 	7 	6
f 7 	8 	6
f 5 	6 	2
f 6 	1 	2
f 8 	7 	3
f 7 	4 	3
f 6 	8 	1
f 8 	3 	1
f 2 	4 	5
f 4 	7 	5
# 12 faces

 #end of obj_0

o obj_1
v 26 		-1 		73
v 26 		1 		73
v 26 		-1 		0
v 26 		1 		0
v 24 		1 		73
v 24 		-1 		73
v 24 		1 		0
v 24 		-1 		0
# 8 vertices

g group_1_15277357

usemtl color_15277357
s 0

f 9 	11 	10
f 11 	12 	10
f 13 	15 	14
f 15 	16 	14
f 13 	14 	10
f 14 	9 	10
f 16 	15 	11
f 15 	12 	11
f 14 	16 	9
f 16 	11 	9
f 10 	12 	13
f 12 	15 	13
# 12 faces

 #end of obj_1

o obj_2
v 61 		-1 		73
v 61 		1 		73
v 61 		-1 		0
v 61 		1 		0
v 59 		1 		73
v 59 		-1 		73
v 59 		1 		0
v 59 		-1 		0
# 8 vertices

g group_2_15277357

usemtl color_15277357
s 0

f 17 	19 	18
f 19 	20 	18
f 21 	23 	22
f 23 	24 	22
f 21 	22 	18
f 22 	17 	18
f 24 	23 	19
f 23 	20 	19
f 22 	24 	17
f 24 	19 	17
f 18 	20 	21
f 20 	23 	21
# 12 faces

 #end of obj_2

o obj_3
v 78 		-1 		73
v 78 		1 		73
v 78 		-1 		0
v 78 		1 		0
v 76 		1 		73
v 76 		-1 		73
v 76 		1 		0
v 76 		-1 		0
# 8 vertices

g group_3_15277357

usemtl color_15277357
s 0

f 25 	27 	26
f 27 	28 	26
f 29 	31 	30
f 31 	32 	30
f 29 	30 	26
f 30 	25 	26
f 32 	31 	27
f 31 	28 	27
f 30 	32 	25
f 32 	27 	25
f 26 	28 	29
f 28 	31 	29
# 12 faces

 #end of obj_3

o obj_4
v 99 		-1 		73
v 99 		1 		73
v 99 		-1 		0
v 99 		1 		0
v 97 		1 		73
v 97 		-1 		73
v 97 		1 		0
v 97 		-1 		0
# 8 vertices

g group_4_15277357

usemtl color_15277357
s 0

f 33 	35 	34
f 35 	36 	34
f 37 	39 	38
f 39 	40 	38
f 37 	38 	34
f 38 	33 	34
f 40 	39 	35
f 39 	36 	35
f 38 	40 	33
f 40 	35 	33
f 34 	36 	37
f 36 	39 	37
# 12 faces

 #end of obj_4

o obj_5
v 1 		-26 		14
v 1 		-24 		14
v 1 		-26 		0
v 1 		-24 		0
v -1 		-24 		14
v -1 		-26 		14
v -1 		-24 		0
v -1 		-26 		0
# 8 vertices

g group_5_15277357

usemtl color_15277357
s 0

f 41 	43 	42
f 43 	44 	42
f 45 	47 	46
f 47 	48 	46
f 45 	46 	42
f 46 	41 	42
f 48 	47 	43
f 47 	44 	43
f 46 	48 	41
f 48 	43 	41
f 42 	44 	45
f 44 	47 	45
# 12 faces

 #end of obj_5

o obj_6
v 26 		-26 		73
v 26 		-24 		73
v 26 		-26 		0
v 26 		-24 		0
v 24 		-24 		73
v 24 		-26 		73
v 24 		-24 		0
v 24 		-26 		0
# 8 vertices

g group_6_15277357

usemtl color_15277357
s 0

f 49 	51 	50
f 51 	52 	50
f 53 	55 	54
f 55 	56 	54
f 53 	54 	50
f 54 	49 	50
f 56 	55 	51
f 55 	52 	51
f 54 	56 	49
f 56 	51 	49
f 50 	52 	53
f 52 	55 	53
# 12 faces

 #end of obj_6

o obj_7
v 61 		-26 		73
v 61 		-24 		73
v 61 		-26 		0
v 61 		-24 		0
v 59 		-24 		73
v 59 		-26 		73
v 59 		-24 		0
v 59 		-26 		0
# 8 vertices

g group_7_15277357

usemtl color_15277357
s 0

f 57 	59 	58
f 59 	60 	58
f 61 	63 	62
f 63 	64 	62
f 61 	62 	58
f 62 	57 	58
f 64 	63 	59
f 63 	60 	59
f 62 	64 	57
f 64 	59 	57
f 58 	60 	61
f 60 	63 	61
# 12 faces

 #end of obj_7

o obj_8
v 78 		-26 		73
v 78 		-24 		73
v 78 		-26 		0
v 78 		-24 		0
v 76 		-24 		73
v 76 		-26 		73
v 76 		-24 		0
v 76 		-26 		0
# 8 vertices

g group_8_15277357

usemtl color_15277357
s 0

f 65 	67 	66
f 67 	68 	66
f 69 	71 	70
f 71 	72 	70
f 69 	70 	66
f 70 	65 	66
f 72 	71 	67
f 71 	68 	67
f 70 	72 	65
f 72 	67 	65
f 66 	68 	69
f 68 	71 	69
# 12 faces

 #end of obj_8

o obj_9
v 99 		-26 		73
v 99 		-24 		73
v 99 		-26 		0
v 99 		-24 		0
v 97 		-24 		73
v 97 		-26 		73
v 97 		-24 		0
v 97 		-26 		0
# 8 vertices

g group_9_15277357

usemtl color_15277357
s 0

f 73 	75 	74
f 75 	76 	74
f 77 	79 	78
f 79 	80 	78
f 77 	78 	74
f 78 	73 	74
f 80 	79 	75
f 79 	76 	75
f 78 	80 	73
f 80 	75 	73
f 74 	76 	77
f 76 	79 	77
# 12 faces

 #end of obj_9

o obj_10
v 1 		-51 		14
v 1 		-49 		14
v 1 		-51 		0
v 1 		-49 		0
v -1 		-49 		14
v -1 		-51 		14
v -1 		-49 		0
v -1 		-51 		0
# 8 vertices

g group_10_15277357

usemtl color_15277357
s 0

f 81 	83 	82
f 83 	84 	82
f 85 	87 	86
f 87 	88 	86
f 85 	86 	82
f 86 	81 	82
f 88 	87 	83
f 87 	84 	83
f 86 	88 	81
f 88 	83 	81
f 82 	84 	85
f 84 	87 	85
# 12 faces

 #end of obj_10

o obj_11
v 26 		-51 		73
v 26 		-49 		73
v 26 		-51 		0
v 26 		-49 		0
v 24 		-49 		73
v 24 		-51 		73
v 24 		-49 		0
v 24 		-51 		0
# 8 vertices

g group_11_15277357

usemtl color_15277357
s 0

f 89 	91 	90
f 91 	92 	90
f 93 	95 	94
f 95 	96 	94
f 93 	94 	90
f 94 	89 	90
f 96 	95 	91
f 95 	92 	91
f 94 	96 	89
f 96 	91 	89
f 90 	92 	93
f 92 	95 	93
# 12 faces

 #end of obj_11

o obj_12
v 59.0000 		-51.0000 		0.0000
v 59.0000 		-51.0000 		73.0000
v 59.0000 		-51.0000 		78.0137
v 59.0000 		-49.0000 		0.0000
v 59.0000 		-49.0000 		73.0000
v 59.0000 		-49.0000 		78.0137
v 61.0000 		-51.0000 		0.0000
v 61.0000 		-51.0000 		73.0000
v 61.0000 		-51.0000 		77.6027
v 61.0000 		-49.0000 		0.0000
v 61.0000 		-49.0000 		73.0000
v 61.0000 		-49.0000 		77.6027
# 12 vertices

g group_12_15277357

usemtl color_15277357
s 0

f 97 	103 	98
f 97 	100 	103
f 97 	98 	101
f 98 	99 	102
f 98 	104 	99
f 97 	101 	100
f 98 	102 	101
f 100 	101 	107
f 101 	102 	108
f 103 	106 	104
f 98 	103 	104
f 104 	105 	99
f 104 	107 	105
f 100 	106 	103
f 100 	107 	106
f 101 	108 	107
f 104 	106 	107
f 107 	108 	105
f 102 	99 	108
f 108 	99 	105
# 20 faces

 #end of obj_12

o obj_13
v 78 		-51 		73
v 78 		-49 		73
v 78 		-51 		0
v 78 		-49 		0
v 76 		-49 		73
v 76 		-51 		73
v 76 		-49 		0
v 76 		-51 		0
# 8 vertices

g group_13_15277357

usemtl color_15277357
s 0

f 109 	111 	110
f 111 	112 	110
f 113 	115 	114
f 115 	116 	114
f 113 	114 	110
f 114 	109 	110
f 116 	115 	111
f 115 	112 	111
f 114 	116 	109
f 116 	111 	109
f 110 	112 	113
f 112 	115 	113
# 12 faces

 #end of obj_13

o obj_14
v 1 		-76 		14
v 1 		-74 		14
v 1 		-76 		0
v 1 		-74 		0
v -1 		-74 		14
v -1 		-76 		14
v -1 		-74 		0
v -1 		-76 		0
# 8 vertices

g group_14_15277357

usemtl color_15277357
s 0

f 117 	119 	118
f 119 	120 	118
f 121 	123 	122
f 123 	124 	122
f 121 	122 	118
f 122 	117 	118
f 124 	123 	119
f 123 	120 	119
f 122 	124 	117
f 124 	119 	117
f 118 	120 	121
f 120 	123 	121
# 12 faces

 #end of obj_14

o obj_15
v 26 		-76 		73
v 26 		-74 		73
v 26 		-76 		0
v 26 		-74 		0
v 24 		-74 		73
v 24 		-76 		73
v 24 		-74 		0
v 24 		-76 		0
# 8 vertices

g group_15_15277357

usemtl color_15277357
s 0

f 125 	127 	126
f 127 	128 	126
f 129 	131 	130
f 131 	132 	130
f 129 	130 	126
f 130 	125 	126
f 132 	131 	127
f 131 	128 	127
f 130 	132 	125
f 132 	127 	125
f 126 	128 	129
f 128 	131 	129
# 12 faces

 #end of obj_15

o obj_16
v 61 		-76 		73
v 61 		-74 		73
v 61 		-76 		0
v 61 		-74 		0
v 59 		-74 		73
v 59 		-76 		73
v 59 		-74 		0
v 59 		-76 		0
# 8 vertices

g group_16_15277357

usemtl color_15277357
s 0

f 133 	135 	134
f 135 	136 	134
f 137 	139 	138
f 139 	140 	138
f 137 	138 	134
f 138 	133 	134
f 140 	139 	135
f 139 	136 	135
f 138 	140 	133
f 140 	135 	133
f 134 	136 	137
f 136 	139 	137
# 12 faces

 #end of obj_16

o obj_17
v 78 		-76 		73
v 78 		-74 		73
v 78 		-76 		0
v 78 		-74 		0
v 76 		-74 		73
v 76 		-76 		73
v 76 		-74 		0
v 76 		-76 		0
# 8 vertices

g group_17_15277357

usemtl color_15277357
s 0

f 141 	143 	142
f 143 	144 	142
f 145 	147 	146
f 147 	148 	146
f 145 	146 	142
f 146 	141 	142
f 148 	147 	143
f 147 	144 	143
f 146 	148 	141
f 148 	143 	141
f 142 	144 	145
f 144 	147 	145
# 12 faces

 #end of obj_17

o obj_18
v 99 		-76 		73
v 99 		-74 		73
v 99 		-76 		0
v 99 		-74 		0
v 97 		-74 		73
v 97 		-76 		73
v 97 		-74 		0
v 97 		-76 		0
# 8 vertices

g group_18_15277357

usemtl color_15277357
s 0

f 149 	151 	150
f 151 	152 	150
f 153 	155 	154
f 155 	156 	154
f 153 	154 	150
f 154 	149 	150
f 156 	155 	151
f 155 	152 	151
f 154 	156 	149
f 156 	151 	149
f 150 	152 	153
f 152 	155 	153
# 12 faces

 #end of obj_18

o obj_19
v 1 		-101 		14
v 1 		-99 		14
v 1 		-101 		0
v 1 		-99 		0
v -1 		-99 		14
v -1 		-101 		14
v -1 		-99 		0
v -1 		-101 		0
# 8 vertices

g group_19_15277357

usemtl color_15277357
s 0

f 157 	159 	158
f 159 	160 	158
f 161 	163 	162
f 163 	164 	162
f 161 	162 	158
f 162 	157 	158
f 164 	163 	159
f 163 	160 	159
f 162 	164 	157
f 164 	159 	157
f 158 	160 	161
f 160 	163 	161
# 12 faces

 #end of obj_19

o obj_20
v 26 		-101 		73
v 26 		-99 		73
v 26 		-101 		0
v 26 		-99 		0
v 24 		-99 		73
v 24 		-101 		73
v 24 		-99 		0
v 24 		-101 		0
# 8 vertices

g group_20_15277357

usemtl color_15277357
s 0

f 165 	167 	166
f 167 	168 	166
f 169 	171 	170
f 171 	172 	170
f 169 	170 	166
f 170 	165 	166
f 172 	171 	167
f 171 	168 	167
f 170 	172 	165
f 172 	167 	165
f 166 	168 	169
f 168 	171 	169
# 12 faces

 #end of obj_20

o obj_21
v 61 		-101 		73
v 61 		-99 		73
v 61 		-101 		0
v 61 		-99 		0
v 59 		-99 		73
v 59 		-101 		73
v 59 		-99 		0
v 59 		-101 		0
# 8 vertices

g group_21_15277357

usemtl color_15277357
s 0

f 173 	175 	174
f 175 	176 	174
f 177 	179 	178
f 179 	180 	178
f 177 	178 	174
f 178 	173 	174
f 180 	179 	175
f 179 	176 	175
f 178 	180 	173
f 180 	175 	173
f 174 	176 	177
f 176 	179 	177
# 12 faces

 #end of obj_21

o obj_22
v 78 		-101 		73
v 78 		-99 		73
v 78 		-101 		0
v 78 		-99 		0
v 76 		-99 		73
v 76 		-101 		73
v 76 		-99 		0
v 76 		-101 		0
# 8 vertices

g group_22_15277357

usemtl color_15277357
s 0

f 181 	183 	182
f 183 	184 	182
f 185 	187 	186
f 187 	188 	186
f 185 	186 	182
f 186 	181 	182
f 188 	187 	183
f 187 	184 	183
f 186 	188 	181
f 188 	183 	181
f 182 	184 	185
f 184 	187 	185
# 12 faces

 #end of obj_22

o obj_23
v 99 		-101 		73
v 99 		-99 		73
v 99 		-101 		0
v 99 		-99 		0
v 97 		-99 		73
v 97 		-101 		73
v 97 		-99 		0
v 97 		-101 		0
# 8 vertices

g group_23_15277357

usemtl color_15277357
s 0

f 189 	191 	190
f 191 	192 	190
f 193 	195 	194
f 195 	196 	194
f 193 	194 	190
f 194 	189 	190
f 196 	195 	191
f 195 	192 	191
f 194 	196 	189
f 196 	191 	189
f 190 	192 	193
f 192 	195 	193
# 12 faces

 #end of obj_23

o obj_24
v 97 		0 		17.5
v 97 		1 		17.5
v 97 		0 		15
v 97 		1 		15
v 78 		1 		17.5
v 78 		0 		17.5
v 78 		1 		15
v 78 		0 		15
# 8 vertices

g group_24_4634441

usemtl color_4634441
s 0

f 197 	199 	198
f 199 	200 	198
f 201 	203 	202
f 203 	204 	202
f 201 	202 	198
f 202 	197 	198
f 204 	203 	199
f 203 	200 	199
f 202 	204 	197
f 204 	199 	197
f 198 	200 	201
f 200 	203 	201
# 12 faces

 #end of obj_24

o obj_25
v 2.5 		-2.5 		0
v 2.5 		2.5 		0
v 2.5 		-2.5 		-10
v 2.5 		2.5 		-10
v -2.5 		2.5 		0
v -2.5 		-2.5 		0
v -2.5 		2.5 		-10
v -2.5 		-2.5 		-10
# 8 vertices

g group_25_9771553

usemtl color_9771553
s 0

f 205 	207 	206
f 207 	208 	206
f 209 	211 	210
f 211 	212 	210
f 209 	210 	206
f 210 	205 	206
f 212 	211 	207
f 211 	208 	207
f 210 	212 	205
f 212 	207 	205
f 206 	208 	209
f 208 	211 	209
# 12 faces

 #end of obj_25

o obj_26
v 2.5 		-27.5 		0
v 2.5 		-22.5 		0
v 2.5 		-27.5 		-10
v 2.5 		-22.5 		-10
v -2.5 		-22.5 		0
v -2.5 		-27.5 		0
v -2.5 		-22.5 		-10
v -2.5 		-27.5 		-10
# 8 vertices

g group_26_9771553

usemtl color_9771553
s 0

f 213 	215 	214
f 215 	216 	214
f 217 	219 	218
f 219 	220 	218
f 217 	218 	214
f 218 	213 	214
f 220 	219 	215
f 219 	216 	215
f 218 	220 	213
f 220 	215 	213
f 214 	216 	217
f 216 	219 	217
# 12 faces

 #end of obj_26

o obj_27
v 2.5 		-52.5 		0
v 2.5 		-47.5 		0
v 2.5 		-52.5 		-10
v 2.5 		-47.5 		-10
v -2.5 		-47.5 		0
v -2.5 		-52.5 		0
v -2.5 		-47.5 		-10
v -2.5 		-52.5 		-10
# 8 vertices

g group_27_9771553

usemtl color_9771553
s 0

f 221 	223 	222
f 223 	224 	222
f 225 	227 	226
f 227 	228 	226
f 225 	226 	222
f 226 	221 	222
f 228 	227 	223
f 227 	224 	223
f 226 	228 	221
f 228 	223 	221
f 222 	224 	225
f 224 	227 	225
# 12 faces

 #end of obj_27

o obj_28
v 2.5 		-77.5 		0
v 2.5 		-72.5 		0
v 2.5 		-77.5 		-10
v 2.5 		-72.5 		-10
v -2.5 		-72.5 		0
v -2.5 		-77.5 		0
v -2.5 		-72.5 		-10
v -2.5 		-77.5 		-10
# 8 vertices

g group_28_9771553

usemtl color_9771553
s 0

f 229 	231 	230
f 231 	232 	230
f 233 	235 	234
f 235 	236 	234
f 233 	234 	230
f 234 	229 	230
f 236 	235 	231
f 235 	232 	231
f 234 	236 	229
f 236 	231 	229
f 230 	232 	233
f 232 	235 	233
# 12 faces

 #end of obj_28

o obj_29
v 2.5 		-102.5 		0
v 2.5 		-97.5 		0
v 2.5 		-102.5 		-10
v 2.5 		-97.5 		-10
v -2.5 		-97.5 		0
v -2.5 		-102.5 		0
v -2.5 		-97.5 		-10
v -2.5 		-102.5 		-10
# 8 vertices

g group_29_9771553

usemtl color_9771553
s 0

f 237 	239 	238
f 239 	240 	238
f 241 	243 	242
f 243 	244 	242
f 241 	242 	238
f 242 	237 	238
f 244 	243 	239
f 243 	240 	239
f 242 	244 	237
f 244 	239 	237
f 238 	240 	241
f 240 	243 	241
# 12 faces

 #end of obj_29

o obj_30
v 27.5 		-2.5 		0
v 27.5 		2.5 		0
v 27.5 		-2.5 		-10
v 27.5 		2.5 		-10
v 22.5 		2.5 		0
v 22.5 		-2.5 		0
v 22.5 		2.5 		-10
v 22.5 		-2.5 		-10
# 8 vertices

g group_30_9771553

usemtl color_9771553
s 0

f 245 	247 	246
f 247 	248 	246
f 249 	251 	250
f 251 	252 	250
f 249 	250 	246
f 250 	245 	246
f 252 	251 	247
f 251 	248 	247
f 250 	252 	245
f 252 	247 	245
f 246 	248 	249
f 248 	251 	249
# 12 faces

 #end of obj_30

o obj_31
v 27.5 		-27.5 		0
v 27.5 		-22.5 		0
v 27.5 		-27.5 		-10
v 27.5 		-22.5 		-10
v 22.5 		-22.5 		0
v 22.5 		-27.5 		0
v 22.5 		-22.5 		-10
v 22.5 		-27.5 		-10
# 8 vertices

g group_31_9771553

usemtl color_9771553
s 0

f 253 	255 	254
f 255 	256 	254
f 257 	259 	258
f 259 	260 	258
f 257 	258 	254
f 258 	253 	254
f 260 	259 	255
f 259 	256 	255
f 258 	260 	253
f 260 	255 	253
f 254 	256 	257
f 256 	259 	257
# 12 faces

 #end of obj_31

o obj_32
v 27.5 		-52.5 		0
v 27.5 		-47.5 		0
v 27.5 		-52.5 		-10
v 27.5 		-47.5 		-10
v 22.5 		-47.5 		0
v 22.5 		-52.5 		0
v 22.5 		-47.5 		-10
v 22.5 		-52.5 		-10
# 8 vertices

g group_32_9771553

usemtl color_9771553
s 0

f 261 	263 	262
f 263 	264 	262
f 265 	267 	266
f 267 	268 	266
f 265 	266 	262
f 266 	261 	262
f 268 	267 	263
f 267 	264 	263
f 266 	268 	261
f 268 	263 	261
f 262 	264 	265
f 264 	267 	265
# 12 faces

 #end of obj_32

o obj_33
v 27.5 		-77.5 		0
v 27.5 		-72.5 		0
v 27.5 		-77.5 		-10
v 27.5 		-72.5 		-10
v 22.5 		-72.5 		0
v 22.5 		-77.5 		0
v 22.5 		-72.5 		-10
v 22.5 		-77.5 		-10
# 8 vertices

g group_33_9771553

usemtl color_9771553
s 0

f 269 	271 	270
f 271 	272 	270
f 273 	275 	274
f 275 	276 	274
f 273 	274 	270
f 274 	269 	270
f 276 	275 	271
f 275 	272 	271
f 274 	276 	269
f 276 	271 	269
f 270 	272 	273
f 272 	275 	273
# 12 faces

 #end of obj_33

o obj_34
v 27.5 		-102.5 		0
v 27.5 		-97.5 		0
v 27.5 		-102.5 		-10
v 27.5 		-97.5 		-10
v 22.5 		-97.5 		0
v 22.5 		-102.5 		0
v 22.5 		-97.5 		-10
v 22.5 		-102.5 		-10
# 8 vertices

g group_34_9771553

usemtl color_9771553
s 0

f 277 	279 	278
f 279 	280 	278
f 281 	283 	282
f 283 	284 	282
f 281 	282 	278
f 282 	277 	278
f 284 	283 	279
f 283 	280 	279
f 282 	284 	277
f 284 	279 	277
f 278 	280 	281
f 280 	283 	281
# 12 faces

 #end of obj_34

o obj_35
v 62.5 		-2.5 		0
v 62.5 		2.5 		0
v 62.5 		-2.5 		-10
v 62.5 		2.5 		-10
v 57.5 		2.5 		0
v 57.5 		-2.5 		0
v 57.5 		2.5 		-10
v 57.5 		-2.5 		-10
# 8 vertices

g group_35_9771553

usemtl color_9771553
s 0

f 285 	287 	286
f 287 	288 	286
f 289 	291 	290
f 291 	292 	290
f 289 	290 	286
f 290 	285 	286
f 292 	291 	287
f 291 	288 	287
f 290 	292 	285
f 292 	287 	285
f 286 	288 	289
f 288 	291 	289
# 12 faces

 #end of obj_35

o obj_36
v 62.5 		-27.5 		0
v 62.5 		-22.5 		0
v 62.5 		-27.5 		-10
v 62.5 		-22.5 		-10
v 57.5 		-22.5 		0
v 57.5 		-27.5 		0
v 57.5 		-22.5 		-10
v 57.5 		-27.5 		-10
# 8 vertices

g group_36_9771553

usemtl color_9771553
s 0

f 293 	295 	294
f 295 	296 	294
f 297 	299 	298
f 299 	300 	298
f 297 	298 	294
f 298 	293 	294
f 300 	299 	295
f 299 	296 	295
f 298 	300 	293
f 300 	295 	293
f 294 	296 	297
f 296 	299 	297
# 12 faces

 #end of obj_36

o obj_37
v 62.5 		-52.5 		0
v 62.5 		-47.5 		0
v 62.5 		-52.5 		-10
v 62.5 		-47.5 		-10
v 57.5 		-47.5 		0
v 57.5 		-52.5 		0
v 57.5 		-47.5 		-10
v 57.5 		-52.5 		-10
# 8 vertices

g group_37_9771553

usemtl color_9771553
s 0

f 301 	303 	302
f 303 	304 	302
f 305 	307 	306
f 307 	308 	306
f 305 	306 	302
f 306 	301 	302
f 308 	307 	303
f 307 	304 	303
f 306 	308 	301
f 308 	303 	301
f 302 	304 	305
f 304 	307 	305
# 12 faces

 #end of obj_37

o obj_38
v 62.5 		-77.5 		0
v 62.5 		-72.5 		0
v 62.5 		-77.5 		-10
v 62.5 		-72.5 		-10
v 57.5 		-72.5 		0
v 57.5 		-77.5 		0
v 57.5 		-72.5 		-10
v 57.5 		-77.5 		-10
# 8 vertices

g group_38_9771553

usemtl color_9771553
s 0

f 309 	311 	310
f 311 	312 	310
f 313 	315 	314
f 315 	316 	314
f 313 	314 	310
f 314 	309 	310
f 316 	315 	311
f 315 	312 	311
f 314 	316 	309
f 316 	311 	309
f 310 	312 	313
f 312 	315 	313
# 12 faces

 #end of obj_38

o obj_39
v 62.5 		-102.5 		0
v 62.5 		-97.5 		0
v 62.5 		-102.5 		-10
v 62.5 		-97.5 		-10
v 57.5 		-97.5 		0
v 57.5 		-102.5 		0
v 57.5 		-97.5 		-10
v 57.5 		-102.5 		-10
# 8 vertices

g group_39_9771553

usemtl color_9771553
s 0

f 317 	319 	318
f 319 	320 	318
f 321 	323 	322
f 323 	324 	322
f 321 	322 	318
f 322 	317 	318
f 324 	323 	319
f 323 	320 	319
f 322 	324 	317
f 324 	319 	317
f 318 	320 	321
f 320 	323 	321
# 12 faces

 #end of obj_39

o obj_40
v 79.5 		-2.5 		0
v 79.5 		2.5 		0
v 79.5 		-2.5 		-10
v 79.5 		2.5 		-10
v 74.5 		2.5 		0
v 74.5 		-2.5 		0
v 74.5 		2.5 		-10
v 74.5 		-2.5 		-10
# 8 vertices

g group_40_9771553

usemtl color_9771553
s 0

f 325 	327 	326
f 327 	328 	326
f 329 	331 	330
f 331 	332 	330
f 329 	330 	326
f 330 	325 	326
f 332 	331 	327
f 331 	328 	327
f 330 	332 	325
f 332 	327 	325
f 326 	328 	329
f 328 	331 	329
# 12 faces

 #end of obj_40

o obj_41
v 79.5 		-27.5 		0
v 79.5 		-22.5 		0
v 79.5 		-27.5 		-10
v 79.5 		-22.5 		-10
v 74.5 		-22.5 		0
v 74.5 		-27.5 		0
v 74.5 		-22.5 		-10
v 74.5 		-27.5 		-10
# 8 vertices

g group_41_9771553

usemtl color_9771553
s 0

f 333 	335 	334
f 335 	336 	334
f 337 	339 	338
f 339 	340 	338
f 337 	338 	334
f 338 	333 	334
f 340 	339 	335
f 339 	336 	335
f 338 	340 	333
f 340 	335 	333
f 334 	336 	337
f 336 	339 	337
# 12 faces

 #end of obj_41

o obj_42
v 79.5 		-52.5 		0
v 79.5 		-47.5 		0
v 79.5 		-52.5 		-10
v 79.5 		-47.5 		-10
v 74.5 		-47.5 		0
v 74.5 		-52.5 		0
v 74.5 		-47.5 		-10
v 74.5 		-52.5 		-10
# 8 vertices

g group_42_9771553

usemtl color_9771553
s 0

f 341 	343 	342
f 343 	344 	342
f 345 	347 	346
f 347 	348 	346
f 345 	346 	342
f 346 	341 	342
f 348 	347 	343
f 347 	344 	343
f 346 	348 	341
f 348 	343 	341
f 342 	344 	345
f 344 	347 	345
# 12 faces

 #end of obj_42

o obj_43
v 79.5 		-77.5 		0
v 79.5 		-72.5 		0
v 79.5 		-77.5 		-10
v 79.5 		-72.5 		-10
v 74.5 		-72.5 		0
v 74.5 		-77.5 		0
v 74.5 		-72.5 		-10
v 74.5 		-77.5 		-10
# 8 vertices

g group_43_9771553

usemtl color_9771553
s 0

f 349 	351 	350
f 351 	352 	350
f 353 	355 	354
f 355 	356 	354
f 353 	354 	350
f 354 	349 	350
f 356 	355 	351
f 355 	352 	351
f 354 	356 	349
f 356 	351 	349
f 350 	352 	353
f 352 	355 	353
# 12 faces

 #end of obj_43

o obj_44
v 79.5 		-102.5 		0
v 79.5 		-97.5 		0
v 79.5 		-102.5 		-10
v 79.5 		-97.5 		-10
v 74.5 		-97.5 		0
v 74.5 		-102.5 		0
v 74.5 		-97.5 		-10
v 74.5 		-102.5 		-10
# 8 vertices

g group_44_9771553

usemtl color_9771553
s 0

f 357 	359 	358
f 359 	360 	358
f 361 	363 	362
f 363 	364 	362
f 361 	362 	358
f 362 	357 	358
f 364 	363 	359
f 363 	360 	359
f 362 	364 	357
f 364 	359 	357
f 358 	360 	361
f 360 	363 	361
# 12 faces

 #end of obj_44

o obj_45
v 100.5 		-2.5 		0
v 100.5 		2.5 		0
v 100.5 		-2.5 		-10
v 100.5 		2.5 		-10
v 95.5 		2.5 		0
v 95.5 		-2.5 		0
v 95.5 		2.5 		-10
v 95.5 		-2.5 		-10
# 8 vertices

g group_45_9771553

usemtl color_9771553
s 0

f 365 	367 	366
f 367 	368 	366
f 369 	371 	370
f 371 	372 	370
f 369 	370 	366
f 370 	365 	366
f 372 	371 	367
f 371 	368 	367
f 370 	372 	365
f 372 	367 	365
f 366 	368 	369
f 368 	371 	369
# 12 faces

 #end of obj_45

o obj_46
v 100.5 		-27.5 		0
v 100.5 		-22.5 		0
v 100.5 		-27.5 		-10
v 100.5 		-22.5 		-10
v 95.5 		-22.5 		0
v 95.5 		-27.5 		0
v 95.5 		-22.5 		-10
v 95.5 		-27.5 		-10
# 8 vertices

g group_46_9771553

usemtl color_9771553
s 0

f 373 	375 	374
f 375 	376 	374
f 377 	379 	378
f 379 	380 	378
f 377 	378 	374
f 378 	373 	374
f 380 	379 	375
f 379 	376 	375
f 378 	380 	373
f 380 	375 	373
f 374 	376 	377
f 376 	379 	377
# 12 faces

 #end of obj_46

o obj_47
v 100.5 		-77.5 		0
v 100.5 		-72.5 		0
v 100.5 		-77.5 		-10
v 100.5 		-72.5 		-10
v 95.5 		-72.5 		0
v 95.5 		-77.5 		0
v 95.5 		-72.5 		-10
v 95.5 		-77.5 		-10
# 8 vertices

g group_47_9771553

usemtl color_9771553
s 0

f 381 	383 	382
f 383 	384 	382
f 385 	387 	386
f 387 	388 	386
f 385 	386 	382
f 386 	381 	382
f 388 	387 	383
f 387 	384 	383
f 386 	388 	381
f 388 	383 	381
f 382 	384 	385
f 384 	387 	385
# 12 faces

 #end of obj_47

o obj_48
v 100.5 		-102.5 		0
v 100.5 		-97.5 		0
v 100.5 		-102.5 		-10
v 100.5 		-97.5 		-10
v 95.5 		-97.5 		0
v 95.5 		-102.5 		0
v 95.5 		-97.5 		-10
v 95.5 		-102.5 		-10
# 8 vertices

g group_48_9771553

usemtl color_9771553
s 0

f 389 	391 	390
f 391 	392 	390
f 393 	395 	394
f 395 	396 	394
f 393 	394 	390
f 394 	389 	390
f 396 	395 	391
f 395 	392 	391
f 394 	396 	389
f 396 	391 	389
f 390 	392 	393
f 392 	395 	393
# 12 faces

 #end of obj_48

o obj_49
v 76 		0 		17.5
v 76 		1 		17.5
v 76 		0 		15
v 76 		1 		15
v 61 		1 		17.5
v 61 		0 		17.5
v 61 		1 		15
v 61 		0 		15
# 8 vertices

g group_49_4634441

usemtl color_4634441
s 0

f 397 	399 	398
f 399 	400 	398
f 401 	403 	402
f 403 	404 	402
f 401 	402 	398
f 402 	397 	398
f 404 	403 	399
f 403 	400 	399
f 402 	404 	397
f 404 	399 	397
f 398 	400 	401
f 400 	403 	401
# 12 faces

 #end of obj_49

o obj_50
v 59 		0 		14
v 59 		1 		14
v 59 		0 		11.5
v 59 		1 		11.5
v 26 		1 		14
v 26 		0 		14
v 26 		1 		11.5
v 26 		0 		11.5
# 8 vertices

g group_50_4634441

usemtl color_4634441
s 0

f 405 	407 	406
f 407 	408 	406
f 409 	411 	410
f 411 	412 	410
f 409 	410 	406
f 410 	405 	406
f 412 	411 	407
f 411 	408 	407
f 410 	412 	405
f 412 	407 	405
f 406 	408 	409
f 408 	411 	409
# 12 faces

 #end of obj_50

o obj_51
v 24 		0 		14
v 24 		1 		14
v 24 		0 		11.5
v 24 		1 		11.5
v 1 		1 		14
v 1 		0 		14
v 1 		1 		11.5
v 1 		0 		11.5
# 8 vertices

g group_51_4634441

usemtl color_4634441
s 0

f 413 	415 	414
f 415 	416 	414
f 417 	419 	418
f 419 	420 	418
f 417 	418 	414
f 418 	413 	414
f 420 	419 	415
f 419 	416 	415
f 418 	420 	413
f 420 	415 	413
f 414 	416 	417
f 416 	419 	417
# 12 faces

 #end of obj_51

o obj_52
v 97 		-25.5 		17.5
v 97 		-24.5 		17.5
v 97 		-25.5 		15
v 97 		-24.5 		15
v 78 		-24.5 		17.5
v 78 		-25.5 		17.5
v 78 		-24.5 		15
v 78 		-25.5 		15
# 8 vertices

g group_52_4634441

usemtl color_4634441
s 0

f 421 	423 	422
f 423 	424 	422
f 425 	427 	426
f 427 	428 	426
f 425 	426 	422
f 426 	421 	422
f 428 	427 	423
f 427 	424 	423
f 426 	428 	421
f 428 	423 	421
f 422 	424 	425
f 424 	427 	425
# 12 faces

 #end of obj_52

o obj_53
v 59 		-25.5 		14
v 59 		-24.5 		14
v 59 		-25.5 		11.5
v 59 		-24.5 		11.5
v 26 		-24.5 		14
v 26 		-25.5 		14
v 26 		-24.5 		11.5
v 26 		-25.5 		11.5
# 8 vertices

g group_53_4634441

usemtl color_4634441
s 0

f 429 	431 	430
f 431 	432 	430
f 433 	435 	434
f 435 	436 	434
f 433 	434 	430
f 434 	429 	430
f 436 	435 	431
f 435 	432 	431
f 434 	436 	429
f 436 	431 	429
f 430 	432 	433
f 432 	435 	433
# 12 faces

 #end of obj_53

o obj_54
v 76 		-25.5 		17.5
v 76 		-24.5 		17.5
v 76 		-25.5 		15
v 76 		-24.5 		15
v 61 		-24.5 		17.5
v 61 		-25.5 		17.5
v 61 		-24.5 		15
v 61 		-25.5 		15
# 8 vertices

g group_54_4634441

usemtl color_4634441
s 0

f 437 	439 	438
f 439 	440 	438
f 441 	443 	442
f 443 	444 	442
f 441 	442 	438
f 442 	437 	438
f 444 	443 	439
f 443 	440 	439
f 442 	444 	437
f 444 	439 	437
f 438 	440 	441
f 440 	443 	441
# 12 faces

 #end of obj_54

o obj_55
v 24 		-25.5 		14
v 24 		-24.5 		14
v 24 		-25.5 		11.5
v 24 		-24.5 		11.5
v 1 		-24.5 		14
v 1 		-25.5 		14
v 1 		-24.5 		11.5
v 1 		-25.5 		11.5
# 8 vertices

g group_55_4634441

usemtl color_4634441
s 0

f 445 	447 	446
f 447 	448 	446
f 449 	451 	450
f 451 	452 	450
f 449 	450 	446
f 450 	445 	446
f 452 	451 	447
f 451 	448 	447
f 450 	452 	445
f 452 	447 	445
f 446 	448 	449
f 448 	451 	449
# 12 faces

 #end of obj_55

o obj_56
v 97 		-75.5 		17.5
v 97 		-74.5 		17.5
v 97 		-75.5 		15
v 97 		-74.5 		15
v 78 		-74.5 		17.5
v 78 		-75.5 		17.5
v 78 		-74.5 		15
v 78 		-75.5 		15
# 8 vertices

g group_56_4634441

usemtl color_4634441
s 0

f 453 	455 	454
f 455 	456 	454
f 457 	459 	458
f 459 	460 	458
f 457 	458 	454
f 458 	453 	454
f 460 	459 	455
f 459 	456 	455
f 458 	460 	453
f 460 	455 	453
f 454 	456 	457
f 456 	459 	457
# 12 faces

 #end of obj_56

o obj_57
v 59 		-75.5 		14
v 59 		-74.5 		14
v 59 		-75.5 		11.5
v 59 		-74.5 		11.5
v 26 		-74.5 		14
v 26 		-75.5 		14
v 26 		-74.5 		11.5
v 26 		-75.5 		11.5
# 8 vertices

g group_57_4634441

usemtl color_4634441
s 0

f 461 	463 	462
f 463 	464 	462
f 465 	467 	466
f 467 	468 	466
f 465 	466 	462
f 466 	461 	462
f 468 	467 	463
f 467 	464 	463
f 466 	468 	461
f 468 	463 	461
f 462 	464 	465
f 464 	467 	465
# 12 faces

 #end of obj_57

o obj_58
v 76 		-75.5 		17.5
v 76 		-74.5 		17.5
v 76 		-75.5 		15
v 76 		-74.5 		15
v 61 		-74.5 		17.5
v 61 		-75.5 		17.5
v 61 		-74.5 		15
v 61 		-75.5 		15
# 8 vertices

g group_58_4634441

usemtl color_4634441
s 0

f 469 	471 	470
f 471 	472 	470
f 473 	475 	474
f 475 	476 	474
f 473 	474 	470
f 474 	469 	470
f 476 	475 	471
f 475 	472 	471
f 474 	476 	469
f 476 	471 	469
f 470 	472 	473
f 472 	475 	473
# 12 faces

 #end of obj_58

o obj_59
v 24 		-75.5 		14
v 24 		-74.5 		14
v 24 		-75.5 		11.5
v 24 		-74.5 		11.5
v 1 		-74.5 		14
v 1 		-75.5 		14
v 1 		-74.5 		11.5
v 1 		-75.5 		11.5
# 8 vertices

g group_59_4634441

usemtl color_4634441
s 0

f 477 	479 	478
f 479 	480 	478
f 481 	483 	482
f 483 	484 	482
f 481 	482 	478
f 482 	477 	478
f 484 	483 	479
f 483 	480 	479
f 482 	484 	477
f 484 	479 	477
f 478 	480 	481
f 480 	483 	481
# 12 faces

 #end of obj_59

o obj_60
v 97 		-101 		17.5
v 97 		-100 		17.5
v 97 		-101 		15
v 97 		-100 		15
v 78 		-100 		17.5
v 78 		-101 		17.5
v 78 		-100 		15
v 78 		-101 		15
# 8 vertices

g group_60_4634441

usemtl color_4634441
s 0

f 485 	487 	486
f 487 	488 	486
f 489 	491 	490
f 491 	492 	490
f 489 	490 	486
f 490 	485 	486
f 492 	491 	487
f 491 	488 	487
f 490 	492 	485
f 492 	487 	485
f 486 	488 	489
f 488 	491 	489
# 12 faces

 #end of obj_60

o obj_61
v 59 		-101 		14
v 59 		-100 		14
v 59 		-101 		11.5
v 59 		-100 		11.5
v 26 		-100 		14
v 26 		-101 		14
v 26 		-100 		11.5
v 26 		-101 		11.5
# 8 vertices

g group_61_4634441

usemtl color_4634441
s 0

f 493 	495 	494
f 495 	496 	494
f 497 	499 	498
f 499 	500 	498
f 497 	498 	494
f 498 	493 	494
f 500 	499 	495
f 499 	496 	495
f 498 	500 	493
f 500 	495 	493
f 494 	496 	497
f 496 	499 	497
# 12 faces

 #end of obj_61

o obj_62
v 76 		-101 		17.5
v 76 		-100 		17.5
v 76 		-101 		15
v 76 		-100 		15
v 61 		-100 		17.5
v 61 		-101 		17.5
v 61 		-100 		15
v 61 		-101 		15
# 8 vertices

g group_62_4634441

usemtl color_4634441
s 0

f 501 	503 	502
f 503 	504 	502
f 505 	507 	506
f 507 	508 	506
f 505 	506 	502
f 506 	501 	502
f 508 	507 	503
f 507 	504 	503
f 506 	508 	501
f 508 	503 	501
f 502 	504 	505
f 504 	507 	505
# 12 faces

 #end of obj_62

o obj_63
v 24 		-101 		14
v 24 		-100 		14
v 24 		-101 		11.5
v 24 		-100 		11.5
v 1 		-100 		14
v 1 		-101 		14
v 1 		-100 		11.5
v 1 		-101 		11.5
# 8 vertices

g group_63_4634441

usemtl color_4634441
s 0

f 509 	511 	510
f 511 	512 	510
f 513 	515 	514
f 515 	516 	514
f 513 	514 	510
f 514 	509 	510
f 516 	515 	511
f 515 	512 	511
f 514 	516 	509
f 516 	511 	509
f 510 	512 	513
f 512 	515 	513
# 12 faces

 #end of obj_63

o obj_64
v 59 		-50.5 		14
v 59 		-49.5 		14
v 59 		-50.5 		11.5
v 59 		-49.5 		11.5
v 26 		-49.5 		14
v 26 		-50.5 		14
v 26 		-49.5 		11.5
v 26 		-50.5 		11.5
# 8 vertices

g group_64_4634441

usemtl color_4634441
s 0

f 517 	519 	518
f 519 	520 	518
f 521 	523 	522
f 523 	524 	522
f 521 	522 	518
f 522 	517 	518
f 524 	523 	519
f 523 	520 	519
f 522 	524 	517
f 524 	519 	517
f 518 	520 	521
f 520 	523 	521
# 12 faces

 #end of obj_64

o obj_65
v 76 		-50.5 		17.5
v 76 		-49.5 		17.5
v 76 		-50.5 		15
v 76 		-49.5 		15
v 61 		-49.5 		17.5
v 61 		-50.5 		17.5
v 61 		-49.5 		15
v 61 		-50.5 		15
# 8 vertices

g group_65_4634441

usemtl color_4634441
s 0

f 525 	527 	526
f 527 	528 	526
f 529 	531 	530
f 531 	532 	530
f 529 	530 	526
f 530 	525 	526
f 532 	531 	527
f 531 	528 	527
f 530 	532 	525
f 532 	527 	525
f 526 	528 	529
f 528 	531 	529
# 12 faces

 #end of obj_65

o obj_66
v 24 		-50.5 		14
v 24 		-49.5 		14
v 24 		-50.5 		11.5
v 24 		-49.5 		11.5
v 1 		-49.5 		14
v 1 		-50.5 		14
v 1 		-49.5 		11.5
v 1 		-50.5 		11.5
# 8 vertices

g group_66_4634441

usemtl color_4634441
s 0

f 533 	535 	534
f 535 	536 	534
f 537 	539 	538
f 539 	540 	538
f 537 	538 	534
f 538 	533 	534
f 540 	539 	535
f 539 	536 	535
f 538 	540 	533
f 540 	535 	533
f 534 	536 	537
f 536 	539 	537
# 12 faces

 #end of obj_66

o obj_67
v 99 		-1 		17.5
v 98 		-1 		17.5
v 99 		-1 		15
v 98 		-1 		15
v 98 		-24 		17.5
v 99 		-24 		17.5
v 98 		-24 		15
v 99 		-24 		15
# 8 vertices

g group_67_4634441

usemtl color_4634441
s 0

f 541 	543 	542
f 543 	544 	542
f 545 	547 	546
f 547 	548 	546
f 545 	546 	542
f 546 	541 	542
f 548 	547 	543
f 547 	544 	543
f 546 	548 	541
f 548 	543 	541
f 542 	544 	545
f 544 	547 	545
# 12 faces

 #end of obj_67

o obj_68
v 77.5 		-1 		17.5
v 76.5 		-1 		17.5
v 77.5 		-1 		15
v 76.5 		-1 		15
v 76.5 		-24 		17.5
v 77.5 		-24 		17.5
v 76.5 		-24 		15
v 77.5 		-24 		15
# 8 vertices

g group_68_4634441

usemtl color_4634441
s 0

f 549 	551 	550
f 551 	552 	550
f 553 	555 	554
f 555 	556 	554
f 553 	554 	550
f 554 	549 	550
f 556 	555 	551
f 555 	552 	551
f 554 	556 	549
f 556 	551 	549
f 550 	552 	553
f 552 	555 	553
# 12 faces

 #end of obj_68

o obj_69
v 60.5 		-1 		17.5
v 59.5 		-1 		17.5
v 60.5 		-1 		15
v 59.5 		-1 		15
v 59.5 		-24 		17.5
v 60.5 		-24 		17.5
v 59.5 		-24 		15
v 60.5 		-24 		15
# 8 vertices

g group_69_4634441

usemtl color_4634441
s 0

f 557 	559 	558
f 559 	560 	558
f 561 	563 	562
f 563 	564 	562
f 561 	562 	558
f 562 	557 	558
f 564 	563 	559
f 563 	560 	559
f 562 	564 	557
f 564 	559 	557
f 558 	560 	561
f 560 	563 	561
# 12 faces

 #end of obj_69

o obj_70
v 25 		-1 		14
v 24 		-1 		14
v 25 		-1 		11.5
v 24 		-1 		11.5
v 24 		-24 		14
v 25 		-24 		14
v 24 		-24 		11.5
v 25 		-24 		11.5
# 8 vertices

g group_70_4634441

usemtl color_4634441
s 0

f 565 	567 	566
f 567 	568 	566
f 569 	571 	570
f 571 	572 	570
f 569 	570 	566
f 570 	565 	566
f 572 	571 	567
f 571 	568 	567
f 570 	572 	565
f 572 	567 	565
f 566 	568 	569
f 568 	571 	569
# 12 faces

 #end of obj_70

o obj_71
v 0 		-1 		14
v -1 		-1 		14
v 0 		-1 		11.5
v -1 		-1 		11.5
v -1 		-24 		14
v 0 		-24 		14
v -1 		-24 		11.5
v 0 		-24 		11.5
# 8 vertices

g group_71_4634441

usemtl color_4634441
s 0

f 573 	575 	574
f 575 	576 	574
f 577 	579 	578
f 579 	580 	578
f 577 	578 	574
f 578 	573 	574
f 580 	579 	575
f 579 	576 	575
f 578 	580 	573
f 580 	575 	573
f 574 	576 	577
f 576 	579 	577
# 12 faces

 #end of obj_71

o obj_72
v 60.5 		-1 		14
v 59.5 		-1 		14
v 60.5 		-1 		11.5
v 59.5 		-1 		11.5
v 59.5 		-24 		14
v 60.5 		-24 		14
v 59.5 		-24 		11.5
v 60.5 		-24 		11.5
# 8 vertices

g group_72_4634441

usemtl color_4634441
s 0

f 581 	583 	582
f 583 	584 	582
f 585 	587 	586
f 587 	588 	586
f 585 	586 	582
f 586 	581 	582
f 588 	587 	583
f 587 	584 	583
f 586 	588 	581
f 588 	583 	581
f 582 	584 	585
f 584 	587 	585
# 12 faces

 #end of obj_72

o obj_73
v 77.5 		-26 		17.5
v 76.5 		-26 		17.5
v 77.5 		-26 		15
v 76.5 		-26 		15
v 76.5 		-49 		17.5
v 77.5 		-49 		17.5
v 76.5 		-49 		15
v 77.5 		-49 		15
# 8 vertices

g group_73_4634441

usemtl color_4634441
s 0

f 589 	591 	590
f 591 	592 	590
f 593 	595 	594
f 595 	596 	594
f 593 	594 	590
f 594 	589 	590
f 596 	595 	591
f 595 	592 	591
f 594 	596 	589
f 596 	591 	589
f 590 	592 	593
f 592 	595 	593
# 12 faces

 #end of obj_73

o obj_74
v 60.5 		-26 		17.5
v 59.5 		-26 		17.5
v 60.5 		-26 		15
v 59.5 		-26 		15
v 59.5 		-49 		17.5
v 60.5 		-49 		17.5
v 59.5 		-49 		15
v 60.5 		-49 		15
# 8 vertices

g group_74_4634441

usemtl color_4634441
s 0

f 597 	599 	598
f 599 	600 	598
f 601 	603 	602
f 603 	604 	602
f 601 	602 	598
f 602 	597 	598
f 604 	603 	599
f 603 	600 	599
f 602 	604 	597
f 604 	599 	597
f 598 	600 	601
f 600 	603 	601
# 12 faces

 #end of obj_74

o obj_75
v 25 		-26 		14
v 24 		-26 		14
v 25 		-26 		11.5
v 24 		-26 		11.5
v 24 		-49 		14
v 25 		-49 		14
v 24 		-49 		11.5
v 25 		-49 		11.5
# 8 vertices

g group_75_4634441

usemtl color_4634441
s 0

f 605 	607 	606
f 607 	608 	606
f 609 	611 	610
f 611 	612 	610
f 609 	610 	606
f 610 	605 	606
f 612 	611 	607
f 611 	608 	607
f 610 	612 	605
f 612 	607 	605
f 606 	608 	609
f 608 	611 	609
# 12 faces

 #end of obj_75

o obj_76
v 0 		-26 		14
v -1 		-26 		14
v 0 		-26 		11.5
v -1 		-26 		11.5
v -1 		-49 		14
v 0 		-49 		14
v -1 		-49 		11.5
v 0 		-49 		11.5
# 8 vertices

g group_76_4634441

usemtl color_4634441
s 0

f 613 	615 	614
f 615 	616 	614
f 617 	619 	618
f 619 	620 	618
f 617 	618 	614
f 618 	613 	614
f 620 	619 	615
f 619 	616 	615
f 618 	620 	613
f 620 	615 	613
f 614 	616 	617
f 616 	619 	617
# 12 faces

 #end of obj_76

o obj_77
v 60.5 		-26 		14
v 59.5 		-26 		14
v 60.5 		-26 		11.5
v 59.5 		-26 		11.5
v 59.5 		-49 		14
v 60.5 		-49 		14
v 59.5 		-49 		11.5
v 60.5 		-49 		11.5
# 8 vertices

g group_77_4634441

usemtl color_4634441
s 0

f 621 	623 	622
f 623 	624 	622
f 625 	627 	626
f 627 	628 	626
f 625 	626 	622
f 626 	621 	622
f 628 	627 	623
f 627 	624 	623
f 626 	628 	621
f 628 	623 	621
f 622 	624 	625
f 624 	627 	625
# 12 faces

 #end of obj_77

o obj_78
v 77.5 		-51 		17.5
v 76.5 		-51 		17.5
v 77.5 		-51 		15
v 76.5 		-51 		15
v 76.5 		-74 		17.5
v 77.5 		-74 		17.5
v 76.5 		-74 		15
v 77.5 		-74 		15
# 8 vertices

g group_78_4634441

usemtl color_4634441
s 0

f 629 	631 	630
f 631 	632 	630
f 633 	635 	634
f 635 	636 	634
f 633 	634 	630
f 634 	629 	630
f 636 	635 	631
f 635 	632 	631
f 634 	636 	629
f 636 	631 	629
f 630 	632 	633
f 632 	635 	633
# 12 faces

 #end of obj_78

o obj_79
v 60.5 		-51 		17.5
v 59.5 		-51 		17.5
v 60.5 		-51 		15
v 59.5 		-51 		15
v 59.5 		-74 		17.5
v 60.5 		-74 		17.5
v 59.5 		-74 		15
v 60.5 		-74 		15
# 8 vertices

g group_79_4634441

usemtl color_4634441
s 0

f 637 	639 	638
f 639 	640 	638
f 641 	643 	642
f 643 	644 	642
f 641 	642 	638
f 642 	637 	638
f 644 	643 	639
f 643 	640 	639
f 642 	644 	637
f 644 	639 	637
f 638 	640 	641
f 640 	643 	641
# 12 faces

 #end of obj_79

o obj_80
v 25 		-51 		14
v 24 		-51 		14
v 25 		-51 		11.5
v 24 		-51 		11.5
v 24 		-74 		14
v 25 		-74 		14
v 24 		-74 		11.5
v 25 		-74 		11.5
# 8 vertices

g group_80_4634441

usemtl color_4634441
s 0

f 645 	647 	646
f 647 	648 	646
f 649 	651 	650
f 651 	652 	650
f 649 	650 	646
f 650 	645 	646
f 652 	651 	647
f 651 	648 	647
f 650 	652 	645
f 652 	647 	645
f 646 	648 	649
f 648 	651 	649
# 12 faces

 #end of obj_80

o obj_81
v 0 		-51 		14
v -1 		-51 		14
v 0 		-51 		11.5
v -1 		-51 		11.5
v -1 		-74 		14
v 0 		-74 		14
v -1 		-74 		11.5
v 0 		-74 		11.5
# 8 vertices

g group_81_4634441

usemtl color_4634441
s 0

f 653 	655 	654
f 655 	656 	654
f 657 	659 	658
f 659 	660 	658
f 657 	658 	654
f 658 	653 	654
f 660 	659 	655
f 659 	656 	655
f 658 	660 	653
f 660 	655 	653
f 654 	656 	657
f 656 	659 	657
# 12 faces

 #end of obj_81

o obj_82
v 60.5 		-51 		14
v 59.5 		-51 		14
v 60.5 		-51 		11.5
v 59.5 		-51 		11.5
v 59.5 		-74 		14
v 60.5 		-74 		14
v 59.5 		-74 		11.5
v 60.5 		-74 		11.5
# 8 vertices

g group_82_4634441

usemtl color_4634441
s 0

f 661 	663 	662
f 663 	664 	662
f 665 	667 	666
f 667 	668 	666
f 665 	666 	662
f 666 	661 	662
f 668 	667 	663
f 667 	664 	663
f 666 	668 	661
f 668 	663 	661
f 662 	664 	665
f 664 	667 	665
# 12 faces

 #end of obj_82

o obj_83
v 99 		-76 		17.5
v 98 		-76 		17.5
v 99 		-76 		15
v 98 		-76 		15
v 98 		-99 		17.5
v 99 		-99 		17.5
v 98 		-99 		15
v 99 		-99 		15
# 8 vertices

g group_83_4634441

usemtl color_4634441
s 0

f 669 	671 	670
f 671 	672 	670
f 673 	675 	674
f 675 	676 	674
f 673 	674 	670
f 674 	669 	670
f 676 	675 	671
f 675 	672 	671
f 674 	676 	669
f 676 	671 	669
f 670 	672 	673
f 672 	675 	673
# 12 faces

 #end of obj_83

o obj_84
v 77.5 		-76 		17.5
v 76.5 		-76 		17.5
v 77.5 		-76 		15
v 76.5 		-76 		15
v 76.5 		-99 		17.5
v 77.5 		-99 		17.5
v 76.5 		-99 		15
v 77.5 		-99 		15
# 8 vertices

g group_84_4634441

usemtl color_4634441
s 0

f 677 	679 	678
f 679 	680 	678
f 681 	683 	682
f 683 	684 	682
f 681 	682 	678
f 682 	677 	678
f 684 	683 	679
f 683 	680 	679
f 682 	684 	677
f 684 	679 	677
f 678 	680 	681
f 680 	683 	681
# 12 faces

 #end of obj_84

o obj_85
v 60.5 		-76 		17.5
v 59.5 		-76 		17.5
v 60.5 		-76 		15
v 59.5 		-76 		15
v 59.5 		-99 		17.5
v 60.5 		-99 		17.5
v 59.5 		-99 		15
v 60.5 		-99 		15
# 8 vertices

g group_85_4634441

usemtl color_4634441
s 0

f 685 	687 	686
f 687 	688 	686
f 689 	691 	690
f 691 	692 	690
f 689 	690 	686
f 690 	685 	686
f 692 	691 	687
f 691 	688 	687
f 690 	692 	685
f 692 	687 	685
f 686 	688 	689
f 688 	691 	689
# 12 faces

 #end of obj_85

o obj_86
v 25 		-76 		14
v 24 		-76 		14
v 25 		-76 		11.5
v 24 		-76 		11.5
v 24 		-99 		14
v 25 		-99 		14
v 24 		-99 		11.5
v 25 		-99 		11.5
# 8 vertices

g group_86_4634441

usemtl color_4634441
s 0

f 693 	695 	694
f 695 	696 	694
f 697 	699 	698
f 699 	700 	698
f 697 	698 	694
f 698 	693 	694
f 700 	699 	695
f 699 	696 	695
f 698 	700 	693
f 700 	695 	693
f 694 	696 	697
f 696 	699 	697
# 12 faces

 #end of obj_86

o obj_87
v 0 		-76 		14
v -1 		-76 		14
v 0 		-76 		11.5
v -1 		-76 		11.5
v -1 		-99 		14
v 0 		-99 		14
v -1 		-99 		11.5
v 0 		-99 		11.5
# 8 vertices

g group_87_4634441

usemtl color_4634441
s 0

f 701 	703 	702
f 703 	704 	702
f 705 	707 	706
f 707 	708 	706
f 705 	706 	702
f 706 	701 	702
f 708 	707 	703
f 707 	704 	703
f 706 	708 	701
f 708 	703 	701
f 702 	704 	705
f 704 	707 	705
# 12 faces

 #end of obj_87

o obj_88
v 60.5 		-76 		14
v 59.5 		-76 		14
v 60.5 		-76 		11.5
v 59.5 		-76 		11.5
v 59.5 		-99 		14
v 60.5 		-99 		14
v 59.5 		-99 		11.5
v 60.5 		-99 		11.5
# 8 vertices

g group_88_4634441

usemtl color_4634441
s 0

f 709 	711 	710
f 711 	712 	710
f 713 	715 	714
f 715 	716 	714
f 713 	714 	710
f 714 	709 	710
f 716 	715 	711
f 715 	712 	711
f 714 	716 	709
f 716 	711 	709
f 710 	712 	713
f 712 	715 	713
# 12 faces

 #end of obj_88

o obj_89
v 97 		0 		45
v 97 		1 		45
v 97 		0 		42.5
v 97 		1 		42.5
v 78 		1 		45
v 78 		0 		45
v 78 		1 		42.5
v 78 		0 		42.5
# 8 vertices

g group_89_4634441

usemtl color_4634441
s 0

f 717 	719 	718
f 719 	720 	718
f 721 	723 	722
f 723 	724 	722
f 721 	722 	718
f 722 	717 	718
f 724 	723 	719
f 723 	720 	719
f 722 	724 	717
f 724 	719 	717
f 718 	720 	721
f 720 	723 	721
# 12 faces

 #end of obj_89

o obj_90
v 94.5 		-24.5 		17.5
v 94.5 		0 		17.5
v 94.5 		-24.5 		16
v 94.5 		0 		16
v 94 		0 		17.5
v 94 		-24.5 		17.5
v 94 		0 		16
v 94 		-24.5 		16
# 8 vertices

g group_90_16768282

usemtl color_16768282
s 0

f 725 	727 	726
f 727 	728 	726
f 729 	731 	730
f 731 	732 	730
f 729 	730 	726
f 730 	725 	726
f 732 	731 	727
f 731 	728 	727
f 730 	732 	725
f 732 	727 	725
f 726 	728 	729
f 728 	731 	729
# 12 faces

 #end of obj_90

o obj_91
v 90 		-24.5 		17.5
v 90 		0 		17.5
v 90 		-24.5 		16
v 90 		0 		16
v 89.5 		0 		17.5
v 89.5 		-24.5 		17.5
v 89.5 		0 		16
v 89.5 		-24.5 		16
# 8 vertices

g group_91_16768282

usemtl color_16768282
s 0

f 733 	735 	734
f 735 	736 	734
f 737 	739 	738
f 739 	740 	738
f 737 	738 	734
f 738 	733 	734
f 740 	739 	735
f 739 	736 	735
f 738 	740 	733
f 740 	735 	733
f 734 	736 	737
f 736 	739 	737
# 12 faces

 #end of obj_91

o obj_92
v 85.5 		-24.5 		17.5
v 85.5 		0 		17.5
v 85.5 		-24.5 		16
v 85.5 		0 		16
v 85 		0 		17.5
v 85 		-24.5 		17.5
v 85 		0 		16
v 85 		-24.5 		16
# 8 vertices

g group_92_16768282

usemtl color_16768282
s 0

f 741 	743 	742
f 743 	744 	742
f 745 	747 	746
f 747 	748 	746
f 745 	746 	742
f 746 	741 	742
f 748 	747 	743
f 747 	744 	743
f 746 	748 	741
f 748 	743 	741
f 742 	744 	745
f 744 	747 	745
# 12 faces

 #end of obj_92

o obj_93
v 81 		-24.5 		17.5
v 81 		0 		17.5
v 81 		-24.5 		16
v 81 		0 		16
v 80.5 		0 		17.5
v 80.5 		-24.5 		17.5
v 80.5 		0 		16
v 80.5 		-24.5 		16
# 8 vertices

g group_93_16768282

usemtl color_16768282
s 0

f 749 	751 	750
f 751 	752 	750
f 753 	755 	754
f 755 	756 	754
f 753 	754 	750
f 754 	749 	750
f 756 	755 	751
f 755 	752 	751
f 754 	756 	749
f 756 	751 	749
f 750 	752 	753
f 752 	755 	753
# 12 faces

 #end of obj_93

o obj_94
v 72.5 		-24.5 		17.5
v 72.5 		0 		17.5
v 72.5 		-24.5 		16
v 72.5 		0 		16
v 72 		0 		17.5
v 72 		-24.5 		17.5
v 72 		0 		16
v 72 		-24.5 		16
# 8 vertices

g group_94_16768282

usemtl color_16768282
s 0

f 757 	759 	758
f 759 	760 	758
f 761 	763 	762
f 763 	764 	762
f 761 	762 	758
f 762 	757 	758
f 764 	763 	759
f 763 	760 	759
f 762 	764 	757
f 764 	759 	757
f 758 	760 	761
f 760 	763 	761
# 12 faces

 #end of obj_94

o obj_95
v 68 		-24.5 		17.5
v 68 		0 		17.5
v 68 		-24.5 		16
v 68 		0 		16
v 67.5 		0 		17.5
v 67.5 		-24.5 		17.5
v 67.5 		0 		16
v 67.5 		-24.5 		16
# 8 vertices

g group_95_16768282

usemtl color_16768282
s 0

f 765 	767 	766
f 767 	768 	766
f 769 	771 	770
f 771 	772 	770
f 769 	770 	766
f 770 	765 	766
f 772 	771 	767
f 771 	768 	767
f 770 	772 	765
f 772 	767 	765
f 766 	768 	769
f 768 	771 	769
# 12 faces

 #end of obj_95

o obj_96
v 63.5 		-24.5 		17.5
v 63.5 		0 		17.5
v 63.5 		-24.5 		16
v 63.5 		0 		16
v 63 		0 		17.5
v 63 		-24.5 		17.5
v 63 		0 		16
v 63 		-24.5 		16
# 8 vertices

g group_96_16768282

usemtl color_16768282
s 0

f 773 	775 	774
f 775 	776 	774
f 777 	779 	778
f 779 	780 	778
f 777 	778 	774
f 778 	773 	774
f 780 	779 	775
f 779 	776 	775
f 778 	780 	773
f 780 	775 	773
f 774 	776 	777
f 776 	779 	777
# 12 faces

 #end of obj_96

o obj_97
v 55.5 		-24.5 		14
v 55.5 		0 		14
v 55.5 		-24.5 		12.5
v 55.5 		0 		12.5
v 55 		0 		14
v 55 		-24.5 		14
v 55 		0 		12.5
v 55 		-24.5 		12.5
# 8 vertices

g group_97_16768282

usemtl color_16768282
s 0

f 781 	783 	782
f 783 	784 	782
f 785 	787 	786
f 787 	788 	786
f 785 	786 	782
f 786 	781 	782
f 788 	787 	783
f 787 	784 	783
f 786 	788 	781
f 788 	783 	781
f 782 	784 	785
f 784 	787 	785
# 12 faces

 #end of obj_97

o obj_98
v 51 		-24.5 		14
v 51 		0 		14
v 51 		-24.5 		12.5
v 51 		0 		12.5
v 50.5 		0 		14
v 50.5 		-24.5 		14
v 50.5 		0 		12.5
v 50.5 		-24.5 		12.5
# 8 vertices

g group_98_16768282

usemtl color_16768282
s 0

f 789 	791 	790
f 791 	792 	790
f 793 	795 	794
f 795 	796 	794
f 793 	794 	790
f 794 	789 	790
f 796 	795 	791
f 795 	792 	791
f 794 	796 	789
f 796 	791 	789
f 790 	792 	793
f 792 	795 	793
# 12 faces

 #end of obj_98

o obj_99
v 46.5 		-24.5 		14
v 46.5 		0 		14
v 46.5 		-24.5 		12.5
v 46.5 		0 		12.5
v 46 		0 		14
v 46 		-24.5 		14
v 46 		0 		12.5
v 46 		-24.5 		12.5
# 8 vertices

g group_99_16768282

usemtl color_16768282
s 0

f 797 	799 	798
f 799 	800 	798
f 801 	803 	802
f 803 	804 	802
f 801 	802 	798
f 802 	797 	798
f 804 	803 	799
f 803 	800 	799
f 802 	804 	797
f 804 	799 	797
f 798 	800 	801
f 800 	803 	801
# 12 faces

 #end of obj_99

o obj_100
v 42 		-24.5 		14
v 42 		0 		14
v 42 		-24.5 		12.5
v 42 		0 		12.5
v 41.5 		0 		14
v 41.5 		-24.5 		14
v 41.5 		0 		12.5
v 41.5 		-24.5 		12.5
# 8 vertices

g group_100_16768282

usemtl color_16768282
s 0

f 805 	807 	806
f 807 	808 	806
f 809 	811 	810
f 811 	812 	810
f 809 	810 	806
f 810 	805 	806
f 812 	811 	807
f 811 	808 	807
f 810 	812 	805
f 812 	807 	805
f 806 	808 	809
f 808 	811 	809
# 12 faces

 #end of obj_100

o obj_101
v 37.5 		-24.5 		14
v 37.5 		0 		14
v 37.5 		-24.5 		12.5
v 37.5 		0 		12.5
v 37 		0 		14
v 37 		-24.5 		14
v 37 		0 		12.5
v 37 		-24.5 		12.5
# 8 vertices

g group_101_16768282

usemtl color_16768282
s 0

f 813 	815 	814
f 815 	816 	814
f 817 	819 	818
f 819 	820 	818
f 817 	818 	814
f 818 	813 	814
f 820 	819 	815
f 819 	816 	815
f 818 	820 	813
f 820 	815 	813
f 814 	816 	817
f 816 	819 	817
# 12 faces

 #end of obj_101

o obj_102
v 33 		-24.5 		14
v 33 		0 		14
v 33 		-24.5 		12.5
v 33 		0 		12.5
v 32.5 		0 		14
v 32.5 		-24.5 		14
v 32.5 		0 		12.5
v 32.5 		-24.5 		12.5
# 8 vertices

g group_102_16768282

usemtl color_16768282
s 0

f 821 	823 	822
f 823 	824 	822
f 825 	827 	826
f 827 	828 	826
f 825 	826 	822
f 826 	821 	822
f 828 	827 	823
f 827 	824 	823
f 826 	828 	821
f 828 	823 	821
f 822 	824 	825
f 824 	827 	825
# 12 faces

 #end of obj_102

o obj_103
v 28.5 		-24.5 		14
v 28.5 		0 		14
v 28.5 		-24.5 		12.5
v 28.5 		0 		12.5
v 28 		0 		14
v 28 		-24.5 		14
v 28 		0 		12.5
v 28 		-24.5 		12.5
# 8 vertices

g group_103_16768282

usemtl color_16768282
s 0

f 829 	831 	830
f 831 	832 	830
f 833 	835 	834
f 835 	836 	834
f 833 	834 	830
f 834 	829 	830
f 836 	835 	831
f 835 	832 	831
f 834 	836 	829
f 836 	831 	829
f 830 	832 	833
f 832 	835 	833
# 12 faces

 #end of obj_103

o obj_104
v 20 		-24.5 		14
v 20 		0 		14
v 20 		-24.5 		12.5
v 20 		0 		12.5
v 19.5 		0 		14
v 19.5 		-24.5 		14
v 19.5 		0 		12.5
v 19.5 		-24.5 		12.5
# 8 vertices

g group_104_16768282

usemtl color_16768282
s 0

f 837 	839 	838
f 839 	840 	838
f 841 	843 	842
f 843 	844 	842
f 841 	842 	838
f 842 	837 	838
f 844 	843 	839
f 843 	840 	839
f 842 	844 	837
f 844 	839 	837
f 838 	840 	841
f 840 	843 	841
# 12 faces

 #end of obj_104

o obj_105
v 15.5 		-24.5 		14
v 15.5 		0 		14
v 15.5 		-24.5 		12.5
v 15.5 		0 		12.5
v 15 		0 		14
v 15 		-24.5 		14
v 15 		0 		12.5
v 15 		-24.5 		12.5
# 8 vertices

g group_105_16768282

usemtl color_16768282
s 0

f 845 	847 	846
f 847 	848 	846
f 849 	851 	850
f 851 	852 	850
f 849 	850 	846
f 850 	845 	846
f 852 	851 	847
f 851 	848 	847
f 850 	852 	845
f 852 	847 	845
f 846 	848 	849
f 848 	851 	849
# 12 faces

 #end of obj_105

o obj_106
v 11 		-24.5 		14
v 11 		0 		14
v 11 		-24.5 		12.5
v 11 		0 		12.5
v 10.5 		0 		14
v 10.5 		-24.5 		14
v 10.5 		0 		12.5
v 10.5 		-24.5 		12.5
# 8 vertices

g group_106_16768282

usemtl color_16768282
s 0

f 853 	855 	854
f 855 	856 	854
f 857 	859 	858
f 859 	860 	858
f 857 	858 	854
f 858 	853 	854
f 860 	859 	855
f 859 	856 	855
f 858 	860 	853
f 860 	855 	853
f 854 	856 	857
f 856 	859 	857
# 12 faces

 #end of obj_106

o obj_107
v 6.5 		-24.5 		14
v 6.5 		0 		14
v 6.5 		-24.5 		12.5
v 6.5 		0 		12.5
v 6 		0 		14
v 6 		-24.5 		14
v 6 		0 		12.5
v 6 		-24.5 		12.5
# 8 vertices

g group_107_16768282

usemtl color_16768282
s 0

f 861 	863 	862
f 863 	864 	862
f 865 	867 	866
f 867 	868 	866
f 865 	866 	862
f 866 	861 	862
f 868 	867 	863
f 867 	864 	863
f 866 	868 	861
f 868 	863 	861
f 862 	864 	865
f 864 	867 	865
# 12 faces

 #end of obj_107

o obj_108
v 2 		-24.5 		14
v 2 		0 		14
v 2 		-24.5 		12.5
v 2 		0 		12.5
v 1.5 		0 		14
v 1.5 		-24.5 		14
v 1.5 		0 		12.5
v 1.5 		-24.5 		12.5
# 8 vertices

g group_108_16768282

usemtl color_16768282
s 0

f 869 	871 	870
f 871 	872 	870
f 873 	875 	874
f 875 	876 	874
f 873 	874 	870
f 874 	869 	870
f 876 	875 	871
f 875 	872 	871
f 874 	876 	869
f 876 	871 	869
f 870 	872 	873
f 872 	875 	873
# 12 faces

 #end of obj_108

o obj_109
v 94.5 		-49.5 		17.5
v 94.5 		-25.5 		17.5
v 94.5 		-49.5 		16
v 94.5 		-25.5 		16
v 94 		-25.5 		17.5
v 94 		-49.5 		17.5
v 94 		-25.5 		16
v 94 		-49.5 		16
# 8 vertices

g group_109_16768282

usemtl color_16768282
s 0

f 877 	879 	878
f 879 	880 	878
f 881 	883 	882
f 883 	884 	882
f 881 	882 	878
f 882 	877 	878
f 884 	883 	879
f 883 	880 	879
f 882 	884 	877
f 884 	879 	877
f 878 	880 	881
f 880 	883 	881
# 12 faces

 #end of obj_109

o obj_110
v 81 		-49.5 		17.5
v 81 		-25.5 		17.5
v 81 		-49.5 		16
v 81 		-25.5 		16
v 80.5 		-25.5 		17.5
v 80.5 		-49.5 		17.5
v 80.5 		-25.5 		16
v 80.5 		-49.5 		16
# 8 vertices

g group_110_16768282

usemtl color_16768282
s 0

f 885 	887 	886
f 887 	888 	886
f 889 	891 	890
f 891 	892 	890
f 889 	890 	886
f 890 	885 	886
f 892 	891 	887
f 891 	888 	887
f 890 	892 	885
f 892 	887 	885
f 886 	888 	889
f 888 	891 	889
# 12 faces

 #end of obj_110

o obj_111
v 72.5 		-49.5 		17.5
v 72.5 		-25.5 		17.5
v 72.5 		-49.5 		16
v 72.5 		-25.5 		16
v 72 		-25.5 		17.5
v 72 		-49.5 		17.5
v 72 		-25.5 		16
v 72 		-49.5 		16
# 8 vertices

g group_111_16768282

usemtl color_16768282
s 0

f 893 	895 	894
f 895 	896 	894
f 897 	899 	898
f 899 	900 	898
f 897 	898 	894
f 898 	893 	894
f 900 	899 	895
f 899 	896 	895
f 898 	900 	893
f 900 	895 	893
f 894 	896 	897
f 896 	899 	897
# 12 faces

 #end of obj_111

o obj_112
v 68 		-49.5 		17.5
v 68 		-25.5 		17.5
v 68 		-49.5 		16
v 68 		-25.5 		16
v 67.5 		-25.5 		17.5
v 67.5 		-49.5 		17.5
v 67.5 		-25.5 		16
v 67.5 		-49.5 		16
# 8 vertices

g group_112_16768282

usemtl color_16768282
s 0

f 901 	903 	902
f 903 	904 	902
f 905 	907 	906
f 907 	908 	906
f 905 	906 	902
f 906 	901 	902
f 908 	907 	903
f 907 	904 	903
f 906 	908 	901
f 908 	903 	901
f 902 	904 	905
f 904 	907 	905
# 12 faces

 #end of obj_112

o obj_113
v 63.5 		-49.5 		17.5
v 63.5 		-25.5 		17.5
v 63.5 		-49.5 		16
v 63.5 		-25.5 		16
v 63 		-25.5 		17.5
v 63 		-49.5 		17.5
v 63 		-25.5 		16
v 63 		-49.5 		16
# 8 vertices

g group_113_16768282

usemtl color_16768282
s 0

f 909 	911 	910
f 911 	912 	910
f 913 	915 	914
f 915 	916 	914
f 913 	914 	910
f 914 	909 	910
f 916 	915 	911
f 915 	912 	911
f 914 	916 	909
f 916 	911 	909
f 910 	912 	913
f 912 	915 	913
# 12 faces

 #end of obj_113

o obj_114
v 55.5 		-49.5 		14
v 55.5 		-25.5 		14
v 55.5 		-49.5 		12.5
v 55.5 		-25.5 		12.5
v 55 		-25.5 		14
v 55 		-49.5 		14
v 55 		-25.5 		12.5
v 55 		-49.5 		12.5
# 8 vertices

g group_114_16768282

usemtl color_16768282
s 0

f 917 	919 	918
f 919 	920 	918
f 921 	923 	922
f 923 	924 	922
f 921 	922 	918
f 922 	917 	918
f 924 	923 	919
f 923 	920 	919
f 922 	924 	917
f 924 	919 	917
f 918 	920 	921
f 920 	923 	921
# 12 faces

 #end of obj_114

o obj_115
v 51 		-49.5 		14
v 51 		-25.5 		14
v 51 		-49.5 		12.5
v 51 		-25.5 		12.5
v 50.5 		-25.5 		14
v 50.5 		-49.5 		14
v 50.5 		-25.5 		12.5
v 50.5 		-49.5 		12.5
# 8 vertices

g group_115_16768282

usemtl color_16768282
s 0

f 925 	927 	926
f 927 	928 	926
f 929 	931 	930
f 931 	932 	930
f 929 	930 	926
f 930 	925 	926
f 932 	931 	927
f 931 	928 	927
f 930 	932 	925
f 932 	927 	925
f 926 	928 	929
f 928 	931 	929
# 12 faces

 #end of obj_115

o obj_116
v 46.5 		-49.5 		14
v 46.5 		-25.5 		14
v 46.5 		-49.5 		12.5
v 46.5 		-25.5 		12.5
v 46 		-25.5 		14
v 46 		-49.5 		14
v 46 		-25.5 		12.5
v 46 		-49.5 		12.5
# 8 vertices

g group_116_16768282

usemtl color_16768282
s 0

f 933 	935 	934
f 935 	936 	934
f 937 	939 	938
f 939 	940 	938
f 937 	938 	934
f 938 	933 	934
f 940 	939 	935
f 939 	936 	935
f 938 	940 	933
f 940 	935 	933
f 934 	936 	937
f 936 	939 	937
# 12 faces

 #end of obj_116

o obj_117
v 42 		-49.5 		14
v 42 		-25.5 		14
v 42 		-49.5 		12.5
v 42 		-25.5 		12.5
v 41.5 		-25.5 		14
v 41.5 		-49.5 		14
v 41.5 		-25.5 		12.5
v 41.5 		-49.5 		12.5
# 8 vertices

g group_117_16768282

usemtl color_16768282
s 0

f 941 	943 	942
f 943 	944 	942
f 945 	947 	946
f 947 	948 	946
f 945 	946 	942
f 946 	941 	942
f 948 	947 	943
f 947 	944 	943
f 946 	948 	941
f 948 	943 	941
f 942 	944 	945
f 944 	947 	945
# 12 faces

 #end of obj_117

o obj_118
v 37.5 		-49.5 		14
v 37.5 		-25.5 		14
v 37.5 		-49.5 		12.5
v 37.5 		-25.5 		12.5
v 37 		-25.5 		14
v 37 		-49.5 		14
v 37 		-25.5 		12.5
v 37 		-49.5 		12.5
# 8 vertices

g group_118_16768282

usemtl color_16768282
s 0

f 949 	951 	950
f 951 	952 	950
f 953 	955 	954
f 955 	956 	954
f 953 	954 	950
f 954 	949 	950
f 956 	955 	951
f 955 	952 	951
f 954 	956 	949
f 956 	951 	949
f 950 	952 	953
f 952 	955 	953
# 12 faces

 #end of obj_118

o obj_119
v 33 		-49.5 		14
v 33 		-25.5 		14
v 33 		-49.5 		12.5
v 33 		-25.5 		12.5
v 32.5 		-25.5 		14
v 32.5 		-49.5 		14
v 32.5 		-25.5 		12.5
v 32.5 		-49.5 		12.5
# 8 vertices

g group_119_16768282

usemtl color_16768282
s 0

f 957 	959 	958
f 959 	960 	958
f 961 	963 	962
f 963 	964 	962
f 961 	962 	958
f 962 	957 	958
f 964 	963 	959
f 963 	960 	959
f 962 	964 	957
f 964 	959 	957
f 958 	960 	961
f 960 	963 	961
# 12 faces

 #end of obj_119

o obj_120
v 28.5 		-49.5 		14
v 28.5 		-25.5 		14
v 28.5 		-49.5 		12.5
v 28.5 		-25.5 		12.5
v 28 		-25.5 		14
v 28 		-49.5 		14
v 28 		-25.5 		12.5
v 28 		-49.5 		12.5
# 8 vertices

g group_120_16768282

usemtl color_16768282
s 0

f 965 	967 	966
f 967 	968 	966
f 969 	971 	970
f 971 	972 	970
f 969 	970 	966
f 970 	965 	966
f 972 	971 	967
f 971 	968 	967
f 970 	972 	965
f 972 	967 	965
f 966 	968 	969
f 968 	971 	969
# 12 faces

 #end of obj_120

o obj_121
v 20 		-49.5 		14
v 20 		-25.5 		14
v 20 		-49.5 		12.5
v 20 		-25.5 		12.5
v 19.5 		-25.5 		14
v 19.5 		-49.5 		14
v 19.5 		-25.5 		12.5
v 19.5 		-49.5 		12.5
# 8 vertices

g group_121_16768282

usemtl color_16768282
s 0

f 973 	975 	974
f 975 	976 	974
f 977 	979 	978
f 979 	980 	978
f 977 	978 	974
f 978 	973 	974
f 980 	979 	975
f 979 	976 	975
f 978 	980 	973
f 980 	975 	973
f 974 	976 	977
f 976 	979 	977
# 12 faces

 #end of obj_121

o obj_122
v 15.5 		-49.5 		14
v 15.5 		-25.5 		14
v 15.5 		-49.5 		12.5
v 15.5 		-25.5 		12.5
v 15 		-25.5 		14
v 15 		-49.5 		14
v 15 		-25.5 		12.5
v 15 		-49.5 		12.5
# 8 vertices

g group_122_16768282

usemtl color_16768282
s 0

f 981 	983 	982
f 983 	984 	982
f 985 	987 	986
f 987 	988 	986
f 985 	986 	982
f 986 	981 	982
f 988 	987 	983
f 987 	984 	983
f 986 	988 	981
f 988 	983 	981
f 982 	984 	985
f 984 	987 	985
# 12 faces

 #end of obj_122

o obj_123
v 11 		-49.5 		14
v 11 		-25.5 		14
v 11 		-49.5 		12.5
v 11 		-25.5 		12.5
v 10.5 		-25.5 		14
v 10.5 		-49.5 		14
v 10.5 		-25.5 		12.5
v 10.5 		-49.5 		12.5
# 8 vertices

g group_123_16768282

usemtl color_16768282
s 0

f 989 	991 	990
f 991 	992 	990
f 993 	995 	994
f 995 	996 	994
f 993 	994 	990
f 994 	989 	990
f 996 	995 	991
f 995 	992 	991
f 994 	996 	989
f 996 	991 	989
f 990 	992 	993
f 992 	995 	993
# 12 faces

 #end of obj_123

o obj_124
v 6.5 		-49.5 		14
v 6.5 		-25.5 		14
v 6.5 		-49.5 		12.5
v 6.5 		-25.5 		12.5
v 6 		-25.5 		14
v 6 		-49.5 		14
v 6 		-25.5 		12.5
v 6 		-49.5 		12.5
# 8 vertices

g group_124_16768282

usemtl color_16768282
s 0

f 997 	999 	998
f 999 	1000 	998
f 1001 	1003 	1002
f 1003 	1004 	1002
f 1001 	1002 	998
f 1002 	997 	998
f 1004 	1003 	999
f 1003 	1000 	999
f 1002 	1004 	997
f 1004 	999 	997
f 998 	1000 	1001
f 1000 	1003 	1001
# 12 faces

 #end of obj_124

o obj_125
v 2 		-49.5 		14
v 2 		-25.5 		14
v 2 		-49.5 		12.5
v 2 		-25.5 		12.5
v 1.5 		-25.5 		14
v 1.5 		-49.5 		14
v 1.5 		-25.5 		12.5
v 1.5 		-49.5 		12.5
# 8 vertices

g group_125_16768282

usemtl color_16768282
s 0

f 1005 	1007 	1006
f 1007 	1008 	1006
f 1009 	1011 	1010
f 1011 	1012 	1010
f 1009 	1010 	1006
f 1010 	1005 	1006
f 1012 	1011 	1007
f 1011 	1008 	1007
f 1010 	1012 	1005
f 1012 	1007 	1005
f 1006 	1008 	1009
f 1008 	1011 	1009
# 12 faces

 #end of obj_125

o obj_126
v 94.5 		-74.5 		17.5
v 94.5 		-50.5 		17.5
v 94.5 		-74.5 		16
v 94.5 		-50.5 		16
v 94 		-50.5 		17.5
v 94 		-74.5 		17.5
v 94 		-50.5 		16
v 94 		-74.5 		16
# 8 vertices

g group_126_16768282

usemtl color_16768282
s 0

f 1013 	1015 	1014
f 1015 	1016 	1014
f 1017 	1019 	1018
f 1019 	1020 	1018
f 1017 	1018 	1014
f 1018 	1013 	1014
f 1020 	1019 	1015
f 1019 	1016 	1015
f 1018 	1020 	1013
f 1020 	1015 	1013
f 1014 	1016 	1017
f 1016 	1019 	1017
# 12 faces

 #end of obj_126

o obj_127
v 85.5 		-74.5 		17.5
v 85.5 		-50.5 		17.5
v 85.5 		-74.5 		16
v 85.5 		-50.5 		16
v 85 		-50.5 		17.5
v 85 		-74.5 		17.5
v 85 		-50.5 		16
v 85 		-74.5 		16
# 8 vertices

g group_127_16768282

usemtl color_16768282
s 0

f 1021 	1023 	1022
f 1023 	1024 	1022
f 1025 	1027 	1026
f 1027 	1028 	1026
f 1025 	1026 	1022
f 1026 	1021 	1022
f 1028 	1027 	1023
f 1027 	1024 	1023
f 1026 	1028 	1021
f 1028 	1023 	1021
f 1022 	1024 	1025
f 1024 	1027 	1025
# 12 faces

 #end of obj_127

o obj_128
v 81 		-74.5 		17.5
v 81 		-50.5 		17.5
v 81 		-74.5 		16
v 81 		-50.5 		16
v 80.5 		-50.5 		17.5
v 80.5 		-74.5 		17.5
v 80.5 		-50.5 		16
v 80.5 		-74.5 		16
# 8 vertices

g group_128_16768282

usemtl color_16768282
s 0

f 1029 	1031 	1030
f 1031 	1032 	1030
f 1033 	1035 	1034
f 1035 	1036 	1034
f 1033 	1034 	1030
f 1034 	1029 	1030
f 1036 	1035 	1031
f 1035 	1032 	1031
f 1034 	1036 	1029
f 1036 	1031 	1029
f 1030 	1032 	1033
f 1032 	1035 	1033
# 12 faces

 #end of obj_128

o obj_129
v 72.5 		-74.5 		17.5
v 72.5 		-50.5 		17.5
v 72.5 		-74.5 		16
v 72.5 		-50.5 		16
v 72 		-50.5 		17.5
v 72 		-74.5 		17.5
v 72 		-50.5 		16
v 72 		-74.5 		16
# 8 vertices

g group_129_16768282

usemtl color_16768282
s 0

f 1037 	1039 	1038
f 1039 	1040 	1038
f 1041 	1043 	1042
f 1043 	1044 	1042
f 1041 	1042 	1038
f 1042 	1037 	1038
f 1044 	1043 	1039
f 1043 	1040 	1039
f 1042 	1044 	1037
f 1044 	1039 	1037
f 1038 	1040 	1041
f 1040 	1043 	1041
# 12 faces

 #end of obj_129

o obj_130
v 68 		-74.5 		17.5
v 68 		-50.5 		17.5
v 68 		-74.5 		16
v 68 		-50.5 		16
v 67.5 		-50.5 		17.5
v 67.5 		-74.5 		17.5
v 67.5 		-50.5 		16
v 67.5 		-74.5 		16
# 8 vertices

g group_130_16768282

usemtl color_16768282
s 0

f 1045 	1047 	1046
f 1047 	1048 	1046
f 1049 	1051 	1050
f 1051 	1052 	1050
f 1049 	1050 	1046
f 1050 	1045 	1046
f 1052 	1051 	1047
f 1051 	1048 	1047
f 1050 	1052 	1045
f 1052 	1047 	1045
f 1046 	1048 	1049
f 1048 	1051 	1049
# 12 faces

 #end of obj_130

o obj_131
v 63.5 		-74.5 		17.5
v 63.5 		-50.5 		17.5
v 63.5 		-74.5 		16
v 63.5 		-50.5 		16
v 63 		-50.5 		17.5
v 63 		-74.5 		17.5
v 63 		-50.5 		16
v 63 		-74.5 		16
# 8 vertices

g group_131_16768282

usemtl color_16768282
s 0

f 1053 	1055 	1054
f 1055 	1056 	1054
f 1057 	1059 	1058
f 1059 	1060 	1058
f 1057 	1058 	1054
f 1058 	1053 	1054
f 1060 	1059 	1055
f 1059 	1056 	1055
f 1058 	1060 	1053
f 1060 	1055 	1053
f 1054 	1056 	1057
f 1056 	1059 	1057
# 12 faces

 #end of obj_131

o obj_132
v 55.5 		-74.5 		14
v 55.5 		-50.5 		14
v 55.5 		-74.5 		12.5
v 55.5 		-50.5 		12.5
v 55 		-50.5 		14
v 55 		-74.5 		14
v 55 		-50.5 		12.5
v 55 		-74.5 		12.5
# 8 vertices

g group_132_16768282

usemtl color_16768282
s 0

f 1061 	1063 	1062
f 1063 	1064 	1062
f 1065 	1067 	1066
f 1067 	1068 	1066
f 1065 	1066 	1062
f 1066 	1061 	1062
f 1068 	1067 	1063
f 1067 	1064 	1063
f 1066 	1068 	1061
f 1068 	1063 	1061
f 1062 	1064 	1065
f 1064 	1067 	1065
# 12 faces

 #end of obj_132

o obj_133
v 51 		-74.5 		14
v 51 		-50.5 		14
v 51 		-74.5 		12.5
v 51 		-50.5 		12.5
v 50.5 		-50.5 		14
v 50.5 		-74.5 		14
v 50.5 		-50.5 		12.5
v 50.5 		-74.5 		12.5
# 8 vertices

g group_133_16768282

usemtl color_16768282
s 0

f 1069 	1071 	1070
f 1071 	1072 	1070
f 1073 	1075 	1074
f 1075 	1076 	1074
f 1073 	1074 	1070
f 1074 	1069 	1070
f 1076 	1075 	1071
f 1075 	1072 	1071
f 1074 	1076 	1069
f 1076 	1071 	1069
f 1070 	1072 	1073
f 1072 	1075 	1073
# 12 faces

 #end of obj_133

o obj_134
v 46.5 		-74.5 		14
v 46.5 		-50.5 		14
v 46.5 		-74.5 		12.5
v 46.5 		-50.5 		12.5
v 46 		-50.5 		14
v 46 		-74.5 		14
v 46 		-50.5 		12.5
v 46 		-74.5 		12.5
# 8 vertices

g group_134_16768282

usemtl color_16768282
s 0

f 1077 	1079 	1078
f 1079 	1080 	1078
f 1081 	1083 	1082
f 1083 	1084 	1082
f 1081 	1082 	1078
f 1082 	1077 	1078
f 1084 	1083 	1079
f 1083 	1080 	1079
f 1082 	1084 	1077
f 1084 	1079 	1077
f 1078 	1080 	1081
f 1080 	1083 	1081
# 12 faces

 #end of obj_134

o obj_135
v 42 		-74.5 		14
v 42 		-50.5 		14
v 42 		-74.5 		12.5
v 42 		-50.5 		12.5
v 41.5 		-50.5 		14
v 41.5 		-74.5 		14
v 41.5 		-50.5 		12.5
v 41.5 		-74.5 		12.5
# 8 vertices

g group_135_16768282

usemtl color_16768282
s 0

f 1085 	1087 	1086
f 1087 	1088 	1086
f 1089 	1091 	1090
f 1091 	1092 	1090
f 1089 	1090 	1086
f 1090 	1085 	1086
f 1092 	1091 	1087
f 1091 	1088 	1087
f 1090 	1092 	1085
f 1092 	1087 	1085
f 1086 	1088 	1089
f 1088 	1091 	1089
# 12 faces

 #end of obj_135

o obj_136
v 37.5 		-74.5 		14
v 37.5 		-50.5 		14
v 37.5 		-74.5 		12.5
v 37.5 		-50.5 		12.5
v 37 		-50.5 		14
v 37 		-74.5 		14
v 37 		-50.5 		12.5
v 37 		-74.5 		12.5
# 8 vertices

g group_136_16768282

usemtl color_16768282
s 0

f 1093 	1095 	1094
f 1095 	1096 	1094
f 1097 	1099 	1098
f 1099 	1100 	1098
f 1097 	1098 	1094
f 1098 	1093 	1094
f 1100 	1099 	1095
f 1099 	1096 	1095
f 1098 	1100 	1093
f 1100 	1095 	1093
f 1094 	1096 	1097
f 1096 	1099 	1097
# 12 faces

 #end of obj_136

o obj_137
v 33 		-74.5 		14
v 33 		-50.5 		14
v 33 		-74.5 		12.5
v 33 		-50.5 		12.5
v 32.5 		-50.5 		14
v 32.5 		-74.5 		14
v 32.5 		-50.5 		12.5
v 32.5 		-74.5 		12.5
# 8 vertices

g group_137_16768282

usemtl color_16768282
s 0

f 1101 	1103 	1102
f 1103 	1104 	1102
f 1105 	1107 	1106
f 1107 	1108 	1106
f 1105 	1106 	1102
f 1106 	1101 	1102
f 1108 	1107 	1103
f 1107 	1104 	1103
f 1106 	1108 	1101
f 1108 	1103 	1101
f 1102 	1104 	1105
f 1104 	1107 	1105
# 12 faces

 #end of obj_137

o obj_138
v 28.5 		-74.5 		14
v 28.5 		-50.5 		14
v 28.5 		-74.5 		12.5
v 28.5 		-50.5 		12.5
v 28 		-50.5 		14
v 28 		-74.5 		14
v 28 		-50.5 		12.5
v 28 		-74.5 		12.5
# 8 vertices

g group_138_16768282

usemtl color_16768282
s 0

f 1109 	1111 	1110
f 1111 	1112 	1110
f 1113 	1115 	1114
f 1115 	1116 	1114
f 1113 	1114 	1110
f 1114 	1109 	1110
f 1116 	1115 	1111
f 1115 	1112 	1111
f 1114 	1116 	1109
f 1116 	1111 	1109
f 1110 	1112 	1113
f 1112 	1115 	1113
# 12 faces

 #end of obj_138

o obj_139
v 20 		-74.5 		14
v 20 		-50.5 		14
v 20 		-74.5 		12.5
v 20 		-50.5 		12.5
v 19.5 		-50.5 		14
v 19.5 		-74.5 		14
v 19.5 		-50.5 		12.5
v 19.5 		-74.5 		12.5
# 8 vertices

g group_139_16768282

usemtl color_16768282
s 0

f 1117 	1119 	1118
f 1119 	1120 	1118
f 1121 	1123 	1122
f 1123 	1124 	1122
f 1121 	1122 	1118
f 1122 	1117 	1118
f 1124 	1123 	1119
f 1123 	1120 	1119
f 1122 	1124 	1117
f 1124 	1119 	1117
f 1118 	1120 	1121
f 1120 	1123 	1121
# 12 faces

 #end of obj_139

o obj_140
v 15.5 		-74.5 		14
v 15.5 		-50.5 		14
v 15.5 		-74.5 		12.5
v 15.5 		-50.5 		12.5
v 15 		-50.5 		14
v 15 		-74.5 		14
v 15 		-50.5 		12.5
v 15 		-74.5 		12.5
# 8 vertices

g group_140_16768282

usemtl color_16768282
s 0

f 1125 	1127 	1126
f 1127 	1128 	1126
f 1129 	1131 	1130
f 1131 	1132 	1130
f 1129 	1130 	1126
f 1130 	1125 	1126
f 1132 	1131 	1127
f 1131 	1128 	1127
f 1130 	1132 	1125
f 1132 	1127 	1125
f 1126 	1128 	1129
f 1128 	1131 	1129
# 12 faces

 #end of obj_140

o obj_141
v 11 		-74.5 		14
v 11 		-50.5 		14
v 11 		-74.5 		12.5
v 11 		-50.5 		12.5
v 10.5 		-50.5 		14
v 10.5 		-74.5 		14
v 10.5 		-50.5 		12.5
v 10.5 		-74.5 		12.5
# 8 vertices

g group_141_16768282

usemtl color_16768282
s 0

f 1133 	1135 	1134
f 1135 	1136 	1134
f 1137 	1139 	1138
f 1139 	1140 	1138
f 1137 	1138 	1134
f 1138 	1133 	1134
f 1140 	1139 	1135
f 1139 	1136 	1135
f 1138 	1140 	1133
f 1140 	1135 	1133
f 1134 	1136 	1137
f 1136 	1139 	1137
# 12 faces

 #end of obj_141

o obj_142
v 6.5 		-74.5 		14
v 6.5 		-50.5 		14
v 6.5 		-74.5 		12.5
v 6.5 		-50.5 		12.5
v 6 		-50.5 		14
v 6 		-74.5 		14
v 6 		-50.5 		12.5
v 6 		-74.5 		12.5
# 8 vertices

g group_142_16768282

usemtl color_16768282
s 0

f 1141 	1143 	1142
f 1143 	1144 	1142
f 1145 	1147 	1146
f 1147 	1148 	1146
f 1145 	1146 	1142
f 1146 	1141 	1142
f 1148 	1147 	1143
f 1147 	1144 	1143
f 1146 	1148 	1141
f 1148 	1143 	1141
f 1142 	1144 	1145
f 1144 	1147 	1145
# 12 faces

 #end of obj_142

o obj_143
v 2 		-74.5 		14
v 2 		-50.5 		14
v 2 		-74.5 		12.5
v 2 		-50.5 		12.5
v 1.5 		-50.5 		14
v 1.5 		-74.5 		14
v 1.5 		-50.5 		12.5
v 1.5 		-74.5 		12.5
# 8 vertices

g group_143_16768282

usemtl color_16768282
s 0

f 1149 	1151 	1150
f 1151 	1152 	1150
f 1153 	1155 	1154
f 1155 	1156 	1154
f 1153 	1154 	1150
f 1154 	1149 	1150
f 1156 	1155 	1151
f 1155 	1152 	1151
f 1154 	1156 	1149
f 1156 	1151 	1149
f 1150 	1152 	1153
f 1152 	1155 	1153
# 12 faces

 #end of obj_143

o obj_144
v 94.5 		-100 		17.5
v 94.5 		-75.5 		17.5
v 94.5 		-100 		16
v 94.5 		-75.5 		16
v 94 		-75.5 		17.5
v 94 		-100 		17.5
v 94 		-75.5 		16
v 94 		-100 		16
# 8 vertices

g group_144_16768282

usemtl color_16768282
s 0

f 1157 	1159 	1158
f 1159 	1160 	1158
f 1161 	1163 	1162
f 1163 	1164 	1162
f 1161 	1162 	1158
f 1162 	1157 	1158
f 1164 	1163 	1159
f 1163 	1160 	1159
f 1162 	1164 	1157
f 1164 	1159 	1157
f 1158 	1160 	1161
f 1160 	1163 	1161
# 12 faces

 #end of obj_144

o obj_145
v 90 		-100 		17.5
v 90 		-75.5 		17.5
v 90 		-100 		16
v 90 		-75.5 		16
v 89.5 		-75.5 		17.5
v 89.5 		-100 		17.5
v 89.5 		-75.5 		16
v 89.5 		-100 		16
# 8 vertices

g group_145_16768282

usemtl color_16768282
s 0

f 1165 	1167 	1166
f 1167 	1168 	1166
f 1169 	1171 	1170
f 1171 	1172 	1170
f 1169 	1170 	1166
f 1170 	1165 	1166
f 1172 	1171 	1167
f 1171 	1168 	1167
f 1170 	1172 	1165
f 1172 	1167 	1165
f 1166 	1168 	1169
f 1168 	1171 	1169
# 12 faces

 #end of obj_145

o obj_146
v 85.5 		-100 		17.5
v 85.5 		-75.5 		17.5
v 85.5 		-100 		16
v 85.5 		-75.5 		16
v 85 		-75.5 		17.5
v 85 		-100 		17.5
v 85 		-75.5 		16
v 85 		-100 		16
# 8 vertices

g group_146_16768282

usemtl color_16768282
s 0

f 1173 	1175 	1174
f 1175 	1176 	1174
f 1177 	1179 	1178
f 1179 	1180 	1178
f 1177 	1178 	1174
f 1178 	1173 	1174
f 1180 	1179 	1175
f 1179 	1176 	1175
f 1178 	1180 	1173
f 1180 	1175 	1173
f 1174 	1176 	1177
f 1176 	1179 	1177
# 12 faces

 #end of obj_146

o obj_147
v 81 		-100 		17.5
v 81 		-75.5 		17.5
v 81 		-100 		16
v 81 		-75.5 		16
v 80.5 		-75.5 		17.5
v 80.5 		-100 		17.5
v 80.5 		-75.5 		16
v 80.5 		-100 		16
# 8 vertices

g group_147_16768282

usemtl color_16768282
s 0

f 1181 	1183 	1182
f 1183 	1184 	1182
f 1185 	1187 	1186
f 1187 	1188 	1186
f 1185 	1186 	1182
f 1186 	1181 	1182
f 1188 	1187 	1183
f 1187 	1184 	1183
f 1186 	1188 	1181
f 1188 	1183 	1181
f 1182 	1184 	1185
f 1184 	1187 	1185
# 12 faces

 #end of obj_147

o obj_148
v 72.5 		-100 		17.5
v 72.5 		-75.5 		17.5
v 72.5 		-100 		16
v 72.5 		-75.5 		16
v 72 		-75.5 		17.5
v 72 		-100 		17.5
v 72 		-75.5 		16
v 72 		-100 		16
# 8 vertices

g group_148_16768282

usemtl color_16768282
s 0

f 1189 	1191 	1190
f 1191 	1192 	1190
f 1193 	1195 	1194
f 1195 	1196 	1194
f 1193 	1194 	1190
f 1194 	1189 	1190
f 1196 	1195 	1191
f 1195 	1192 	1191
f 1194 	1196 	1189
f 1196 	1191 	1189
f 1190 	1192 	1193
f 1192 	1195 	1193
# 12 faces

 #end of obj_148

o obj_149
v 68 		-100 		17.5
v 68 		-75.5 		17.5
v 68 		-100 		16
v 68 		-75.5 		16
v 67.5 		-75.5 		17.5
v 67.5 		-100 		17.5
v 67.5 		-75.5 		16
v 67.5 		-100 		16
# 8 vertices

g group_149_16768282

usemtl color_16768282
s 0

f 1197 	1199 	1198
f 1199 	1200 	1198
f 1201 	1203 	1202
f 1203 	1204 	1202
f 1201 	1202 	1198
f 1202 	1197 	1198
f 1204 	1203 	1199
f 1203 	1200 	1199
f 1202 	1204 	1197
f 1204 	1199 	1197
f 1198 	1200 	1201
f 1200 	1203 	1201
# 12 faces

 #end of obj_149

o obj_150
v 63.5 		-100 		17.5
v 63.5 		-75.5 		17.5
v 63.5 		-100 		16
v 63.5 		-75.5 		16
v 63 		-75.5 		17.5
v 63 		-100 		17.5
v 63 		-75.5 		16
v 63 		-100 		16
# 8 vertices

g group_150_16768282

usemtl color_16768282
s 0

f 1205 	1207 	1206
f 1207 	1208 	1206
f 1209 	1211 	1210
f 1211 	1212 	1210
f 1209 	1210 	1206
f 1210 	1205 	1206
f 1212 	1211 	1207
f 1211 	1208 	1207
f 1210 	1212 	1205
f 1212 	1207 	1205
f 1206 	1208 	1209
f 1208 	1211 	1209
# 12 faces

 #end of obj_150

o obj_151
v 55.5 		-100 		14
v 55.5 		-75.5 		14
v 55.5 		-100 		12.5
v 55.5 		-75.5 		12.5
v 55 		-75.5 		14
v 55 		-100 		14
v 55 		-75.5 		12.5
v 55 		-100 		12.5
# 8 vertices

g group_151_16768282

usemtl color_16768282
s 0

f 1213 	1215 	1214
f 1215 	1216 	1214
f 1217 	1219 	1218
f 1219 	1220 	1218
f 1217 	1218 	1214
f 1218 	1213 	1214
f 1220 	1219 	1215
f 1219 	1216 	1215
f 1218 	1220 	1213
f 1220 	1215 	1213
f 1214 	1216 	1217
f 1216 	1219 	1217
# 12 faces

 #end of obj_151

o obj_152
v 51 		-100 		14
v 51 		-75.5 		14
v 51 		-100 		12.5
v 51 		-75.5 		12.5
v 50.5 		-75.5 		14
v 50.5 		-100 		14
v 50.5 		-75.5 		12.5
v 50.5 		-100 		12.5
# 8 vertices

g group_152_16768282

usemtl color_16768282
s 0

f 1221 	1223 	1222
f 1223 	1224 	1222
f 1225 	1227 	1226
f 1227 	1228 	1226
f 1225 	1226 	1222
f 1226 	1221 	1222
f 1228 	1227 	1223
f 1227 	1224 	1223
f 1226 	1228 	1221
f 1228 	1223 	1221
f 1222 	1224 	1225
f 1224 	1227 	1225
# 12 faces

 #end of obj_152

o obj_153
v 46.5 		-100 		14
v 46.5 		-75.5 		14
v 46.5 		-100 		12.5
v 46.5 		-75.5 		12.5
v 46 		-75.5 		14
v 46 		-100 		14
v 46 		-75.5 		12.5
v 46 		-100 		12.5
# 8 vertices

g group_153_16768282

usemtl color_16768282
s 0

f 1229 	1231 	1230
f 1231 	1232 	1230
f 1233 	1235 	1234
f 1235 	1236 	1234
f 1233 	1234 	1230
f 1234 	1229 	1230
f 1236 	1235 	1231
f 1235 	1232 	1231
f 1234 	1236 	1229
f 1236 	1231 	1229
f 1230 	1232 	1233
f 1232 	1235 	1233
# 12 faces

 #end of obj_153

o obj_154
v 42 		-100 		14
v 42 		-75.5 		14
v 42 		-100 		12.5
v 42 		-75.5 		12.5
v 41.5 		-75.5 		14
v 41.5 		-100 		14
v 41.5 		-75.5 		12.5
v 41.5 		-100 		12.5
# 8 vertices

g group_154_16768282

usemtl color_16768282
s 0

f 1237 	1239 	1238
f 1239 	1240 	1238
f 1241 	1243 	1242
f 1243 	1244 	1242
f 1241 	1242 	1238
f 1242 	1237 	1238
f 1244 	1243 	1239
f 1243 	1240 	1239
f 1242 	1244 	1237
f 1244 	1239 	1237
f 1238 	1240 	1241
f 1240 	1243 	1241
# 12 faces

 #end of obj_154

o obj_155
v 37.5 		-100 		14
v 37.5 		-75.5 		14
v 37.5 		-100 		12.5
v 37.5 		-75.5 		12.5
v 37 		-75.5 		14
v 37 		-100 		14
v 37 		-75.5 		12.5
v 37 		-100 		12.5
# 8 vertices

g group_155_16768282

usemtl color_16768282
s 0

f 1245 	1247 	1246
f 1247 	1248 	1246
f 1249 	1251 	1250
f 1251 	1252 	1250
f 1249 	1250 	1246
f 1250 	1245 	1246
f 1252 	1251 	1247
f 1251 	1248 	1247
f 1250 	1252 	1245
f 1252 	1247 	1245
f 1246 	1248 	1249
f 1248 	1251 	1249
# 12 faces

 #end of obj_155

o obj_156
v 33 		-100 		14
v 33 		-75.5 		14
v 33 		-100 		12.5
v 33 		-75.5 		12.5
v 32.5 		-75.5 		14
v 32.5 		-100 		14
v 32.5 		-75.5 		12.5
v 32.5 		-100 		12.5
# 8 vertices

g group_156_16768282

usemtl color_16768282
s 0

f 1253 	1255 	1254
f 1255 	1256 	1254
f 1257 	1259 	1258
f 1259 	1260 	1258
f 1257 	1258 	1254
f 1258 	1253 	1254
f 1260 	1259 	1255
f 1259 	1256 	1255
f 1258 	1260 	1253
f 1260 	1255 	1253
f 1254 	1256 	1257
f 1256 	1259 	1257
# 12 faces

 #end of obj_156

o obj_157
v 28.5 		-100 		14
v 28.5 		-75.5 		14
v 28.5 		-100 		12.5
v 28.5 		-75.5 		12.5
v 28 		-75.5 		14
v 28 		-100 		14
v 28 		-75.5 		12.5
v 28 		-100 		12.5
# 8 vertices

g group_157_16768282

usemtl color_16768282
s 0

f 1261 	1263 	1262
f 1263 	1264 	1262
f 1265 	1267 	1266
f 1267 	1268 	1266
f 1265 	1266 	1262
f 1266 	1261 	1262
f 1268 	1267 	1263
f 1267 	1264 	1263
f 1266 	1268 	1261
f 1268 	1263 	1261
f 1262 	1264 	1265
f 1264 	1267 	1265
# 12 faces

 #end of obj_157

o obj_158
v 20 		-100 		14
v 20 		-75.5 		14
v 20 		-100 		12.5
v 20 		-75.5 		12.5
v 19.5 		-75.5 		14
v 19.5 		-100 		14
v 19.5 		-75.5 		12.5
v 19.5 		-100 		12.5
# 8 vertices

g group_158_16768282

usemtl color_16768282
s 0

f 1269 	1271 	1270
f 1271 	1272 	1270
f 1273 	1275 	1274
f 1275 	1276 	1274
f 1273 	1274 	1270
f 1274 	1269 	1270
f 1276 	1275 	1271
f 1275 	1272 	1271
f 1274 	1276 	1269
f 1276 	1271 	1269
f 1270 	1272 	1273
f 1272 	1275 	1273
# 12 faces

 #end of obj_158

o obj_159
v 15.5 		-100 		14
v 15.5 		-75.5 		14
v 15.5 		-100 		12.5
v 15.5 		-75.5 		12.5
v 15 		-75.5 		14
v 15 		-100 		14
v 15 		-75.5 		12.5
v 15 		-100 		12.5
# 8 vertices

g group_159_16768282

usemtl color_16768282
s 0

f 1277 	1279 	1278
f 1279 	1280 	1278
f 1281 	1283 	1282
f 1283 	1284 	1282
f 1281 	1282 	1278
f 1282 	1277 	1278
f 1284 	1283 	1279
f 1283 	1280 	1279
f 1282 	1284 	1277
f 1284 	1279 	1277
f 1278 	1280 	1281
f 1280 	1283 	1281
# 12 faces

 #end of obj_159

o obj_160
v 11 		-100 		14
v 11 		-75.5 		14
v 11 		-100 		12.5
v 11 		-75.5 		12.5
v 10.5 		-75.5 		14
v 10.5 		-100 		14
v 10.5 		-75.5 		12.5
v 10.5 		-100 		12.5
# 8 vertices

g group_160_16768282

usemtl color_16768282
s 0

f 1285 	1287 	1286
f 1287 	1288 	1286
f 1289 	1291 	1290
f 1291 	1292 	1290
f 1289 	1290 	1286
f 1290 	1285 	1286
f 1292 	1291 	1287
f 1291 	1288 	1287
f 1290 	1292 	1285
f 1292 	1287 	1285
f 1286 	1288 	1289
f 1288 	1291 	1289
# 12 faces

 #end of obj_160

o obj_161
v 6.5 		-100 		14
v 6.5 		-75.5 		14
v 6.5 		-100 		12.5
v 6.5 		-75.5 		12.5
v 6 		-75.5 		14
v 6 		-100 		14
v 6 		-75.5 		12.5
v 6 		-100 		12.5
# 8 vertices

g group_161_16768282

usemtl color_16768282
s 0

f 1293 	1295 	1294
f 1295 	1296 	1294
f 1297 	1299 	1298
f 1299 	1300 	1298
f 1297 	1298 	1294
f 1298 	1293 	1294
f 1300 	1299 	1295
f 1299 	1296 	1295
f 1298 	1300 	1293
f 1300 	1295 	1293
f 1294 	1296 	1297
f 1296 	1299 	1297
# 12 faces

 #end of obj_161

o obj_162
v 2 		-100 		14
v 2 		-75.5 		14
v 2 		-100 		12.5
v 2 		-75.5 		12.5
v 1.5 		-75.5 		14
v 1.5 		-100 		14
v 1.5 		-75.5 		12.5
v 1.5 		-100 		12.5
# 8 vertices

g group_162_16768282

usemtl color_16768282
s 0

f 1301 	1303 	1302
f 1303 	1304 	1302
f 1305 	1307 	1306
f 1307 	1308 	1306
f 1305 	1306 	1302
f 1306 	1301 	1302
f 1308 	1307 	1303
f 1307 	1304 	1303
f 1306 	1308 	1301
f 1308 	1303 	1301
f 1302 	1304 	1305
f 1304 	1307 	1305
# 12 faces

 #end of obj_162

o obj_163
v 99 		-51 		17.5
v 99 		-49 		17.5
v 99 		-51 		0
v 99 		-49 		0
v 97 		-49 		17.5
v 97 		-51 		17.5
v 97 		-49 		0
v 97 		-51 		0
# 8 vertices

g group_163_15277357

usemtl color_15277357
s 0

f 1309 	1311 	1310
f 1311 	1312 	1310
f 1313 	1315 	1314
f 1315 	1316 	1314
f 1313 	1314 	1310
f 1314 	1309 	1310
f 1316 	1315 	1311
f 1315 	1312 	1311
f 1314 	1316 	1309
f 1316 	1311 	1309
f 1310 	1312 	1313
f 1312 	1315 	1313
# 12 faces

 #end of obj_163

o obj_164
v 100.5 		-52.5 		0
v 100.5 		-47.5 		0
v 100.5 		-52.5 		-10
v 100.5 		-47.5 		-10
v 95.5 		-47.5 		0
v 95.5 		-52.5 		0
v 95.5 		-47.5 		-10
v 95.5 		-52.5 		-10
# 8 vertices

g group_164_9771553

usemtl color_9771553
s 0

f 1317 	1319 	1318
f 1319 	1320 	1318
f 1321 	1323 	1322
f 1323 	1324 	1322
f 1321 	1322 	1318
f 1322 	1317 	1318
f 1324 	1323 	1319
f 1323 	1320 	1319
f 1322 	1324 	1317
f 1324 	1319 	1317
f 1318 	1320 	1321
f 1320 	1323 	1321
# 12 faces

 #end of obj_164

o obj_165
v 99 		-51 		17.5
v 98 		-51 		17.5
v 99 		-51 		15
v 98 		-51 		15
v 98 		-74 		17.5
v 99 		-74 		17.5
v 98 		-74 		15
v 99 		-74 		15
# 8 vertices

g group_165_4634441

usemtl color_4634441
s 0

f 1325 	1327 	1326
f 1327 	1328 	1326
f 1329 	1331 	1330
f 1331 	1332 	1330
f 1329 	1330 	1326
f 1330 	1325 	1326
f 1332 	1331 	1327
f 1331 	1328 	1327
f 1330 	1332 	1325
f 1332 	1327 	1325
f 1326 	1328 	1329
f 1328 	1331 	1329
# 12 faces

 #end of obj_165

o obj_166
v 99 		-26 		17.5
v 98 		-26 		17.5
v 99 		-26 		15
v 98 		-26 		15
v 98 		-49 		17.5
v 99 		-49 		17.5
v 98 		-49 		15
v 99 		-49 		15
# 8 vertices

g group_166_4634441

usemtl color_4634441
s 0

f 1333 	1335 	1334
f 1335 	1336 	1334
f 1337 	1339 	1338
f 1339 	1340 	1338
f 1337 	1338 	1334
f 1338 	1333 	1334
f 1340 	1339 	1335
f 1339 	1336 	1335
f 1338 	1340 	1333
f 1340 	1335 	1333
f 1334 	1336 	1337
f 1336 	1339 	1337
# 12 faces

 #end of obj_166

o obj_167
v 97 		-50.5 		17.5
v 97 		-49.5 		17.5
v 97 		-50.5 		15
v 97 		-49.5 		15
v 78 		-49.5 		17.5
v 78 		-50.5 		17.5
v 78 		-49.5 		15
v 78 		-50.5 		15
# 8 vertices

g group_167_4634441

usemtl color_4634441
s 0

f 1341 	1343 	1342
f 1343 	1344 	1342
f 1345 	1347 	1346
f 1347 	1348 	1346
f 1345 	1346 	1342
f 1346 	1341 	1342
f 1348 	1347 	1343
f 1347 	1344 	1343
f 1346 	1348 	1341
f 1348 	1343 	1341
f 1342 	1344 	1345
f 1344 	1347 	1345
# 12 faces

 #end of obj_167

o obj_168
v 90.5 		-25.5 		17.5
v 89.5 		-25.5 		17.5
v 90.5 		-25.5 		15
v 89.5 		-25.5 		15
v 89.5 		-49.5 		17.5
v 90.5 		-49.5 		17.5
v 89.5 		-49.5 		15
v 90.5 		-49.5 		15
# 8 vertices

g group_168_4634441

usemtl color_4634441
s 0

f 1349 	1351 	1350
f 1351 	1352 	1350
f 1353 	1355 	1354
f 1355 	1356 	1354
f 1353 	1354 	1350
f 1354 	1349 	1350
f 1356 	1355 	1351
f 1355 	1352 	1351
f 1354 	1356 	1349
f 1356 	1351 	1349
f 1350 	1352 	1353
f 1352 	1355 	1353
# 12 faces

 #end of obj_168

o obj_169
v 85.5 		-49.5 		17.5
v 85.5 		-25.5 		17.5
v 85.5 		-49.5 		16
v 85.5 		-25.5 		16
v 85 		-25.5 		17.5
v 85 		-49.5 		17.5
v 85 		-25.5 		16
v 85 		-49.5 		16
# 8 vertices

g group_169_16768282

usemtl color_16768282
s 0

f 1357 	1359 	1358
f 1359 	1360 	1358
f 1361 	1363 	1362
f 1363 	1364 	1362
f 1361 	1362 	1358
f 1362 	1357 	1358
f 1364 	1363 	1359
f 1363 	1360 	1359
f 1362 	1364 	1357
f 1364 	1359 	1357
f 1358 	1360 	1361
f 1360 	1363 	1361
# 12 faces

 #end of obj_169

o obj_170
v 90.5 		-50.5 		17.5
v 89.5 		-50.5 		17.5
v 90.5 		-50.5 		15
v 89.5 		-50.5 		15
v 89.5 		-74.5 		17.5
v 90.5 		-74.5 		17.5
v 89.5 		-74.5 		15
v 90.5 		-74.5 		15
# 8 vertices

g group_170_4634441

usemtl color_4634441
s 0

f 1365 	1367 	1366
f 1367 	1368 	1366
f 1369 	1371 	1370
f 1371 	1372 	1370
f 1369 	1370 	1366
f 1370 	1365 	1366
f 1372 	1371 	1367
f 1371 	1368 	1367
f 1370 	1372 	1365
f 1372 	1367 	1365
f 1366 	1368 	1369
f 1368 	1371 	1369
# 12 faces

 #end of obj_170

o obj_171
v 98 		-10 		17.5
v 94.5 		-10 		17.5
v 98 		-10 		16
v 94.5 		-10 		16
v 94.5 		-10.5 		17.5
v 98 		-10.5 		17.5
v 94.5 		-10.5 		16
v 98 		-10.5 		16
# 8 vertices

g group_171_16089887

usemtl color_16089887
s 0

f 1373 	1375 	1374
f 1375 	1376 	1374
f 1377 	1379 	1378
f 1379 	1380 	1378
f 1377 	1378 	1374
f 1378 	1373 	1374
f 1380 	1379 	1375
f 1379 	1376 	1375
f 1378 	1380 	1373
f 1380 	1375 	1373
f 1374 	1376 	1377
f 1376 	1379 	1377
# 12 faces

 #end of obj_171

o obj_172
v 94 		-14 		17.5
v 90 		-14 		17.5
v 94 		-14 		16
v 90 		-14 		16
v 90 		-14.5 		17.5
v 94 		-14.5 		17.5
v 90 		-14.5 		16
v 94 		-14.5 		16
# 8 vertices

g group_172_16089887

usemtl color_16089887
s 0

f 1381 	1383 	1382
f 1383 	1384 	1382
f 1385 	1387 	1386
f 1387 	1388 	1386
f 1385 	1386 	1382
f 1386 	1381 	1382
f 1388 	1387 	1383
f 1387 	1384 	1383
f 1386 	1388 	1381
f 1388 	1383 	1381
f 1382 	1384 	1385
f 1384 	1387 	1385
# 12 faces

 #end of obj_172

o obj_173
v 89.5 		-10 		17.5
v 85.5 		-10 		17.5
v 89.5 		-10 		16
v 85.5 		-10 		16
v 85.5 		-10.5 		17.5
v 89.5 		-10.5 		17.5
v 85.5 		-10.5 		16
v 89.5 		-10.5 		16
# 8 vertices

g group_173_16089887

usemtl color_16089887
s 0

f 1389 	1391 	1390
f 1391 	1392 	1390
f 1393 	1395 	1394
f 1395 	1396 	1394
f 1393 	1394 	1390
f 1394 	1389 	1390
f 1396 	1395 	1391
f 1395 	1392 	1391
f 1394 	1396 	1389
f 1396 	1391 	1389
f 1390 	1392 	1393
f 1392 	1395 	1393
# 12 faces

 #end of obj_173

o obj_174
v 80.5 		-10 		17.5
v 77.5 		-10 		17.5
v 80.5 		-10 		16
v 77.5 		-10 		16
v 77.5 		-10.5 		17.5
v 80.5 		-10.5 		17.5
v 77.5 		-10.5 		16
v 80.5 		-10.5 		16
# 8 vertices

g group_174_16089887

usemtl color_16089887
s 0

f 1397 	1399 	1398
f 1399 	1400 	1398
f 1401 	1403 	1402
f 1403 	1404 	1402
f 1401 	1402 	1398
f 1402 	1397 	1398
f 1404 	1403 	1399
f 1403 	1400 	1399
f 1402 	1404 	1397
f 1404 	1399 	1397
f 1398 	1400 	1401
f 1400 	1403 	1401
# 12 faces

 #end of obj_174

o obj_175
v 85 		-14 		17.5
v 81 		-14 		17.5
v 85 		-14 		16
v 81 		-14 		16
v 81 		-14.5 		17.5
v 85 		-14.5 		17.5
v 81 		-14.5 		16
v 85 		-14.5 		16
# 8 vertices

g group_175_16089887

usemtl color_16089887
s 0

f 1405 	1407 	1406
f 1407 	1408 	1406
f 1409 	1411 	1410
f 1411 	1412 	1410
f 1409 	1410 	1406
f 1410 	1405 	1406
f 1412 	1411 	1407
f 1411 	1408 	1407
f 1410 	1412 	1405
f 1412 	1407 	1405
f 1406 	1408 	1409
f 1408 	1411 	1409
# 12 faces

 #end of obj_175

o obj_176
v 76.5 		-14 		17.5
v 72.5 		-14 		17.5
v 76.5 		-14 		16
v 72.5 		-14 		16
v 72.5 		-14.5 		17.5
v 76.5 		-14.5 		17.5
v 72.5 		-14.5 		16
v 76.5 		-14.5 		16
# 8 vertices

g group_176_16089887

usemtl color_16089887
s 0

f 1413 	1415 	1414
f 1415 	1416 	1414
f 1417 	1419 	1418
f 1419 	1420 	1418
f 1417 	1418 	1414
f 1418 	1413 	1414
f 1420 	1419 	1415
f 1419 	1416 	1415
f 1418 	1420 	1413
f 1420 	1415 	1413
f 1414 	1416 	1417
f 1416 	1419 	1417
# 12 faces

 #end of obj_176

o obj_177
v 72 		-10 		17.5
v 68 		-10 		17.5
v 72 		-10 		16
v 68 		-10 		16
v 68 		-10.5 		17.5
v 72 		-10.5 		17.5
v 68 		-10.5 		16
v 72 		-10.5 		16
# 8 vertices

g group_177_16089887

usemtl color_16089887
s 0

f 1421 	1423 	1422
f 1423 	1424 	1422
f 1425 	1427 	1426
f 1427 	1428 	1426
f 1425 	1426 	1422
f 1426 	1421 	1422
f 1428 	1427 	1423
f 1427 	1424 	1423
f 1426 	1428 	1421
f 1428 	1423 	1421
f 1422 	1424 	1425
f 1424 	1427 	1425
# 12 faces

 #end of obj_177

o obj_178
v 67.5 		-14 		17.5
v 63.5 		-14 		17.5
v 67.5 		-14 		16
v 63.5 		-14 		16
v 63.5 		-14.5 		17.5
v 67.5 		-14.5 		17.5
v 63.5 		-14.5 		16
v 67.5 		-14.5 		16
# 8 vertices

g group_178_16089887

usemtl color_16089887
s 0

f 1429 	1431 	1430
f 1431 	1432 	1430
f 1433 	1435 	1434
f 1435 	1436 	1434
f 1433 	1434 	1430
f 1434 	1429 	1430
f 1436 	1435 	1431
f 1435 	1432 	1431
f 1434 	1436 	1429
f 1436 	1431 	1429
f 1430 	1432 	1433
f 1432 	1435 	1433
# 12 faces

 #end of obj_178

o obj_179
v 63 		-10 		17.5
v 60.5 		-10 		17.5
v 63 		-10 		16
v 60.5 		-10 		16
v 60.5 		-10.5 		17.5
v 63 		-10.5 		17.5
v 60.5 		-10.5 		16
v 63 		-10.5 		16
# 8 vertices

g group_179_16089887

usemtl color_16089887
s 0

f 1437 	1439 	1438
f 1439 	1440 	1438
f 1441 	1443 	1442
f 1443 	1444 	1442
f 1441 	1442 	1438
f 1442 	1437 	1438
f 1444 	1443 	1439
f 1443 	1440 	1439
f 1442 	1444 	1437
f 1444 	1439 	1437
f 1438 	1440 	1441
f 1440 	1443 	1441
# 12 faces

 #end of obj_179

o obj_180
v 59.5 		-14 		14
v 55.5 		-14 		14
v 59.5 		-14 		12.5
v 55.5 		-14 		12.5
v 55.5 		-14.5 		14
v 59.5 		-14.5 		14
v 55.5 		-14.5 		12.5
v 59.5 		-14.5 		12.5
# 8 vertices

g group_180_16089887

usemtl color_16089887
s 0

f 1445 	1447 	1446
f 1447 	1448 	1446
f 1449 	1451 	1450
f 1451 	1452 	1450
f 1449 	1450 	1446
f 1450 	1445 	1446
f 1452 	1451 	1447
f 1451 	1448 	1447
f 1450 	1452 	1445
f 1452 	1447 	1445
f 1446 	1448 	1449
f 1448 	1451 	1449
# 12 faces

 #end of obj_180

o obj_181
v 55 		-10 		14
v 51 		-10 		14
v 55 		-10 		12.5
v 51 		-10 		12.5
v 51 		-10.5 		14
v 55 		-10.5 		14
v 51 		-10.5 		12.5
v 55 		-10.5 		12.5
# 8 vertices

g group_181_16089887

usemtl color_16089887
s 0

f 1453 	1455 	1454
f 1455 	1456 	1454
f 1457 	1459 	1458
f 1459 	1460 	1458
f 1457 	1458 	1454
f 1458 	1453 	1454
f 1460 	1459 	1455
f 1459 	1456 	1455
f 1458 	1460 	1453
f 1460 	1455 	1453
f 1454 	1456 	1457
f 1456 	1459 	1457
# 12 faces

 #end of obj_181

o obj_182
v 46 		-10 		14
v 42 		-10 		14
v 46 		-10 		12.5
v 42 		-10 		12.5
v 42 		-10.5 		14
v 46 		-10.5 		14
v 42 		-10.5 		12.5
v 46 		-10.5 		12.5
# 8 vertices

g group_182_16089887

usemtl color_16089887
s 0

f 1461 	1463 	1462
f 1463 	1464 	1462
f 1465 	1467 	1466
f 1467 	1468 	1466
f 1465 	1466 	1462
f 1466 	1461 	1462
f 1468 	1467 	1463
f 1467 	1464 	1463
f 1466 	1468 	1461
f 1468 	1463 	1461
f 1462 	1464 	1465
f 1464 	1467 	1465
# 12 faces

 #end of obj_182

o obj_183
v 50.5 		-14 		14
v 46.5 		-14 		14
v 50.5 		-14 		12.5
v 46.5 		-14 		12.5
v 46.5 		-14.5 		14
v 50.5 		-14.5 		14
v 46.5 		-14.5 		12.5
v 50.5 		-14.5 		12.5
# 8 vertices

g group_183_16089887

usemtl color_16089887
s 0

f 1469 	1471 	1470
f 1471 	1472 	1470
f 1473 	1475 	1474
f 1475 	1476 	1474
f 1473 	1474 	1470
f 1474 	1469 	1470
f 1476 	1475 	1471
f 1475 	1472 	1471
f 1474 	1476 	1469
f 1476 	1471 	1469
f 1470 	1472 	1473
f 1472 	1475 	1473
# 12 faces

 #end of obj_183

o obj_184
v 37 		-10 		14
v 33 		-10 		14
v 37 		-10 		12.5
v 33 		-10 		12.5
v 33 		-10.5 		14
v 37 		-10.5 		14
v 33 		-10.5 		12.5
v 37 		-10.5 		12.5
# 8 vertices

g group_184_16089887

usemtl color_16089887
s 0

f 1477 	1479 	1478
f 1479 	1480 	1478
f 1481 	1483 	1482
f 1483 	1484 	1482
f 1481 	1482 	1478
f 1482 	1477 	1478
f 1484 	1483 	1479
f 1483 	1480 	1479
f 1482 	1484 	1477
f 1484 	1479 	1477
f 1478 	1480 	1481
f 1480 	1483 	1481
# 12 faces

 #end of obj_184

o obj_185
v 41.5 		-14 		14
v 37.5 		-14 		14
v 41.5 		-14 		12.5
v 37.5 		-14 		12.5
v 37.5 		-14.5 		14
v 41.5 		-14.5 		14
v 37.5 		-14.5 		12.5
v 41.5 		-14.5 		12.5
# 8 vertices

g group_185_16089887

usemtl color_16089887
s 0

f 1485 	1487 	1486
f 1487 	1488 	1486
f 1489 	1491 	1490
f 1491 	1492 	1490
f 1489 	1490 	1486
f 1490 	1485 	1486
f 1492 	1491 	1487
f 1491 	1488 	1487
f 1490 	1492 	1485
f 1492 	1487 	1485
f 1486 	1488 	1489
f 1488 	1491 	1489
# 12 faces

 #end of obj_185

o obj_186
v 28 		-10 		14
v 25 		-10 		14
v 28 		-10 		12.5
v 25 		-10 		12.5
v 25 		-10.5 		14
v 28 		-10.5 		14
v 25 		-10.5 		12.5
v 28 		-10.5 		12.5
# 8 vertices

g group_186_16089887

usemtl color_16089887
s 0

f 1493 	1495 	1494
f 1495 	1496 	1494
f 1497 	1499 	1498
f 1499 	1500 	1498
f 1497 	1498 	1494
f 1498 	1493 	1494
f 1500 	1499 	1495
f 1499 	1496 	1495
f 1498 	1500 	1493
f 1500 	1495 	1493
f 1494 	1496 	1497
f 1496 	1499 	1497
# 12 faces

 #end of obj_186

o obj_187
v 32.5 		-14 		14
v 28.5 		-14 		14
v 32.5 		-14 		12.5
v 28.5 		-14 		12.5
v 28.5 		-14.5 		14
v 32.5 		-14.5 		14
v 28.5 		-14.5 		12.5
v 32.5 		-14.5 		12.5
# 8 vertices

g group_187_16089887

usemtl color_16089887
s 0

f 1501 	1503 	1502
f 1503 	1504 	1502
f 1505 	1507 	1506
f 1507 	1508 	1506
f 1505 	1506 	1502
f 1506 	1501 	1502
f 1508 	1507 	1503
f 1507 	1504 	1503
f 1506 	1508 	1501
f 1508 	1503 	1501
f 1502 	1504 	1505
f 1504 	1507 	1505
# 12 faces

 #end of obj_187

o obj_188
v 19.5 		-10 		14
v 15.5 		-10 		14
v 19.5 		-10 		12.5
v 15.5 		-10 		12.5
v 15.5 		-10.5 		14
v 19.5 		-10.5 		14
v 15.5 		-10.5 		12.5
v 19.5 		-10.5 		12.5
# 8 vertices

g group_188_16089887

usemtl color_16089887
s 0

f 1509 	1511 	1510
f 1511 	1512 	1510
f 1513 	1515 	1514
f 1515 	1516 	1514
f 1513 	1514 	1510
f 1514 	1509 	1510
f 1516 	1515 	1511
f 1515 	1512 	1511
f 1514 	1516 	1509
f 1516 	1511 	1509
f 1510 	1512 	1513
f 1512 	1515 	1513
# 12 faces

 #end of obj_188

o obj_189
v 24 		-14 		14
v 20 		-14 		14
v 24 		-14 		12.5
v 20 		-14 		12.5
v 20 		-14.5 		14
v 24 		-14.5 		14
v 20 		-14.5 		12.5
v 24 		-14.5 		12.5
# 8 vertices

g group_189_16089887

usemtl color_16089887
s 0

f 1517 	1519 	1518
f 1519 	1520 	1518
f 1521 	1523 	1522
f 1523 	1524 	1522
f 1521 	1522 	1518
f 1522 	1517 	1518
f 1524 	1523 	1519
f 1523 	1520 	1519
f 1522 	1524 	1517
f 1524 	1519 	1517
f 1518 	1520 	1521
f 1520 	1523 	1521
# 12 faces

 #end of obj_189

o obj_190
v 10.5 		-10 		14
v 6.5 		-10 		14
v 10.5 		-10 		12.5
v 6.5 		-10 		12.5
v 6.5 		-10.5 		14
v 10.5 		-10.5 		14
v 6.5 		-10.5 		12.5
v 10.5 		-10.5 		12.5
# 8 vertices

g group_190_16089887

usemtl color_16089887
s 0

f 1525 	1527 	1526
f 1527 	1528 	1526
f 1529 	1531 	1530
f 1531 	1532 	1530
f 1529 	1530 	1526
f 1530 	1525 	1526
f 1532 	1531 	1527
f 1531 	1528 	1527
f 1530 	1532 	1525
f 1532 	1527 	1525
f 1526 	1528 	1529
f 1528 	1531 	1529
# 12 faces

 #end of obj_190

o obj_191
v 15 		-14 		14
v 11 		-14 		14
v 15 		-14 		12.5
v 11 		-14 		12.5
v 11 		-14.5 		14
v 15 		-14.5 		14
v 11 		-14.5 		12.5
v 15 		-14.5 		12.5
# 8 vertices

g group_191_16089887

usemtl color_16089887
s 0

f 1533 	1535 	1534
f 1535 	1536 	1534
f 1537 	1539 	1538
f 1539 	1540 	1538
f 1537 	1538 	1534
f 1538 	1533 	1534
f 1540 	1539 	1535
f 1539 	1536 	1535
f 1538 	1540 	1533
f 1540 	1535 	1533
f 1534 	1536 	1537
f 1536 	1539 	1537
# 12 faces

 #end of obj_191

o obj_192
v 1.5 		-10 		14
v 0 		-10 		14
v 1.5 		-10 		12.5
v 0 		-10 		12.5
v 0 		-10.5 		14
v 1.5 		-10.5 		14
v 0 		-10.5 		12.5
v 1.5 		-10.5 		12.5
# 8 vertices

g group_192_16089887

usemtl color_16089887
s 0

f 1541 	1543 	1542
f 1543 	1544 	1542
f 1545 	1547 	1546
f 1547 	1548 	1546
f 1545 	1546 	1542
f 1546 	1541 	1542
f 1548 	1547 	1543
f 1547 	1544 	1543
f 1546 	1548 	1541
f 1548 	1543 	1541
f 1542 	1544 	1545
f 1544 	1547 	1545
# 12 faces

 #end of obj_192

o obj_193
v 6 		-14 		14
v 2 		-14 		14
v 6 		-14 		12.5
v 2 		-14 		12.5
v 2 		-14.5 		14
v 6 		-14.5 		14
v 2 		-14.5 		12.5
v 6 		-14.5 		12.5
# 8 vertices

g group_193_16089887

usemtl color_16089887
s 0

f 1549 	1551 	1550
f 1551 	1552 	1550
f 1553 	1555 	1554
f 1555 	1556 	1554
f 1553 	1554 	1550
f 1554 	1549 	1550
f 1556 	1555 	1551
f 1555 	1552 	1551
f 1554 	1556 	1549
f 1556 	1551 	1549
f 1550 	1552 	1553
f 1552 	1555 	1553
# 12 faces

 #end of obj_193

o obj_194
v 98 		-35.5 		17.5
v 94.5 		-35.5 		17.5
v 98 		-35.5 		16
v 94.5 		-35.5 		16
v 94.5 		-36 		17.5
v 98 		-36 		17.5
v 94.5 		-36 		16
v 98 		-36 		16
# 8 vertices

g group_194_16089887

usemtl color_16089887
s 0

f 1557 	1559 	1558
f 1559 	1560 	1558
f 1561 	1563 	1562
f 1563 	1564 	1562
f 1561 	1562 	1558
f 1562 	1557 	1558
f 1564 	1563 	1559
f 1563 	1560 	1559
f 1562 	1564 	1557
f 1564 	1559 	1557
f 1558 	1560 	1561
f 1560 	1563 	1561
# 12 faces

 #end of obj_194

o obj_195
v 94 		-39.5 		17.5
v 90.5 		-39.5 		17.5
v 94 		-39.5 		16
v 90.5 		-39.5 		16
v 90.5 		-40 		17.5
v 94 		-40 		17.5
v 90.5 		-40 		16
v 94 		-40 		16
# 8 vertices

g group_195_16089887

usemtl color_16089887
s 0

f 1565 	1567 	1566
f 1567 	1568 	1566
f 1569 	1571 	1570
f 1571 	1572 	1570
f 1569 	1570 	1566
f 1570 	1565 	1566
f 1572 	1571 	1567
f 1571 	1568 	1567
f 1570 	1572 	1565
f 1572 	1567 	1565
f 1566 	1568 	1569
f 1568 	1571 	1569
# 12 faces

 #end of obj_195

o obj_196
v 89.5 		-35.5 		17.5
v 85.5 		-35.5 		17.5
v 89.5 		-35.5 		16
v 85.5 		-35.5 		16
v 85.5 		-36 		17.5
v 89.5 		-36 		17.5
v 85.5 		-36 		16
v 89.5 		-36 		16
# 8 vertices

g group_196_16089887

usemtl color_16089887
s 0

f 1573 	1575 	1574
f 1575 	1576 	1574
f 1577 	1579 	1578
f 1579 	1580 	1578
f 1577 	1578 	1574
f 1578 	1573 	1574
f 1580 	1579 	1575
f 1579 	1576 	1575
f 1578 	1580 	1573
f 1580 	1575 	1573
f 1574 	1576 	1577
f 1576 	1579 	1577
# 12 faces

 #end of obj_196

o obj_197
v 85 		-39.5 		17.5
v 81 		-39.5 		17.5
v 85 		-39.5 		16
v 81 		-39.5 		16
v 81 		-40 		17.5
v 85 		-40 		17.5
v 81 		-40 		16
v 85 		-40 		16
# 8 vertices

g group_197_16089887

usemtl color_16089887
s 0

f 1581 	1583 	1582
f 1583 	1584 	1582
f 1585 	1587 	1586
f 1587 	1588 	1586
f 1585 	1586 	1582
f 1586 	1581 	1582
f 1588 	1587 	1583
f 1587 	1584 	1583
f 1586 	1588 	1581
f 1588 	1583 	1581
f 1582 	1584 	1585
f 1584 	1587 	1585
# 12 faces

 #end of obj_197

o obj_198
v 80.5 		-35.5 		17.5
v 77.5 		-35.5 		17.5
v 80.5 		-35.5 		16
v 77.5 		-35.5 		16
v 77.5 		-36 		17.5
v 80.5 		-36 		17.5
v 77.5 		-36 		16
v 80.5 		-36 		16
# 8 vertices

g group_198_16089887

usemtl color_16089887
s 0

f 1589 	1591 	1590
f 1591 	1592 	1590
f 1593 	1595 	1594
f 1595 	1596 	1594
f 1593 	1594 	1590
f 1594 	1589 	1590
f 1596 	1595 	1591
f 1595 	1592 	1591
f 1594 	1596 	1589
f 1596 	1591 	1589
f 1590 	1592 	1593
f 1592 	1595 	1593
# 12 faces

 #end of obj_198

o obj_199
v 76.5 		-39.5 		17.5
v 72.5 		-39.5 		17.5
v 76.5 		-39.5 		16
v 72.5 		-39.5 		16
v 72.5 		-40 		17.5
v 76.5 		-40 		17.5
v 72.5 		-40 		16
v 76.5 		-40 		16
# 8 vertices

g group_199_16089887

usemtl color_16089887
s 0

f 1597 	1599 	1598
f 1599 	1600 	1598
f 1601 	1603 	1602
f 1603 	1604 	1602
f 1601 	1602 	1598
f 1602 	1597 	1598
f 1604 	1603 	1599
f 1603 	1600 	1599
f 1602 	1604 	1597
f 1604 	1599 	1597
f 1598 	1600 	1601
f 1600 	1603 	1601
# 12 faces

 #end of obj_199

o obj_200
v 72 		-35.5 		17.5
v 68 		-35.5 		17.5
v 72 		-35.5 		16
v 68 		-35.5 		16
v 68 		-36 		17.5
v 72 		-36 		17.5
v 68 		-36 		16
v 72 		-36 		16
# 8 vertices

g group_200_16089887

usemtl color_16089887
s 0

f 1605 	1607 	1606
f 1607 	1608 	1606
f 1609 	1611 	1610
f 1611 	1612 	1610
f 1609 	1610 	1606
f 1610 	1605 	1606
f 1612 	1611 	1607
f 1611 	1608 	1607
f 1610 	1612 	1605
f 1612 	1607 	1605
f 1606 	1608 	1609
f 1608 	1611 	1609
# 12 faces

 #end of obj_200

o obj_201
v 67.5 		-39.5 		17.5
v 63.5 		-39.5 		17.5
v 67.5 		-39.5 		16
v 63.5 		-39.5 		16
v 63.5 		-40 		17.5
v 67.5 		-40 		17.5
v 63.5 		-40 		16
v 67.5 		-40 		16
# 8 vertices

g group_201_16089887

usemtl color_16089887
s 0

f 1613 	1615 	1614
f 1615 	1616 	1614
f 1617 	1619 	1618
f 1619 	1620 	1618
f 1617 	1618 	1614
f 1618 	1613 	1614
f 1620 	1619 	1615
f 1619 	1616 	1615
f 1618 	1620 	1613
f 1620 	1615 	1613
f 1614 	1616 	1617
f 1616 	1619 	1617
# 12 faces

 #end of obj_201

o obj_202
v 63 		-35.5 		17.5
v 60.5 		-35.5 		17.5
v 63 		-35.5 		16
v 60.5 		-35.5 		16
v 60.5 		-36 		17.5
v 63 		-36 		17.5
v 60.5 		-36 		16
v 63 		-36 		16
# 8 vertices

g group_202_16089887

usemtl color_16089887
s 0

f 1621 	1623 	1622
f 1623 	1624 	1622
f 1625 	1627 	1626
f 1627 	1628 	1626
f 1625 	1626 	1622
f 1626 	1621 	1622
f 1628 	1627 	1623
f 1627 	1624 	1623
f 1626 	1628 	1621
f 1628 	1623 	1621
f 1622 	1624 	1625
f 1624 	1627 	1625
# 12 faces

 #end of obj_202

o obj_203
v 59.5 		-39.5 		14
v 55.5 		-39.5 		14
v 59.5 		-39.5 		12.5
v 55.5 		-39.5 		12.5
v 55.5 		-40 		14
v 59.5 		-40 		14
v 55.5 		-40 		12.5
v 59.5 		-40 		12.5
# 8 vertices

g group_203_16089887

usemtl color_16089887
s 0

f 1629 	1631 	1630
f 1631 	1632 	1630
f 1633 	1635 	1634
f 1635 	1636 	1634
f 1633 	1634 	1630
f 1634 	1629 	1630
f 1636 	1635 	1631
f 1635 	1632 	1631
f 1634 	1636 	1629
f 1636 	1631 	1629
f 1630 	1632 	1633
f 1632 	1635 	1633
# 12 faces

 #end of obj_203

o obj_204
v 55 		-35.5 		14
v 51 		-35.5 		14
v 55 		-35.5 		12.5
v 51 		-35.5 		12.5
v 51 		-36 		14
v 55 		-36 		14
v 51 		-36 		12.5
v 55 		-36 		12.5
# 8 vertices

g group_204_16089887

usemtl color_16089887
s 0

f 1637 	1639 	1638
f 1639 	1640 	1638
f 1641 	1643 	1642
f 1643 	1644 	1642
f 1641 	1642 	1638
f 1642 	1637 	1638
f 1644 	1643 	1639
f 1643 	1640 	1639
f 1642 	1644 	1637
f 1644 	1639 	1637
f 1638 	1640 	1641
f 1640 	1643 	1641
# 12 faces

 #end of obj_204

o obj_205
v 50.5 		-39.5 		14
v 46.5 		-39.5 		14
v 50.5 		-39.5 		12.5
v 46.5 		-39.5 		12.5
v 46.5 		-40 		14
v 50.5 		-40 		14
v 46.5 		-40 		12.5
v 50.5 		-40 		12.5
# 8 vertices

g group_205_16089887

usemtl color_16089887
s 0

f 1645 	1647 	1646
f 1647 	1648 	1646
f 1649 	1651 	1650
f 1651 	1652 	1650
f 1649 	1650 	1646
f 1650 	1645 	1646
f 1652 	1651 	1647
f 1651 	1648 	1647
f 1650 	1652 	1645
f 1652 	1647 	1645
f 1646 	1648 	1649
f 1648 	1651 	1649
# 12 faces

 #end of obj_205

o obj_206
v 46 		-35.5 		14
v 42 		-35.5 		14
v 46 		-35.5 		12.5
v 42 		-35.5 		12.5
v 42 		-36 		14
v 46 		-36 		14
v 42 		-36 		12.5
v 46 		-36 		12.5
# 8 vertices

g group_206_16089887

usemtl color_16089887
s 0

f 1653 	1655 	1654
f 1655 	1656 	1654
f 1657 	1659 	1658
f 1659 	1660 	1658
f 1657 	1658 	1654
f 1658 	1653 	1654
f 1660 	1659 	1655
f 1659 	1656 	1655
f 1658 	1660 	1653
f 1660 	1655 	1653
f 1654 	1656 	1657
f 1656 	1659 	1657
# 12 faces

 #end of obj_206

o obj_207
v 41.5 		-39.5 		14
v 37.5 		-39.5 		14
v 41.5 		-39.5 		12.5
v 37.5 		-39.5 		12.5
v 37.5 		-40 		14
v 41.5 		-40 		14
v 37.5 		-40 		12.5
v 41.5 		-40 		12.5
# 8 vertices

g group_207_16089887

usemtl color_16089887
s 0

f 1661 	1663 	1662
f 1663 	1664 	1662
f 1665 	1667 	1666
f 1667 	1668 	1666
f 1665 	1666 	1662
f 1666 	1661 	1662
f 1668 	1667 	1663
f 1667 	1664 	1663
f 1666 	1668 	1661
f 1668 	1663 	1661
f 1662 	1664 	1665
f 1664 	1667 	1665
# 12 faces

 #end of obj_207

o obj_208
v 37 		-35.5 		14
v 33 		-35.5 		14
v 37 		-35.5 		12.5
v 33 		-35.5 		12.5
v 33 		-36 		14
v 37 		-36 		14
v 33 		-36 		12.5
v 37 		-36 		12.5
# 8 vertices

g group_208_16089887

usemtl color_16089887
s 0

f 1669 	1671 	1670
f 1671 	1672 	1670
f 1673 	1675 	1674
f 1675 	1676 	1674
f 1673 	1674 	1670
f 1674 	1669 	1670
f 1676 	1675 	1671
f 1675 	1672 	1671
f 1674 	1676 	1669
f 1676 	1671 	1669
f 1670 	1672 	1673
f 1672 	1675 	1673
# 12 faces

 #end of obj_208

o obj_209
v 32.5 		-39.5 		14
v 28.5 		-39.5 		14
v 32.5 		-39.5 		12.5
v 28.5 		-39.5 		12.5
v 28.5 		-40 		14
v 32.5 		-40 		14
v 28.5 		-40 		12.5
v 32.5 		-40 		12.5
# 8 vertices

g group_209_16089887

usemtl color_16089887
s 0

f 1677 	1679 	1678
f 1679 	1680 	1678
f 1681 	1683 	1682
f 1683 	1684 	1682
f 1681 	1682 	1678
f 1682 	1677 	1678
f 1684 	1683 	1679
f 1683 	1680 	1679
f 1682 	1684 	1677
f 1684 	1679 	1677
f 1678 	1680 	1681
f 1680 	1683 	1681
# 12 faces

 #end of obj_209

o obj_210
v 28 		-35.5 		14
v 25 		-35.5 		14
v 28 		-35.5 		12.5
v 25 		-35.5 		12.5
v 25 		-36 		14
v 28 		-36 		14
v 25 		-36 		12.5
v 28 		-36 		12.5
# 8 vertices

g group_210_16089887

usemtl color_16089887
s 0

f 1685 	1687 	1686
f 1687 	1688 	1686
f 1689 	1691 	1690
f 1691 	1692 	1690
f 1689 	1690 	1686
f 1690 	1685 	1686
f 1692 	1691 	1687
f 1691 	1688 	1687
f 1690 	1692 	1685
f 1692 	1687 	1685
f 1686 	1688 	1689
f 1688 	1691 	1689
# 12 faces

 #end of obj_210

o obj_211
v 24 		-39.5 		14
v 20 		-39.5 		14
v 24 		-39.5 		12.5
v 20 		-39.5 		12.5
v 20 		-40 		14
v 24 		-40 		14
v 20 		-40 		12.5
v 24 		-40 		12.5
# 8 vertices

g group_211_16089887

usemtl color_16089887
s 0

f 1693 	1695 	1694
f 1695 	1696 	1694
f 1697 	1699 	1698
f 1699 	1700 	1698
f 1697 	1698 	1694
f 1698 	1693 	1694
f 1700 	1699 	1695
f 1699 	1696 	1695
f 1698 	1700 	1693
f 1700 	1695 	1693
f 1694 	1696 	1697
f 1696 	1699 	1697
# 12 faces

 #end of obj_211

o obj_212
v 19.5 		-35.5 		14
v 15.5 		-35.5 		14
v 19.5 		-35.5 		12.5
v 15.5 		-35.5 		12.5
v 15.5 		-36 		14
v 19.5 		-36 		14
v 15.5 		-36 		12.5
v 19.5 		-36 		12.5
# 8 vertices

g group_212_16089887

usemtl color_16089887
s 0

f 1701 	1703 	1702
f 1703 	1704 	1702
f 1705 	1707 	1706
f 1707 	1708 	1706
f 1705 	1706 	1702
f 1706 	1701 	1702
f 1708 	1707 	1703
f 1707 	1704 	1703
f 1706 	1708 	1701
f 1708 	1703 	1701
f 1702 	1704 	1705
f 1704 	1707 	1705
# 12 faces

 #end of obj_212

o obj_213
v 15 		-39.5 		14
v 11 		-39.5 		14
v 15 		-39.5 		12.5
v 11 		-39.5 		12.5
v 11 		-40 		14
v 15 		-40 		14
v 11 		-40 		12.5
v 15 		-40 		12.5
# 8 vertices

g group_213_16089887

usemtl color_16089887
s 0

f 1709 	1711 	1710
f 1711 	1712 	1710
f 1713 	1715 	1714
f 1715 	1716 	1714
f 1713 	1714 	1710
f 1714 	1709 	1710
f 1716 	1715 	1711
f 1715 	1712 	1711
f 1714 	1716 	1709
f 1716 	1711 	1709
f 1710 	1712 	1713
f 1712 	1715 	1713
# 12 faces

 #end of obj_213

o obj_214
v 10.5 		-35.5 		14
v 6.5 		-35.5 		14
v 10.5 		-35.5 		12.5
v 6.5 		-35.5 		12.5
v 6.5 		-36 		14
v 10.5 		-36 		14
v 6.5 		-36 		12.5
v 10.5 		-36 		12.5
# 8 vertices

g group_214_16089887

usemtl color_16089887
s 0

f 1717 	1719 	1718
f 1719 	1720 	1718
f 1721 	1723 	1722
f 1723 	1724 	1722
f 1721 	1722 	1718
f 1722 	1717 	1718
f 1724 	1723 	1719
f 1723 	1720 	1719
f 1722 	1724 	1717
f 1724 	1719 	1717
f 1718 	1720 	1721
f 1720 	1723 	1721
# 12 faces

 #end of obj_214

o obj_215
v 6 		-39.5 		14
v 2 		-39.5 		14
v 6 		-39.5 		12.5
v 2 		-39.5 		12.5
v 2 		-40 		14
v 6 		-40 		14
v 2 		-40 		12.5
v 6 		-40 		12.5
# 8 vertices

g group_215_16089887

usemtl color_16089887
s 0

f 1725 	1727 	1726
f 1727 	1728 	1726
f 1729 	1731 	1730
f 1731 	1732 	1730
f 1729 	1730 	1726
f 1730 	1725 	1726
f 1732 	1731 	1727
f 1731 	1728 	1727
f 1730 	1732 	1725
f 1732 	1727 	1725
f 1726 	1728 	1729
f 1728 	1731 	1729
# 12 faces

 #end of obj_215

o obj_216
v 1.5 		-35.5 		14
v 0 		-35.5 		14
v 1.5 		-35.5 		12.5
v 0 		-35.5 		12.5
v 0 		-36 		14
v 1.5 		-36 		14
v 0 		-36 		12.5
v 1.5 		-36 		12.5
# 8 vertices

g group_216_16089887

usemtl color_16089887
s 0

f 1733 	1735 	1734
f 1735 	1736 	1734
f 1737 	1739 	1738
f 1739 	1740 	1738
f 1737 	1738 	1734
f 1738 	1733 	1734
f 1740 	1739 	1735
f 1739 	1736 	1735
f 1738 	1740 	1733
f 1740 	1735 	1733
f 1734 	1736 	1737
f 1736 	1739 	1737
# 12 faces

 #end of obj_216

o obj_217
v 98 		-60.5 		17.5
v 94.5 		-60.5 		17.5
v 98 		-60.5 		16
v 94.5 		-60.5 		16
v 94.5 		-61 		17.5
v 98 		-61 		17.5
v 94.5 		-61 		16
v 98 		-61 		16
# 8 vertices

g group_217_16089887

usemtl color_16089887
s 0

f 1741 	1743 	1742
f 1743 	1744 	1742
f 1745 	1747 	1746
f 1747 	1748 	1746
f 1745 	1746 	1742
f 1746 	1741 	1742
f 1748 	1747 	1743
f 1747 	1744 	1743
f 1746 	1748 	1741
f 1748 	1743 	1741
f 1742 	1744 	1745
f 1744 	1747 	1745
# 12 faces

 #end of obj_217

o obj_218
v 94 		-64.5 		17.5
v 90.5 		-64.5 		17.5
v 94 		-64.5 		16
v 90.5 		-64.5 		16
v 90.5 		-65 		17.5
v 94 		-65 		17.5
v 90.5 		-65 		16
v 94 		-65 		16
# 8 vertices

g group_218_16089887

usemtl color_16089887
s 0

f 1749 	1751 	1750
f 1751 	1752 	1750
f 1753 	1755 	1754
f 1755 	1756 	1754
f 1753 	1754 	1750
f 1754 	1749 	1750
f 1756 	1755 	1751
f 1755 	1752 	1751
f 1754 	1756 	1749
f 1756 	1751 	1749
f 1750 	1752 	1753
f 1752 	1755 	1753
# 12 faces

 #end of obj_218

o obj_219
v 89.5 		-60.5 		17.5
v 85.5 		-60.5 		17.5
v 89.5 		-60.5 		16
v 85.5 		-60.5 		16
v 85.5 		-61 		17.5
v 89.5 		-61 		17.5
v 85.5 		-61 		16
v 89.5 		-61 		16
# 8 vertices

g group_219_16089887

usemtl color_16089887
s 0

f 1757 	1759 	1758
f 1759 	1760 	1758
f 1761 	1763 	1762
f 1763 	1764 	1762
f 1761 	1762 	1758
f 1762 	1757 	1758
f 1764 	1763 	1759
f 1763 	1760 	1759
f 1762 	1764 	1757
f 1764 	1759 	1757
f 1758 	1760 	1761
f 1760 	1763 	1761
# 12 faces

 #end of obj_219

o obj_220
v 85 		-64.5 		17.5
v 81 		-64.5 		17.5
v 85 		-64.5 		16
v 81 		-64.5 		16
v 81 		-65 		17.5
v 85 		-65 		17.5
v 81 		-65 		16
v 85 		-65 		16
# 8 vertices

g group_220_16089887

usemtl color_16089887
s 0

f 1765 	1767 	1766
f 1767 	1768 	1766
f 1769 	1771 	1770
f 1771 	1772 	1770
f 1769 	1770 	1766
f 1770 	1765 	1766
f 1772 	1771 	1767
f 1771 	1768 	1767
f 1770 	1772 	1765
f 1772 	1767 	1765
f 1766 	1768 	1769
f 1768 	1771 	1769
# 12 faces

 #end of obj_220

o obj_221
v 80.5 		-60.5 		17.5
v 77.5 		-60.5 		17.5
v 80.5 		-60.5 		16
v 77.5 		-60.5 		16
v 77.5 		-61 		17.5
v 80.5 		-61 		17.5
v 77.5 		-61 		16
v 80.5 		-61 		16
# 8 vertices

g group_221_16089887

usemtl color_16089887
s 0

f 1773 	1775 	1774
f 1775 	1776 	1774
f 1777 	1779 	1778
f 1779 	1780 	1778
f 1777 	1778 	1774
f 1778 	1773 	1774
f 1780 	1779 	1775
f 1779 	1776 	1775
f 1778 	1780 	1773
f 1780 	1775 	1773
f 1774 	1776 	1777
f 1776 	1779 	1777
# 12 faces

 #end of obj_221

o obj_222
v 76.5 		-64.5 		17.5
v 72.5 		-64.5 		17.5
v 76.5 		-64.5 		16
v 72.5 		-64.5 		16
v 72.5 		-65 		17.5
v 76.5 		-65 		17.5
v 72.5 		-65 		16
v 76.5 		-65 		16
# 8 vertices

g group_222_16089887

usemtl color_16089887
s 0

f 1781 	1783 	1782
f 1783 	1784 	1782
f 1785 	1787 	1786
f 1787 	1788 	1786
f 1785 	1786 	1782
f 1786 	1781 	1782
f 1788 	1787 	1783
f 1787 	1784 	1783
f 1786 	1788 	1781
f 1788 	1783 	1781
f 1782 	1784 	1785
f 1784 	1787 	1785
# 12 faces

 #end of obj_222

o obj_223
v 72 		-60.5 		17.5
v 68 		-60.5 		17.5
v 72 		-60.5 		16
v 68 		-60.5 		16
v 68 		-61 		17.5
v 72 		-61 		17.5
v 68 		-61 		16
v 72 		-61 		16
# 8 vertices

g group_223_16089887

usemtl color_16089887
s 0

f 1789 	1791 	1790
f 1791 	1792 	1790
f 1793 	1795 	1794
f 1795 	1796 	1794
f 1793 	1794 	1790
f 1794 	1789 	1790
f 1796 	1795 	1791
f 1795 	1792 	1791
f 1794 	1796 	1789
f 1796 	1791 	1789
f 1790 	1792 	1793
f 1792 	1795 	1793
# 12 faces

 #end of obj_223

o obj_224
v 67.5 		-64.5 		17.5
v 63.5 		-64.5 		17.5
v 67.5 		-64.5 		16
v 63.5 		-64.5 		16
v 63.5 		-65 		17.5
v 67.5 		-65 		17.5
v 63.5 		-65 		16
v 67.5 		-65 		16
# 8 vertices

g group_224_16089887

usemtl color_16089887
s 0

f 1797 	1799 	1798
f 1799 	1800 	1798
f 1801 	1803 	1802
f 1803 	1804 	1802
f 1801 	1802 	1798
f 1802 	1797 	1798
f 1804 	1803 	1799
f 1803 	1800 	1799
f 1802 	1804 	1797
f 1804 	1799 	1797
f 1798 	1800 	1801
f 1800 	1803 	1801
# 12 faces

 #end of obj_224

o obj_225
v 63 		-60.5 		17.5
v 60.5 		-60.5 		17.5
v 63 		-60.5 		16
v 60.5 		-60.5 		16
v 60.5 		-61 		17.5
v 63 		-61 		17.5
v 60.5 		-61 		16
v 63 		-61 		16
# 8 vertices

g group_225_16089887

usemtl color_16089887
s 0

f 1805 	1807 	1806
f 1807 	1808 	1806
f 1809 	1811 	1810
f 1811 	1812 	1810
f 1809 	1810 	1806
f 1810 	1805 	1806
f 1812 	1811 	1807
f 1811 	1808 	1807
f 1810 	1812 	1805
f 1812 	1807 	1805
f 1806 	1808 	1809
f 1808 	1811 	1809
# 12 faces

 #end of obj_225

o obj_226
v 59.5 		-64.5 		14
v 55.5 		-64.5 		14
v 59.5 		-64.5 		12.5
v 55.5 		-64.5 		12.5
v 55.5 		-65 		14
v 59.5 		-65 		14
v 55.5 		-65 		12.5
v 59.5 		-65 		12.5
# 8 vertices

g group_226_16089887

usemtl color_16089887
s 0

f 1813 	1815 	1814
f 1815 	1816 	1814
f 1817 	1819 	1818
f 1819 	1820 	1818
f 1817 	1818 	1814
f 1818 	1813 	1814
f 1820 	1819 	1815
f 1819 	1816 	1815
f 1818 	1820 	1813
f 1820 	1815 	1813
f 1814 	1816 	1817
f 1816 	1819 	1817
# 12 faces

 #end of obj_226

o obj_227
v 55 		-60.5 		14
v 51 		-60.5 		14
v 55 		-60.5 		12.5
v 51 		-60.5 		12.5
v 51 		-61 		14
v 55 		-61 		14
v 51 		-61 		12.5
v 55 		-61 		12.5
# 8 vertices

g group_227_16089887

usemtl color_16089887
s 0

f 1821 	1823 	1822
f 1823 	1824 	1822
f 1825 	1827 	1826
f 1827 	1828 	1826
f 1825 	1826 	1822
f 1826 	1821 	1822
f 1828 	1827 	1823
f 1827 	1824 	1823
f 1826 	1828 	1821
f 1828 	1823 	1821
f 1822 	1824 	1825
f 1824 	1827 	1825
# 12 faces

 #end of obj_227

o obj_228
v 50.5 		-64.5 		14
v 46.5 		-64.5 		14
v 50.5 		-64.5 		12.5
v 46.5 		-64.5 		12.5
v 46.5 		-65 		14
v 50.5 		-65 		14
v 46.5 		-65 		12.5
v 50.5 		-65 		12.5
# 8 vertices

g group_228_16089887

usemtl color_16089887
s 0

f 1829 	1831 	1830
f 1831 	1832 	1830
f 1833 	1835 	1834
f 1835 	1836 	1834
f 1833 	1834 	1830
f 1834 	1829 	1830
f 1836 	1835 	1831
f 1835 	1832 	1831
f 1834 	1836 	1829
f 1836 	1831 	1829
f 1830 	1832 	1833
f 1832 	1835 	1833
# 12 faces

 #end of obj_228

o obj_229
v 46 		-60.5 		14
v 42 		-60.5 		14
v 46 		-60.5 		12.5
v 42 		-60.5 		12.5
v 42 		-61 		14
v 46 		-61 		14
v 42 		-61 		12.5
v 46 		-61 		12.5
# 8 vertices

g group_229_16089887

usemtl color_16089887
s 0

f 1837 	1839 	1838
f 1839 	1840 	1838
f 1841 	1843 	1842
f 1843 	1844 	1842
f 1841 	1842 	1838
f 1842 	1837 	1838
f 1844 	1843 	1839
f 1843 	1840 	1839
f 1842 	1844 	1837
f 1844 	1839 	1837
f 1838 	1840 	1841
f 1840 	1843 	1841
# 12 faces

 #end of obj_229

o obj_230
v 41.5 		-64.5 		14
v 37.5 		-64.5 		14
v 41.5 		-64.5 		12.5
v 37.5 		-64.5 		12.5
v 37.5 		-65 		14
v 41.5 		-65 		14
v 37.5 		-65 		12.5
v 41.5 		-65 		12.5
# 8 vertices

g group_230_16089887

usemtl color_16089887
s 0

f 1845 	1847 	1846
f 1847 	1848 	1846
f 1849 	1851 	1850
f 1851 	1852 	1850
f 1849 	1850 	1846
f 1850 	1845 	1846
f 1852 	1851 	1847
f 1851 	1848 	1847
f 1850 	1852 	1845
f 1852 	1847 	1845
f 1846 	1848 	1849
f 1848 	1851 	1849
# 12 faces

 #end of obj_230

o obj_231
v 37 		-60.5 		14
v 33 		-60.5 		14
v 37 		-60.5 		12.5
v 33 		-60.5 		12.5
v 33 		-61 		14
v 37 		-61 		14
v 33 		-61 		12.5
v 37 		-61 		12.5
# 8 vertices

g group_231_16089887

usemtl color_16089887
s 0

f 1853 	1855 	1854
f 1855 	1856 	1854
f 1857 	1859 	1858
f 1859 	1860 	1858
f 1857 	1858 	1854
f 1858 	1853 	1854
f 1860 	1859 	1855
f 1859 	1856 	1855
f 1858 	1860 	1853
f 1860 	1855 	1853
f 1854 	1856 	1857
f 1856 	1859 	1857
# 12 faces

 #end of obj_231

o obj_232
v 32.5 		-64.5 		14
v 28.5 		-64.5 		14
v 32.5 		-64.5 		12.5
v 28.5 		-64.5 		12.5
v 28.5 		-65 		14
v 32.5 		-65 		14
v 28.5 		-65 		12.5
v 32.5 		-65 		12.5
# 8 vertices

g group_232_16089887

usemtl color_16089887
s 0

f 1861 	1863 	1862
f 1863 	1864 	1862
f 1865 	1867 	1866
f 1867 	1868 	1866
f 1865 	1866 	1862
f 1866 	1861 	1862
f 1868 	1867 	1863
f 1867 	1864 	1863
f 1866 	1868 	1861
f 1868 	1863 	1861
f 1862 	1864 	1865
f 1864 	1867 	1865
# 12 faces

 #end of obj_232

o obj_233
v 28 		-60.5 		14
v 25 		-60.5 		14
v 28 		-60.5 		12.5
v 25 		-60.5 		12.5
v 25 		-61 		14
v 28 		-61 		14
v 25 		-61 		12.5
v 28 		-61 		12.5
# 8 vertices

g group_233_16089887

usemtl color_16089887
s 0

f 1869 	1871 	1870
f 1871 	1872 	1870
f 1873 	1875 	1874
f 1875 	1876 	1874
f 1873 	1874 	1870
f 1874 	1869 	1870
f 1876 	1875 	1871
f 1875 	1872 	1871
f 1874 	1876 	1869
f 1876 	1871 	1869
f 1870 	1872 	1873
f 1872 	1875 	1873
# 12 faces

 #end of obj_233

o obj_234
v 24 		-64.5 		14
v 20 		-64.5 		14
v 24 		-64.5 		12.5
v 20 		-64.5 		12.5
v 20 		-65 		14
v 24 		-65 		14
v 20 		-65 		12.5
v 24 		-65 		12.5
# 8 vertices

g group_234_16089887

usemtl color_16089887
s 0

f 1877 	1879 	1878
f 1879 	1880 	1878
f 1881 	1883 	1882
f 1883 	1884 	1882
f 1881 	1882 	1878
f 1882 	1877 	1878
f 1884 	1883 	1879
f 1883 	1880 	1879
f 1882 	1884 	1877
f 1884 	1879 	1877
f 1878 	1880 	1881
f 1880 	1883 	1881
# 12 faces

 #end of obj_234

o obj_235
v 19.5 		-60.5 		14
v 15.5 		-60.5 		14
v 19.5 		-60.5 		12.5
v 15.5 		-60.5 		12.5
v 15.5 		-61 		14
v 19.5 		-61 		14
v 15.5 		-61 		12.5
v 19.5 		-61 		12.5
# 8 vertices

g group_235_16089887

usemtl color_16089887
s 0

f 1885 	1887 	1886
f 1887 	1888 	1886
f 1889 	1891 	1890
f 1891 	1892 	1890
f 1889 	1890 	1886
f 1890 	1885 	1886
f 1892 	1891 	1887
f 1891 	1888 	1887
f 1890 	1892 	1885
f 1892 	1887 	1885
f 1886 	1888 	1889
f 1888 	1891 	1889
# 12 faces

 #end of obj_235

o obj_236
v 15 		-64.5 		14
v 11 		-64.5 		14
v 15 		-64.5 		12.5
v 11 		-64.5 		12.5
v 11 		-65 		14
v 15 		-65 		14
v 11 		-65 		12.5
v 15 		-65 		12.5
# 8 vertices

g group_236_16089887

usemtl color_16089887
s 0

f 1893 	1895 	1894
f 1895 	1896 	1894
f 1897 	1899 	1898
f 1899 	1900 	1898
f 1897 	1898 	1894
f 1898 	1893 	1894
f 1900 	1899 	1895
f 1899 	1896 	1895
f 1898 	1900 	1893
f 1900 	1895 	1893
f 1894 	1896 	1897
f 1896 	1899 	1897
# 12 faces

 #end of obj_236

o obj_237
v 10.5 		-60.5 		14
v 6.5 		-60.5 		14
v 10.5 		-60.5 		12.5
v 6.5 		-60.5 		12.5
v 6.5 		-61 		14
v 10.5 		-61 		14
v 6.5 		-61 		12.5
v 10.5 		-61 		12.5
# 8 vertices

g group_237_16089887

usemtl color_16089887
s 0

f 1901 	1903 	1902
f 1903 	1904 	1902
f 1905 	1907 	1906
f 1907 	1908 	1906
f 1905 	1906 	1902
f 1906 	1901 	1902
f 1908 	1907 	1903
f 1907 	1904 	1903
f 1906 	1908 	1901
f 1908 	1903 	1901
f 1902 	1904 	1905
f 1904 	1907 	1905
# 12 faces

 #end of obj_237

o obj_238
v 6 		-64.5 		14
v 2 		-64.5 		14
v 6 		-64.5 		12.5
v 2 		-64.5 		12.5
v 2 		-65 		14
v 6 		-65 		14
v 2 		-65 		12.5
v 6 		-65 		12.5
# 8 vertices

g group_238_16089887

usemtl color_16089887
s 0

f 1909 	1911 	1910
f 1911 	1912 	1910
f 1913 	1915 	1914
f 1915 	1916 	1914
f 1913 	1914 	1910
f 1914 	1909 	1910
f 1916 	1915 	1911
f 1915 	1912 	1911
f 1914 	1916 	1909
f 1916 	1911 	1909
f 1910 	1912 	1913
f 1912 	1915 	1913
# 12 faces

 #end of obj_238

o obj_239
v 1.5 		-60.5 		14
v 0 		-60.5 		14
v 1.5 		-60.5 		12.5
v 0 		-60.5 		12.5
v 0 		-61 		14
v 1.5 		-61 		14
v 0 		-61 		12.5
v 1.5 		-61 		12.5
# 8 vertices

g group_239_16089887

usemtl color_16089887
s 0

f 1917 	1919 	1918
f 1919 	1920 	1918
f 1921 	1923 	1922
f 1923 	1924 	1922
f 1921 	1922 	1918
f 1922 	1917 	1918
f 1924 	1923 	1919
f 1923 	1920 	1919
f 1922 	1924 	1917
f 1924 	1919 	1917
f 1918 	1920 	1921
f 1920 	1923 	1921
# 12 faces

 #end of obj_239

o obj_240
v 98 		-85.5 		17.5
v 94.5 		-85.5 		17.5
v 98 		-85.5 		16
v 94.5 		-85.5 		16
v 94.5 		-86 		17.5
v 98 		-86 		17.5
v 94.5 		-86 		16
v 98 		-86 		16
# 8 vertices

g group_240_16089887

usemtl color_16089887
s 0

f 1925 	1927 	1926
f 1927 	1928 	1926
f 1929 	1931 	1930
f 1931 	1932 	1930
f 1929 	1930 	1926
f 1930 	1925 	1926
f 1932 	1931 	1927
f 1931 	1928 	1927
f 1930 	1932 	1925
f 1932 	1927 	1925
f 1926 	1928 	1929
f 1928 	1931 	1929
# 12 faces

 #end of obj_240

o obj_241
v 94 		-89.5 		17.5
v 90 		-89.5 		17.5
v 94 		-89.5 		16
v 90 		-89.5 		16
v 90 		-90 		17.5
v 94 		-90 		17.5
v 90 		-90 		16
v 94 		-90 		16
# 8 vertices

g group_241_16089887

usemtl color_16089887
s 0

f 1933 	1935 	1934
f 1935 	1936 	1934
f 1937 	1939 	1938
f 1939 	1940 	1938
f 1937 	1938 	1934
f 1938 	1933 	1934
f 1940 	1939 	1935
f 1939 	1936 	1935
f 1938 	1940 	1933
f 1940 	1935 	1933
f 1934 	1936 	1937
f 1936 	1939 	1937
# 12 faces

 #end of obj_241

o obj_242
v 89.5 		-85.5 		17.5
v 85.5 		-85.5 		17.5
v 89.5 		-85.5 		16
v 85.5 		-85.5 		16
v 85.5 		-86 		17.5
v 89.5 		-86 		17.5
v 85.5 		-86 		16
v 89.5 		-86 		16
# 8 vertices

g group_242_16089887

usemtl color_16089887
s 0

f 1941 	1943 	1942
f 1943 	1944 	1942
f 1945 	1947 	1946
f 1947 	1948 	1946
f 1945 	1946 	1942
f 1946 	1941 	1942
f 1948 	1947 	1943
f 1947 	1944 	1943
f 1946 	1948 	1941
f 1948 	1943 	1941
f 1942 	1944 	1945
f 1944 	1947 	1945
# 12 faces

 #end of obj_242

o obj_243
v 85 		-89.5 		17.5
v 81 		-89.5 		17.5
v 85 		-89.5 		16
v 81 		-89.5 		16
v 81 		-90 		17.5
v 85 		-90 		17.5
v 81 		-90 		16
v 85 		-90 		16
# 8 vertices

g group_243_16089887

usemtl color_16089887
s 0

f 1949 	1951 	1950
f 1951 	1952 	1950
f 1953 	1955 	1954
f 1955 	1956 	1954
f 1953 	1954 	1950
f 1954 	1949 	1950
f 1956 	1955 	1951
f 1955 	1952 	1951
f 1954 	1956 	1949
f 1956 	1951 	1949
f 1950 	1952 	1953
f 1952 	1955 	1953
# 12 faces

 #end of obj_243

o obj_244
v 80.5 		-85.5 		17.5
v 77.5 		-85.5 		17.5
v 80.5 		-85.5 		16
v 77.5 		-85.5 		16
v 77.5 		-86 		17.5
v 80.5 		-86 		17.5
v 77.5 		-86 		16
v 80.5 		-86 		16
# 8 vertices

g group_244_16089887

usemtl color_16089887
s 0

f 1957 	1959 	1958
f 1959 	1960 	1958
f 1961 	1963 	1962
f 1963 	1964 	1962
f 1961 	1962 	1958
f 1962 	1957 	1958
f 1964 	1963 	1959
f 1963 	1960 	1959
f 1962 	1964 	1957
f 1964 	1959 	1957
f 1958 	1960 	1961
f 1960 	1963 	1961
# 12 faces

 #end of obj_244

o obj_245
v 76.5 		-89.5 		17.5
v 72.5 		-89.5 		17.5
v 76.5 		-89.5 		16
v 72.5 		-89.5 		16
v 72.5 		-90 		17.5
v 76.5 		-90 		17.5
v 72.5 		-90 		16
v 76.5 		-90 		16
# 8 vertices

g group_245_16089887

usemtl color_16089887
s 0

f 1965 	1967 	1966
f 1967 	1968 	1966
f 1969 	1971 	1970
f 1971 	1972 	1970
f 1969 	1970 	1966
f 1970 	1965 	1966
f 1972 	1971 	1967
f 1971 	1968 	1967
f 1970 	1972 	1965
f 1972 	1967 	1965
f 1966 	1968 	1969
f 1968 	1971 	1969
# 12 faces

 #end of obj_245

o obj_246
v 72 		-85.5 		17.5
v 68 		-85.5 		17.5
v 72 		-85.5 		16
v 68 		-85.5 		16
v 68 		-86 		17.5
v 72 		-86 		17.5
v 68 		-86 		16
v 72 		-86 		16
# 8 vertices

g group_246_16089887

usemtl color_16089887
s 0

f 1973 	1975 	1974
f 1975 	1976 	1974
f 1977 	1979 	1978
f 1979 	1980 	1978
f 1977 	1978 	1974
f 1978 	1973 	1974
f 1980 	1979 	1975
f 1979 	1976 	1975
f 1978 	1980 	1973
f 1980 	1975 	1973
f 1974 	1976 	1977
f 1976 	1979 	1977
# 12 faces

 #end of obj_246

o obj_247
v 67.5 		-89.5 		17.5
v 63.5 		-89.5 		17.5
v 67.5 		-89.5 		16
v 63.5 		-89.5 		16
v 63.5 		-90 		17.5
v 67.5 		-90 		17.5
v 63.5 		-90 		16
v 67.5 		-90 		16
# 8 vertices

g group_247_16089887

usemtl color_16089887
s 0

f 1981 	1983 	1982
f 1983 	1984 	1982
f 1985 	1987 	1986
f 1987 	1988 	1986
f 1985 	1986 	1982
f 1986 	1981 	1982
f 1988 	1987 	1983
f 1987 	1984 	1983
f 1986 	1988 	1981
f 1988 	1983 	1981
f 1982 	1984 	1985
f 1984 	1987 	1985
# 12 faces

 #end of obj_247

o obj_248
v 63 		-85.5 		17.5
v 60.5 		-85.5 		17.5
v 63 		-85.5 		16
v 60.5 		-85.5 		16
v 60.5 		-86 		17.5
v 63 		-86 		17.5
v 60.5 		-86 		16
v 63 		-86 		16
# 8 vertices

g group_248_16089887

usemtl color_16089887
s 0

f 1989 	1991 	1990
f 1991 	1992 	1990
f 1993 	1995 	1994
f 1995 	1996 	1994
f 1993 	1994 	1990
f 1994 	1989 	1990
f 1996 	1995 	1991
f 1995 	1992 	1991
f 1994 	1996 	1989
f 1996 	1991 	1989
f 1990 	1992 	1993
f 1992 	1995 	1993
# 12 faces

 #end of obj_248

o obj_249
v 59.5 		-89.5 		14
v 55.5 		-89.5 		14
v 59.5 		-89.5 		12.5
v 55.5 		-89.5 		12.5
v 55.5 		-90 		14
v 59.5 		-90 		14
v 55.5 		-90 		12.5
v 59.5 		-90 		12.5
# 8 vertices

g group_249_16089887

usemtl color_16089887
s 0

f 1997 	1999 	1998
f 1999 	2000 	1998
f 2001 	2003 	2002
f 2003 	2004 	2002
f 2001 	2002 	1998
f 2002 	1997 	1998
f 2004 	2003 	1999
f 2003 	2000 	1999
f 2002 	2004 	1997
f 2004 	1999 	1997
f 1998 	2000 	2001
f 2000 	2003 	2001
# 12 faces

 #end of obj_249

o obj_250
v 55 		-85.5 		14
v 51 		-85.5 		14
v 55 		-85.5 		12.5
v 51 		-85.5 		12.5
v 51 		-86 		14
v 55 		-86 		14
v 51 		-86 		12.5
v 55 		-86 		12.5
# 8 vertices

g group_250_16089887

usemtl color_16089887
s 0

f 2005 	2007 	2006
f 2007 	2008 	2006
f 2009 	2011 	2010
f 2011 	2012 	2010
f 2009 	2010 	2006
f 2010 	2005 	2006
f 2012 	2011 	2007
f 2011 	2008 	2007
f 2010 	2012 	2005
f 2012 	2007 	2005
f 2006 	2008 	2009
f 2008 	2011 	2009
# 12 faces

 #end of obj_250

o obj_251
v 50.5 		-89.5 		14
v 46.5 		-89.5 		14
v 50.5 		-89.5 		12.5
v 46.5 		-89.5 		12.5
v 46.5 		-90 		14
v 50.5 		-90 		14
v 46.5 		-90 		12.5
v 50.5 		-90 		12.5
# 8 vertices

g group_251_16089887

usemtl color_16089887
s 0

f 2013 	2015 	2014
f 2015 	2016 	2014
f 2017 	2019 	2018
f 2019 	2020 	2018
f 2017 	2018 	2014
f 2018 	2013 	2014
f 2020 	2019 	2015
f 2019 	2016 	2015
f 2018 	2020 	2013
f 2020 	2015 	2013
f 2014 	2016 	2017
f 2016 	2019 	2017
# 12 faces

 #end of obj_251

o obj_252
v 46 		-85.5 		14
v 42 		-85.5 		14
v 46 		-85.5 		12.5
v 42 		-85.5 		12.5
v 42 		-86 		14
v 46 		-86 		14
v 42 		-86 		12.5
v 46 		-86 		12.5
# 8 vertices

g group_252_16089887

usemtl color_16089887
s 0

f 2021 	2023 	2022
f 2023 	2024 	2022
f 2025 	2027 	2026
f 2027 	2028 	2026
f 2025 	2026 	2022
f 2026 	2021 	2022
f 2028 	2027 	2023
f 2027 	2024 	2023
f 2026 	2028 	2021
f 2028 	2023 	2021
f 2022 	2024 	2025
f 2024 	2027 	2025
# 12 faces

 #end of obj_252

o obj_253
v 41.5 		-89.5 		14
v 37.5 		-89.5 		14
v 41.5 		-89.5 		12.5
v 37.5 		-89.5 		12.5
v 37.5 		-90 		14
v 41.5 		-90 		14
v 37.5 		-90 		12.5
v 41.5 		-90 		12.5
# 8 vertices

g group_253_16089887

usemtl color_16089887
s 0

f 2029 	2031 	2030
f 2031 	2032 	2030
f 2033 	2035 	2034
f 2035 	2036 	2034
f 2033 	2034 	2030
f 2034 	2029 	2030
f 2036 	2035 	2031
f 2035 	2032 	2031
f 2034 	2036 	2029
f 2036 	2031 	2029
f 2030 	2032 	2033
f 2032 	2035 	2033
# 12 faces

 #end of obj_253

o obj_254
v 37 		-85.5 		14
v 33 		-85.5 		14
v 37 		-85.5 		12.5
v 33 		-85.5 		12.5
v 33 		-86 		14
v 37 		-86 		14
v 33 		-86 		12.5
v 37 		-86 		12.5
# 8 vertices

g group_254_16089887

usemtl color_16089887
s 0

f 2037 	2039 	2038
f 2039 	2040 	2038
f 2041 	2043 	2042
f 2043 	2044 	2042
f 2041 	2042 	2038
f 2042 	2037 	2038
f 2044 	2043 	2039
f 2043 	2040 	2039
f 2042 	2044 	2037
f 2044 	2039 	2037
f 2038 	2040 	2041
f 2040 	2043 	2041
# 12 faces

 #end of obj_254

o obj_255
v 32.5 		-89.5 		14
v 28.5 		-89.5 		14
v 32.5 		-89.5 		12.5
v 28.5 		-89.5 		12.5
v 28.5 		-90 		14
v 32.5 		-90 		14
v 28.5 		-90 		12.5
v 32.5 		-90 		12.5
# 8 vertices

g group_255_16089887

usemtl color_16089887
s 0

f 2045 	2047 	2046
f 2047 	2048 	2046
f 2049 	2051 	2050
f 2051 	2052 	2050
f 2049 	2050 	2046
f 2050 	2045 	2046
f 2052 	2051 	2047
f 2051 	2048 	2047
f 2050 	2052 	2045
f 2052 	2047 	2045
f 2046 	2048 	2049
f 2048 	2051 	2049
# 12 faces

 #end of obj_255

o obj_256
v 28 		-85.5 		14
v 25 		-85.5 		14
v 28 		-85.5 		12.5
v 25 		-85.5 		12.5
v 25 		-86 		14
v 28 		-86 		14
v 25 		-86 		12.5
v 28 		-86 		12.5
# 8 vertices

g group_256_16089887

usemtl color_16089887
s 0

f 2053 	2055 	2054
f 2055 	2056 	2054
f 2057 	2059 	2058
f 2059 	2060 	2058
f 2057 	2058 	2054
f 2058 	2053 	2054
f 2060 	2059 	2055
f 2059 	2056 	2055
f 2058 	2060 	2053
f 2060 	2055 	2053
f 2054 	2056 	2057
f 2056 	2059 	2057
# 12 faces

 #end of obj_256

o obj_257
v 24 		-89.5 		14
v 20 		-89.5 		14
v 24 		-89.5 		12.5
v 20 		-89.5 		12.5
v 20 		-90 		14
v 24 		-90 		14
v 20 		-90 		12.5
v 24 		-90 		12.5
# 8 vertices

g group_257_16089887

usemtl color_16089887
s 0

f 2061 	2063 	2062
f 2063 	2064 	2062
f 2065 	2067 	2066
f 2067 	2068 	2066
f 2065 	2066 	2062
f 2066 	2061 	2062
f 2068 	2067 	2063
f 2067 	2064 	2063
f 2066 	2068 	2061
f 2068 	2063 	2061
f 2062 	2064 	2065
f 2064 	2067 	2065
# 12 faces

 #end of obj_257

o obj_258
v 19.5 		-85.5 		14
v 15.5 		-85.5 		14
v 19.5 		-85.5 		12.5
v 15.5 		-85.5 		12.5
v 15.5 		-86 		14
v 19.5 		-86 		14
v 15.5 		-86 		12.5
v 19.5 		-86 		12.5
# 8 vertices

g group_258_16089887

usemtl color_16089887
s 0

f 2069 	2071 	2070
f 2071 	2072 	2070
f 2073 	2075 	2074
f 2075 	2076 	2074
f 2073 	2074 	2070
f 2074 	2069 	2070
f 2076 	2075 	2071
f 2075 	2072 	2071
f 2074 	2076 	2069
f 2076 	2071 	2069
f 2070 	2072 	2073
f 2072 	2075 	2073
# 12 faces

 #end of obj_258

o obj_259
v 15 		-89.5 		14
v 11 		-89.5 		14
v 15 		-89.5 		12.5
v 11 		-89.5 		12.5
v 11 		-90 		14
v 15 		-90 		14
v 11 		-90 		12.5
v 15 		-90 		12.5
# 8 vertices

g group_259_16089887

usemtl color_16089887
s 0

f 2077 	2079 	2078
f 2079 	2080 	2078
f 2081 	2083 	2082
f 2083 	2084 	2082
f 2081 	2082 	2078
f 2082 	2077 	2078
f 2084 	2083 	2079
f 2083 	2080 	2079
f 2082 	2084 	2077
f 2084 	2079 	2077
f 2078 	2080 	2081
f 2080 	2083 	2081
# 12 faces

 #end of obj_259

o obj_260
v 10.5 		-85.5 		14
v 6.5 		-85.5 		14
v 10.5 		-85.5 		12.5
v 6.5 		-85.5 		12.5
v 6.5 		-86 		14
v 10.5 		-86 		14
v 6.5 		-86 		12.5
v 10.5 		-86 		12.5
# 8 vertices

g group_260_16089887

usemtl color_16089887
s 0

f 2085 	2087 	2086
f 2087 	2088 	2086
f 2089 	2091 	2090
f 2091 	2092 	2090
f 2089 	2090 	2086
f 2090 	2085 	2086
f 2092 	2091 	2087
f 2091 	2088 	2087
f 2090 	2092 	2085
f 2092 	2087 	2085
f 2086 	2088 	2089
f 2088 	2091 	2089
# 12 faces

 #end of obj_260

o obj_261
v 6 		-89.5 		14
v 2 		-89.5 		14
v 6 		-89.5 		12.5
v 2 		-89.5 		12.5
v 2 		-90 		14
v 6 		-90 		14
v 2 		-90 		12.5
v 6 		-90 		12.5
# 8 vertices

g group_261_16089887

usemtl color_16089887
s 0

f 2093 	2095 	2094
f 2095 	2096 	2094
f 2097 	2099 	2098
f 2099 	2100 	2098
f 2097 	2098 	2094
f 2098 	2093 	2094
f 2100 	2099 	2095
f 2099 	2096 	2095
f 2098 	2100 	2093
f 2100 	2095 	2093
f 2094 	2096 	2097
f 2096 	2099 	2097
# 12 faces

 #end of obj_261

o obj_262
v 1.5 		-85.5 		14
v 0 		-85.5 		14
v 1.5 		-85.5 		12.5
v 0 		-85.5 		12.5
v 0 		-86 		14
v 1.5 		-86 		14
v 0 		-86 		12.5
v 1.5 		-86 		12.5
# 8 vertices

g group_262_16089887

usemtl color_16089887
s 0

f 2101 	2103 	2102
f 2103 	2104 	2102
f 2105 	2107 	2106
f 2107 	2108 	2106
f 2105 	2106 	2102
f 2106 	2101 	2102
f 2108 	2107 	2103
f 2107 	2104 	2103
f 2106 	2108 	2101
f 2108 	2103 	2101
f 2102 	2104 	2105
f 2104 	2107 	2105
# 12 faces

 #end of obj_262

o obj_263
v 76 		0 		45
v 76 		1 		45
v 76 		0 		42.5
v 76 		1 		42.5
v 61 		1 		45
v 61 		0 		45
v 61 		1 		42.5
v 61 		0 		42.5
# 8 vertices

g group_263_4634441

usemtl color_4634441
s 0

f 2109 	2111 	2110
f 2111 	2112 	2110
f 2113 	2115 	2114
f 2115 	2116 	2114
f 2113 	2114 	2110
f 2114 	2109 	2110
f 2116 	2115 	2111
f 2115 	2112 	2111
f 2114 	2116 	2109
f 2116 	2111 	2109
f 2110 	2112 	2113
f 2112 	2115 	2113
# 12 faces

 #end of obj_263

o obj_264
v 59 		0 		45
v 59 		1 		45
v 59 		0 		42.5
v 59 		1 		42.5
v 26 		1 		45
v 26 		0 		45
v 26 		1 		42.5
v 26 		0 		42.5
# 8 vertices

g group_264_4634441

usemtl color_4634441
s 0

f 2117 	2119 	2118
f 2119 	2120 	2118
f 2121 	2123 	2122
f 2123 	2124 	2122
f 2121 	2122 	2118
f 2122 	2117 	2118
f 2124 	2123 	2119
f 2123 	2120 	2119
f 2122 	2124 	2117
f 2124 	2119 	2117
f 2118 	2120 	2121
f 2120 	2123 	2121
# 12 faces

 #end of obj_264

o obj_265
v 97 		-25.5 		45
v 97 		-24.5 		45
v 97 		-25.5 		42.5
v 97 		-24.5 		42.5
v 78 		-24.5 		45
v 78 		-25.5 		45
v 78 		-24.5 		42.5
v 78 		-25.5 		42.5
# 8 vertices

g group_265_4634441

usemtl color_4634441
s 0

f 2125 	2127 	2126
f 2127 	2128 	2126
f 2129 	2131 	2130
f 2131 	2132 	2130
f 2129 	2130 	2126
f 2130 	2125 	2126
f 2132 	2131 	2127
f 2131 	2128 	2127
f 2130 	2132 	2125
f 2132 	2127 	2125
f 2126 	2128 	2129
f 2128 	2131 	2129
# 12 faces

 #end of obj_265

o obj_266
v 59 		-25.5 		45
v 59 		-24.5 		45
v 59 		-25.5 		42.5
v 59 		-24.5 		42.5
v 26 		-24.5 		45
v 26 		-25.5 		45
v 26 		-24.5 		42.5
v 26 		-25.5 		42.5
# 8 vertices

g group_266_4634441

usemtl color_4634441
s 0

f 2133 	2135 	2134
f 2135 	2136 	2134
f 2137 	2139 	2138
f 2139 	2140 	2138
f 2137 	2138 	2134
f 2138 	2133 	2134
f 2140 	2139 	2135
f 2139 	2136 	2135
f 2138 	2140 	2133
f 2140 	2135 	2133
f 2134 	2136 	2137
f 2136 	2139 	2137
# 12 faces

 #end of obj_266

o obj_267
v 76 		-25.5 		45
v 76 		-24.5 		45
v 76 		-25.5 		42.5
v 76 		-24.5 		42.5
v 61 		-24.5 		45
v 61 		-25.5 		45
v 61 		-24.5 		42.5
v 61 		-25.5 		42.5
# 8 vertices

g group_267_4634441

usemtl color_4634441
s 0

f 2141 	2143 	2142
f 2143 	2144 	2142
f 2145 	2147 	2146
f 2147 	2148 	2146
f 2145 	2146 	2142
f 2146 	2141 	2142
f 2148 	2147 	2143
f 2147 	2144 	2143
f 2146 	2148 	2141
f 2148 	2143 	2141
f 2142 	2144 	2145
f 2144 	2147 	2145
# 12 faces

 #end of obj_267

o obj_268
v 97 		-75.5 		45
v 97 		-74.5 		45
v 97 		-75.5 		42.5
v 97 		-74.5 		42.5
v 78 		-74.5 		45
v 78 		-75.5 		45
v 78 		-74.5 		42.5
v 78 		-75.5 		42.5
# 8 vertices

g group_268_4634441

usemtl color_4634441
s 0

f 2149 	2151 	2150
f 2151 	2152 	2150
f 2153 	2155 	2154
f 2155 	2156 	2154
f 2153 	2154 	2150
f 2154 	2149 	2150
f 2156 	2155 	2151
f 2155 	2152 	2151
f 2154 	2156 	2149
f 2156 	2151 	2149
f 2150 	2152 	2153
f 2152 	2155 	2153
# 12 faces

 #end of obj_268

o obj_269
v 59 		-75.5 		45
v 59 		-74.5 		45
v 59 		-75.5 		42.5
v 59 		-74.5 		42.5
v 26 		-74.5 		45
v 26 		-75.5 		45
v 26 		-74.5 		42.5
v 26 		-75.5 		42.5
# 8 vertices

g group_269_4634441

usemtl color_4634441
s 0

f 2157 	2159 	2158
f 2159 	2160 	2158
f 2161 	2163 	2162
f 2163 	2164 	2162
f 2161 	2162 	2158
f 2162 	2157 	2158
f 2164 	2163 	2159
f 2163 	2160 	2159
f 2162 	2164 	2157
f 2164 	2159 	2157
f 2158 	2160 	2161
f 2160 	2163 	2161
# 12 faces

 #end of obj_269

o obj_270
v 76 		-75.5 		45
v 76 		-74.5 		45
v 76 		-75.5 		42.5
v 76 		-74.5 		42.5
v 61 		-74.5 		45
v 61 		-75.5 		45
v 61 		-74.5 		42.5
v 61 		-75.5 		42.5
# 8 vertices

g group_270_4634441

usemtl color_4634441
s 0

f 2165 	2167 	2166
f 2167 	2168 	2166
f 2169 	2171 	2170
f 2171 	2172 	2170
f 2169 	2170 	2166
f 2170 	2165 	2166
f 2172 	2171 	2167
f 2171 	2168 	2167
f 2170 	2172 	2165
f 2172 	2167 	2165
f 2166 	2168 	2169
f 2168 	2171 	2169
# 12 faces

 #end of obj_270

o obj_271
v 97 		-101 		45
v 97 		-100 		45
v 97 		-101 		42.5
v 97 		-100 		42.5
v 78 		-100 		45
v 78 		-101 		45
v 78 		-100 		42.5
v 78 		-101 		42.5
# 8 vertices

g group_271_4634441

usemtl color_4634441
s 0

f 2173 	2175 	2174
f 2175 	2176 	2174
f 2177 	2179 	2178
f 2179 	2180 	2178
f 2177 	2178 	2174
f 2178 	2173 	2174
f 2180 	2179 	2175
f 2179 	2176 	2175
f 2178 	2180 	2173
f 2180 	2175 	2173
f 2174 	2176 	2177
f 2176 	2179 	2177
# 12 faces

 #end of obj_271

o obj_272
v 59 		-101 		45
v 59 		-100 		45
v 59 		-101 		42.5
v 59 		-100 		42.5
v 26 		-100 		45
v 26 		-101 		45
v 26 		-100 		42.5
v 26 		-101 		42.5
# 8 vertices

g group_272_4634441

usemtl color_4634441
s 0

f 2181 	2183 	2182
f 2183 	2184 	2182
f 2185 	2187 	2186
f 2187 	2188 	2186
f 2185 	2186 	2182
f 2186 	2181 	2182
f 2188 	2187 	2183
f 2187 	2184 	2183
f 2186 	2188 	2181
f 2188 	2183 	2181
f 2182 	2184 	2185
f 2184 	2187 	2185
# 12 faces

 #end of obj_272

o obj_273
v 76 		-101 		45
v 76 		-100 		45
v 76 		-101 		42.5
v 76 		-100 		42.5
v 61 		-100 		45
v 61 		-101 		45
v 61 		-100 		42.5
v 61 		-101 		42.5
# 8 vertices

g group_273_4634441

usemtl color_4634441
s 0

f 2189 	2191 	2190
f 2191 	2192 	2190
f 2193 	2195 	2194
f 2195 	2196 	2194
f 2193 	2194 	2190
f 2194 	2189 	2190
f 2196 	2195 	2191
f 2195 	2192 	2191
f 2194 	2196 	2189
f 2196 	2191 	2189
f 2190 	2192 	2193
f 2192 	2195 	2193
# 12 faces

 #end of obj_273

o obj_274
v 59 		-50.5 		45
v 59 		-49.5 		45
v 59 		-50.5 		42.5
v 59 		-49.5 		42.5
v 26 		-49.5 		45
v 26 		-50.5 		45
v 26 		-49.5 		42.5
v 26 		-50.5 		42.5
# 8 vertices

g group_274_4634441

usemtl color_4634441
s 0

f 2197 	2199 	2198
f 2199 	2200 	2198
f 2201 	2203 	2202
f 2203 	2204 	2202
f 2201 	2202 	2198
f 2202 	2197 	2198
f 2204 	2203 	2199
f 2203 	2200 	2199
f 2202 	2204 	2197
f 2204 	2199 	2197
f 2198 	2200 	2201
f 2200 	2203 	2201
# 12 faces

 #end of obj_274

o obj_275
v 76 		-50.5 		45
v 76 		-49.5 		45
v 76 		-50.5 		42.5
v 76 		-49.5 		42.5
v 61 		-49.5 		45
v 61 		-50.5 		45
v 61 		-49.5 		42.5
v 61 		-50.5 		42.5
# 8 vertices

g group_275_4634441

usemtl color_4634441
s 0

f 2205 	2207 	2206
f 2207 	2208 	2206
f 2209 	2211 	2210
f 2211 	2212 	2210
f 2209 	2210 	2206
f 2210 	2205 	2206
f 2212 	2211 	2207
f 2211 	2208 	2207
f 2210 	2212 	2205
f 2212 	2207 	2205
f 2206 	2208 	2209
f 2208 	2211 	2209
# 12 faces

 #end of obj_275

o obj_276
v 99 		-1 		45
v 98 		-1 		45
v 99 		-1 		42.5
v 98 		-1 		42.5
v 98 		-24 		45
v 99 		-24 		45
v 98 		-24 		42.5
v 99 		-24 		42.5
# 8 vertices

g group_276_4634441

usemtl color_4634441
s 0

f 2213 	2215 	2214
f 2215 	2216 	2214
f 2217 	2219 	2218
f 2219 	2220 	2218
f 2217 	2218 	2214
f 2218 	2213 	2214
f 2220 	2219 	2215
f 2219 	2216 	2215
f 2218 	2220 	2213
f 2220 	2215 	2213
f 2214 	2216 	2217
f 2216 	2219 	2217
# 12 faces

 #end of obj_276

o obj_277
v 77.5 		-1 		45
v 76.5 		-1 		45
v 77.5 		-1 		42.5
v 76.5 		-1 		42.5
v 76.5 		-24 		45
v 77.5 		-24 		45
v 76.5 		-24 		42.5
v 77.5 		-24 		42.5
# 8 vertices

g group_277_4634441

usemtl color_4634441
s 0

f 2221 	2223 	2222
f 2223 	2224 	2222
f 2225 	2227 	2226
f 2227 	2228 	2226
f 2225 	2226 	2222
f 2226 	2221 	2222
f 2228 	2227 	2223
f 2227 	2224 	2223
f 2226 	2228 	2221
f 2228 	2223 	2221
f 2222 	2224 	2225
f 2224 	2227 	2225
# 12 faces

 #end of obj_277

o obj_278
v 60.5 		-1 		45
v 59.5 		-1 		45
v 60.5 		-1 		42.5
v 59.5 		-1 		42.5
v 59.5 		-24 		45
v 60.5 		-24 		45
v 59.5 		-24 		42.5
v 60.5 		-24 		42.5
# 8 vertices

g group_278_4634441

usemtl color_4634441
s 0

f 2229 	2231 	2230
f 2231 	2232 	2230
f 2233 	2235 	2234
f 2235 	2236 	2234
f 2233 	2234 	2230
f 2234 	2229 	2230
f 2236 	2235 	2231
f 2235 	2232 	2231
f 2234 	2236 	2229
f 2236 	2231 	2229
f 2230 	2232 	2233
f 2232 	2235 	2233
# 12 faces

 #end of obj_278

o obj_279
v 25 		-1 		45
v 24 		-1 		45
v 25 		-1 		42.5
v 24 		-1 		42.5
v 24 		-24 		45
v 25 		-24 		45
v 24 		-24 		42.5
v 25 		-24 		42.5
# 8 vertices

g group_279_4634441

usemtl color_4634441
s 0

f 2237 	2239 	2238
f 2239 	2240 	2238
f 2241 	2243 	2242
f 2243 	2244 	2242
f 2241 	2242 	2238
f 2242 	2237 	2238
f 2244 	2243 	2239
f 2243 	2240 	2239
f 2242 	2244 	2237
f 2244 	2239 	2237
f 2238 	2240 	2241
f 2240 	2243 	2241
# 12 faces

 #end of obj_279

o obj_280
v 77.5 		-26 		45
v 76.5 		-26 		45
v 77.5 		-26 		42.5
v 76.5 		-26 		42.5
v 76.5 		-49 		45
v 77.5 		-49 		45
v 76.5 		-49 		42.5
v 77.5 		-49 		42.5
# 8 vertices

g group_280_4634441

usemtl color_4634441
s 0

f 2245 	2247 	2246
f 2247 	2248 	2246
f 2249 	2251 	2250
f 2251 	2252 	2250
f 2249 	2250 	2246
f 2250 	2245 	2246
f 2252 	2251 	2247
f 2251 	2248 	2247
f 2250 	2252 	2245
f 2252 	2247 	2245
f 2246 	2248 	2249
f 2248 	2251 	2249
# 12 faces

 #end of obj_280

o obj_281
v 60.5 		-26 		45
v 59.5 		-26 		45
v 60.5 		-26 		42.5
v 59.5 		-26 		42.5
v 59.5 		-49 		45
v 60.5 		-49 		45
v 59.5 		-49 		42.5
v 60.5 		-49 		42.5
# 8 vertices

g group_281_4634441

usemtl color_4634441
s 0

f 2253 	2255 	2254
f 2255 	2256 	2254
f 2257 	2259 	2258
f 2259 	2260 	2258
f 2257 	2258 	2254
f 2258 	2253 	2254
f 2260 	2259 	2255
f 2259 	2256 	2255
f 2258 	2260 	2253
f 2260 	2255 	2253
f 2254 	2256 	2257
f 2256 	2259 	2257
# 12 faces

 #end of obj_281

o obj_282
v 25 		-26 		45
v 24 		-26 		45
v 25 		-26 		42.5
v 24 		-26 		42.5
v 24 		-49 		45
v 25 		-49 		45
v 24 		-49 		42.5
v 25 		-49 		42.5
# 8 vertices

g group_282_4634441

usemtl color_4634441
s 0

f 2261 	2263 	2262
f 2263 	2264 	2262
f 2265 	2267 	2266
f 2267 	2268 	2266
f 2265 	2266 	2262
f 2266 	2261 	2262
f 2268 	2267 	2263
f 2267 	2264 	2263
f 2266 	2268 	2261
f 2268 	2263 	2261
f 2262 	2264 	2265
f 2264 	2267 	2265
# 12 faces

 #end of obj_282

o obj_283
v 77.5 		-51 		45
v 76.5 		-51 		45
v 77.5 		-51 		42.5
v 76.5 		-51 		42.5
v 76.5 		-74 		45
v 77.5 		-74 		45
v 76.5 		-74 		42.5
v 77.5 		-74 		42.5
# 8 vertices

g group_283_4634441

usemtl color_4634441
s 0

f 2269 	2271 	2270
f 2271 	2272 	2270
f 2273 	2275 	2274
f 2275 	2276 	2274
f 2273 	2274 	2270
f 2274 	2269 	2270
f 2276 	2275 	2271
f 2275 	2272 	2271
f 2274 	2276 	2269
f 2276 	2271 	2269
f 2270 	2272 	2273
f 2272 	2275 	2273
# 12 faces

 #end of obj_283

o obj_284
v 60.5 		-51 		45
v 59.5 		-51 		45
v 60.5 		-51 		42.5
v 59.5 		-51 		42.5
v 59.5 		-74 		45
v 60.5 		-74 		45
v 59.5 		-74 		42.5
v 60.5 		-74 		42.5
# 8 vertices

g group_284_4634441

usemtl color_4634441
s 0

f 2277 	2279 	2278
f 2279 	2280 	2278
f 2281 	2283 	2282
f 2283 	2284 	2282
f 2281 	2282 	2278
f 2282 	2277 	2278
f 2284 	2283 	2279
f 2283 	2280 	2279
f 2282 	2284 	2277
f 2284 	2279 	2277
f 2278 	2280 	2281
f 2280 	2283 	2281
# 12 faces

 #end of obj_284

o obj_285
v 25 		-51 		45
v 24 		-51 		45
v 25 		-51 		42.5
v 24 		-51 		42.5
v 24 		-74 		45
v 25 		-74 		45
v 24 		-74 		42.5
v 25 		-74 		42.5
# 8 vertices

g group_285_4634441

usemtl color_4634441
s 0

f 2285 	2287 	2286
f 2287 	2288 	2286
f 2289 	2291 	2290
f 2291 	2292 	2290
f 2289 	2290 	2286
f 2290 	2285 	2286
f 2292 	2291 	2287
f 2291 	2288 	2287
f 2290 	2292 	2285
f 2292 	2287 	2285
f 2286 	2288 	2289
f 2288 	2291 	2289
# 12 faces

 #end of obj_285

o obj_286
v 99 		-76 		45
v 98 		-76 		45
v 99 		-76 		42.5
v 98 		-76 		42.5
v 98 		-99 		45
v 99 		-99 		45
v 98 		-99 		42.5
v 99 		-99 		42.5
# 8 vertices

g group_286_4634441

usemtl color_4634441
s 0

f 2293 	2295 	2294
f 2295 	2296 	2294
f 2297 	2299 	2298
f 2299 	2300 	2298
f 2297 	2298 	2294
f 2298 	2293 	2294
f 2300 	2299 	2295
f 2299 	2296 	2295
f 2298 	2300 	2293
f 2300 	2295 	2293
f 2294 	2296 	2297
f 2296 	2299 	2297
# 12 faces

 #end of obj_286

o obj_287
v 77.5 		-76 		45
v 76.5 		-76 		45
v 77.5 		-76 		42.5
v 76.5 		-76 		42.5
v 76.5 		-99 		45
v 77.5 		-99 		45
v 76.5 		-99 		42.5
v 77.5 		-99 		42.5
# 8 vertices

g group_287_4634441

usemtl color_4634441
s 0

f 2301 	2303 	2302
f 2303 	2304 	2302
f 2305 	2307 	2306
f 2307 	2308 	2306
f 2305 	2306 	2302
f 2306 	2301 	2302
f 2308 	2307 	2303
f 2307 	2304 	2303
f 2306 	2308 	2301
f 2308 	2303 	2301
f 2302 	2304 	2305
f 2304 	2307 	2305
# 12 faces

 #end of obj_287

o obj_288
v 60.5 		-76 		45
v 59.5 		-76 		45
v 60.5 		-76 		42.5
v 59.5 		-76 		42.5
v 59.5 		-99 		45
v 60.5 		-99 		45
v 59.5 		-99 		42.5
v 60.5 		-99 		42.5
# 8 vertices

g group_288_4634441

usemtl color_4634441
s 0

f 2309 	2311 	2310
f 2311 	2312 	2310
f 2313 	2315 	2314
f 2315 	2316 	2314
f 2313 	2314 	2310
f 2314 	2309 	2310
f 2316 	2315 	2311
f 2315 	2312 	2311
f 2314 	2316 	2309
f 2316 	2311 	2309
f 2310 	2312 	2313
f 2312 	2315 	2313
# 12 faces

 #end of obj_288

o obj_289
v 25 		-76 		45
v 24 		-76 		45
v 25 		-76 		42.5
v 24 		-76 		42.5
v 24 		-99 		45
v 25 		-99 		45
v 24 		-99 		42.5
v 25 		-99 		42.5
# 8 vertices

g group_289_4634441

usemtl color_4634441
s 0

f 2317 	2319 	2318
f 2319 	2320 	2318
f 2321 	2323 	2322
f 2323 	2324 	2322
f 2321 	2322 	2318
f 2322 	2317 	2318
f 2324 	2323 	2319
f 2323 	2320 	2319
f 2322 	2324 	2317
f 2324 	2319 	2317
f 2318 	2320 	2321
f 2320 	2323 	2321
# 12 faces

 #end of obj_289

o obj_290
v 94.5 		-24.5 		45
v 94.5 		0 		45
v 94.5 		-24.5 		43.5
v 94.5 		0 		43.5
v 94 		0 		45
v 94 		-24.5 		45
v 94 		0 		43.5
v 94 		-24.5 		43.5
# 8 vertices

g group_290_16768282

usemtl color_16768282
s 0

f 2325 	2327 	2326
f 2327 	2328 	2326
f 2329 	2331 	2330
f 2331 	2332 	2330
f 2329 	2330 	2326
f 2330 	2325 	2326
f 2332 	2331 	2327
f 2331 	2328 	2327
f 2330 	2332 	2325
f 2332 	2327 	2325
f 2326 	2328 	2329
f 2328 	2331 	2329
# 12 faces

 #end of obj_290

o obj_291
v 90 		-24.5 		45
v 90 		0 		45
v 90 		-24.5 		43.5
v 90 		0 		43.5
v 89.5 		0 		45
v 89.5 		-24.5 		45
v 89.5 		0 		43.5
v 89.5 		-24.5 		43.5
# 8 vertices

g group_291_16768282

usemtl color_16768282
s 0

f 2333 	2335 	2334
f 2335 	2336 	2334
f 2337 	2339 	2338
f 2339 	2340 	2338
f 2337 	2338 	2334
f 2338 	2333 	2334
f 2340 	2339 	2335
f 2339 	2336 	2335
f 2338 	2340 	2333
f 2340 	2335 	2333
f 2334 	2336 	2337
f 2336 	2339 	2337
# 12 faces

 #end of obj_291

o obj_292
v 85.5 		-24.5 		45
v 85.5 		0 		45
v 85.5 		-24.5 		43.5
v 85.5 		0 		43.5
v 85 		0 		45
v 85 		-24.5 		45
v 85 		0 		43.5
v 85 		-24.5 		43.5
# 8 vertices

g group_292_16768282

usemtl color_16768282
s 0

f 2341 	2343 	2342
f 2343 	2344 	2342
f 2345 	2347 	2346
f 2347 	2348 	2346
f 2345 	2346 	2342
f 2346 	2341 	2342
f 2348 	2347 	2343
f 2347 	2344 	2343
f 2346 	2348 	2341
f 2348 	2343 	2341
f 2342 	2344 	2345
f 2344 	2347 	2345
# 12 faces

 #end of obj_292

o obj_293
v 81 		-24.5 		45
v 81 		0 		45
v 81 		-24.5 		43.5
v 81 		0 		43.5
v 80.5 		0 		45
v 80.5 		-24.5 		45
v 80.5 		0 		43.5
v 80.5 		-24.5 		43.5
# 8 vertices

g group_293_16768282

usemtl color_16768282
s 0

f 2349 	2351 	2350
f 2351 	2352 	2350
f 2353 	2355 	2354
f 2355 	2356 	2354
f 2353 	2354 	2350
f 2354 	2349 	2350
f 2356 	2355 	2351
f 2355 	2352 	2351
f 2354 	2356 	2349
f 2356 	2351 	2349
f 2350 	2352 	2353
f 2352 	2355 	2353
# 12 faces

 #end of obj_293

o obj_294
v 72.5 		-24.5 		45
v 72.5 		0 		45
v 72.5 		-24.5 		43.5
v 72.5 		0 		43.5
v 72 		0 		45
v 72 		-24.5 		45
v 72 		0 		43.5
v 72 		-24.5 		43.5
# 8 vertices

g group_294_16768282

usemtl color_16768282
s 0

f 2357 	2359 	2358
f 2359 	2360 	2358
f 2361 	2363 	2362
f 2363 	2364 	2362
f 2361 	2362 	2358
f 2362 	2357 	2358
f 2364 	2363 	2359
f 2363 	2360 	2359
f 2362 	2364 	2357
f 2364 	2359 	2357
f 2358 	2360 	2361
f 2360 	2363 	2361
# 12 faces

 #end of obj_294

o obj_295
v 68 		-24.5 		45
v 68 		0 		45
v 68 		-24.5 		43.5
v 68 		0 		43.5
v 67.5 		0 		45
v 67.5 		-24.5 		45
v 67.5 		0 		43.5
v 67.5 		-24.5 		43.5
# 8 vertices

g group_295_16768282

usemtl color_16768282
s 0

f 2365 	2367 	2366
f 2367 	2368 	2366
f 2369 	2371 	2370
f 2371 	2372 	2370
f 2369 	2370 	2366
f 2370 	2365 	2366
f 2372 	2371 	2367
f 2371 	2368 	2367
f 2370 	2372 	2365
f 2372 	2367 	2365
f 2366 	2368 	2369
f 2368 	2371 	2369
# 12 faces

 #end of obj_295

o obj_296
v 63.5 		-24.5 		45
v 63.5 		0 		45
v 63.5 		-24.5 		43.5
v 63.5 		0 		43.5
v 63 		0 		45
v 63 		-24.5 		45
v 63 		0 		43.5
v 63 		-24.5 		43.5
# 8 vertices

g group_296_16768282

usemtl color_16768282
s 0

f 2373 	2375 	2374
f 2375 	2376 	2374
f 2377 	2379 	2378
f 2379 	2380 	2378
f 2377 	2378 	2374
f 2378 	2373 	2374
f 2380 	2379 	2375
f 2379 	2376 	2375
f 2378 	2380 	2373
f 2380 	2375 	2373
f 2374 	2376 	2377
f 2376 	2379 	2377
# 12 faces

 #end of obj_296

o obj_297
v 55.5 		-24.5 		45
v 55.5 		0 		45
v 55.5 		-24.5 		43.5
v 55.5 		0 		43.5
v 55 		0 		45
v 55 		-24.5 		45
v 55 		0 		43.5
v 55 		-24.5 		43.5
# 8 vertices

g group_297_16768282

usemtl color_16768282
s 0

f 2381 	2383 	2382
f 2383 	2384 	2382
f 2385 	2387 	2386
f 2387 	2388 	2386
f 2385 	2386 	2382
f 2386 	2381 	2382
f 2388 	2387 	2383
f 2387 	2384 	2383
f 2386 	2388 	2381
f 2388 	2383 	2381
f 2382 	2384 	2385
f 2384 	2387 	2385
# 12 faces

 #end of obj_297

o obj_298
v 51 		-24.5 		45
v 51 		0 		45
v 51 		-24.5 		43.5
v 51 		0 		43.5
v 50.5 		0 		45
v 50.5 		-24.5 		45
v 50.5 		0 		43.5
v 50.5 		-24.5 		43.5
# 8 vertices

g group_298_16768282

usemtl color_16768282
s 0

f 2389 	2391 	2390
f 2391 	2392 	2390
f 2393 	2395 	2394
f 2395 	2396 	2394
f 2393 	2394 	2390
f 2394 	2389 	2390
f 2396 	2395 	2391
f 2395 	2392 	2391
f 2394 	2396 	2389
f 2396 	2391 	2389
f 2390 	2392 	2393
f 2392 	2395 	2393
# 12 faces

 #end of obj_298

o obj_299
v 46.5 		-24.5 		45
v 46.5 		0 		45
v 46.5 		-24.5 		43.5
v 46.5 		0 		43.5
v 46 		0 		45
v 46 		-24.5 		45
v 46 		0 		43.5
v 46 		-24.5 		43.5
# 8 vertices

g group_299_16768282

usemtl color_16768282
s 0

f 2397 	2399 	2398
f 2399 	2400 	2398
f 2401 	2403 	2402
f 2403 	2404 	2402
f 2401 	2402 	2398
f 2402 	2397 	2398
f 2404 	2403 	2399
f 2403 	2400 	2399
f 2402 	2404 	2397
f 2404 	2399 	2397
f 2398 	2400 	2401
f 2400 	2403 	2401
# 12 faces

 #end of obj_299

o obj_300
v 42 		-24.5 		45
v 42 		0 		45
v 42 		-24.5 		43.5
v 42 		0 		43.5
v 41.5 		0 		45
v 41.5 		-24.5 		45
v 41.5 		0 		43.5
v 41.5 		-24.5 		43.5
# 8 vertices

g group_300_16768282

usemtl color_16768282
s 0

f 2405 	2407 	2406
f 2407 	2408 	2406
f 2409 	2411 	2410
f 2411 	2412 	2410
f 2409 	2410 	2406
f 2410 	2405 	2406
f 2412 	2411 	2407
f 2411 	2408 	2407
f 2410 	2412 	2405
f 2412 	2407 	2405
f 2406 	2408 	2409
f 2408 	2411 	2409
# 12 faces

 #end of obj_300

o obj_301
v 37.5 		-24.5 		45
v 37.5 		0 		45
v 37.5 		-24.5 		43.5
v 37.5 		0 		43.5
v 37 		0 		45
v 37 		-24.5 		45
v 37 		0 		43.5
v 37 		-24.5 		43.5
# 8 vertices

g group_301_16768282

usemtl color_16768282
s 0

f 2413 	2415 	2414
f 2415 	2416 	2414
f 2417 	2419 	2418
f 2419 	2420 	2418
f 2417 	2418 	2414
f 2418 	2413 	2414
f 2420 	2419 	2415
f 2419 	2416 	2415
f 2418 	2420 	2413
f 2420 	2415 	2413
f 2414 	2416 	2417
f 2416 	2419 	2417
# 12 faces

 #end of obj_301

o obj_302
v 33 		-24.5 		45
v 33 		0 		45
v 33 		-24.5 		43.5
v 33 		0 		43.5
v 32.5 		0 		45
v 32.5 		-24.5 		45
v 32.5 		0 		43.5
v 32.5 		-24.5 		43.5
# 8 vertices

g group_302_16768282

usemtl color_16768282
s 0

f 2421 	2423 	2422
f 2423 	2424 	2422
f 2425 	2427 	2426
f 2427 	2428 	2426
f 2425 	2426 	2422
f 2426 	2421 	2422
f 2428 	2427 	2423
f 2427 	2424 	2423
f 2426 	2428 	2421
f 2428 	2423 	2421
f 2422 	2424 	2425
f 2424 	2427 	2425
# 12 faces

 #end of obj_302

o obj_303
v 28.5 		-24.5 		45
v 28.5 		0 		45
v 28.5 		-24.5 		43.5
v 28.5 		0 		43.5
v 28 		0 		45
v 28 		-24.5 		45
v 28 		0 		43.5
v 28 		-24.5 		43.5
# 8 vertices

g group_303_16768282

usemtl color_16768282
s 0

f 2429 	2431 	2430
f 2431 	2432 	2430
f 2433 	2435 	2434
f 2435 	2436 	2434
f 2433 	2434 	2430
f 2434 	2429 	2430
f 2436 	2435 	2431
f 2435 	2432 	2431
f 2434 	2436 	2429
f 2436 	2431 	2429
f 2430 	2432 	2433
f 2432 	2435 	2433
# 12 faces

 #end of obj_303

o obj_307
v 55.5 		-49.5 		45
v 55.5 		-25.5 		45
v 55.5 		-49.5 		43.5
v 55.5 		-25.5 		43.5
v 55 		-25.5 		45
v 55 		-49.5 		45
v 55 		-25.5 		43.5
v 55 		-49.5 		43.5
# 8 vertices

g group_307_16768282

usemtl color_16768282
s 0

f 2437 	2439 	2438
f 2439 	2440 	2438
f 2441 	2443 	2442
f 2443 	2444 	2442
f 2441 	2442 	2438
f 2442 	2437 	2438
f 2444 	2443 	2439
f 2443 	2440 	2439
f 2442 	2444 	2437
f 2444 	2439 	2437
f 2438 	2440 	2441
f 2440 	2443 	2441
# 12 faces

 #end of obj_307

o obj_308
v 51 		-49.5 		45
v 51 		-25.5 		45
v 51 		-49.5 		43.5
v 51 		-25.5 		43.5
v 50.5 		-25.5 		45
v 50.5 		-49.5 		45
v 50.5 		-25.5 		43.5
v 50.5 		-49.5 		43.5
# 8 vertices

g group_308_16768282

usemtl color_16768282
s 0

f 2445 	2447 	2446
f 2447 	2448 	2446
f 2449 	2451 	2450
f 2451 	2452 	2450
f 2449 	2450 	2446
f 2450 	2445 	2446
f 2452 	2451 	2447
f 2451 	2448 	2447
f 2450 	2452 	2445
f 2452 	2447 	2445
f 2446 	2448 	2449
f 2448 	2451 	2449
# 12 faces

 #end of obj_308

o obj_309
v 46.5 		-49.5 		45
v 46.5 		-25.5 		45
v 46.5 		-49.5 		43.5
v 46.5 		-25.5 		43.5
v 46 		-25.5 		45
v 46 		-49.5 		45
v 46 		-25.5 		43.5
v 46 		-49.5 		43.5
# 8 vertices

g group_309_16768282

usemtl color_16768282
s 0

f 2453 	2455 	2454
f 2455 	2456 	2454
f 2457 	2459 	2458
f 2459 	2460 	2458
f 2457 	2458 	2454
f 2458 	2453 	2454
f 2460 	2459 	2455
f 2459 	2456 	2455
f 2458 	2460 	2453
f 2460 	2455 	2453
f 2454 	2456 	2457
f 2456 	2459 	2457
# 12 faces

 #end of obj_309

o obj_310
v 42 		-49.5 		45
v 42 		-25.5 		45
v 42 		-49.5 		43.5
v 42 		-25.5 		43.5
v 41.5 		-25.5 		45
v 41.5 		-49.5 		45
v 41.5 		-25.5 		43.5
v 41.5 		-49.5 		43.5
# 8 vertices

g group_310_16768282

usemtl color_16768282
s 0

f 2461 	2463 	2462
f 2463 	2464 	2462
f 2465 	2467 	2466
f 2467 	2468 	2466
f 2465 	2466 	2462
f 2466 	2461 	2462
f 2468 	2467 	2463
f 2467 	2464 	2463
f 2466 	2468 	2461
f 2468 	2463 	2461
f 2462 	2464 	2465
f 2464 	2467 	2465
# 12 faces

 #end of obj_310

o obj_311
v 37.5 		-49.5 		45
v 37.5 		-25.5 		45
v 37.5 		-49.5 		43.5
v 37.5 		-25.5 		43.5
v 37 		-25.5 		45
v 37 		-49.5 		45
v 37 		-25.5 		43.5
v 37 		-49.5 		43.5
# 8 vertices

g group_311_16768282

usemtl color_16768282
s 0

f 2469 	2471 	2470
f 2471 	2472 	2470
f 2473 	2475 	2474
f 2475 	2476 	2474
f 2473 	2474 	2470
f 2474 	2469 	2470
f 2476 	2475 	2471
f 2475 	2472 	2471
f 2474 	2476 	2469
f 2476 	2471 	2469
f 2470 	2472 	2473
f 2472 	2475 	2473
# 12 faces

 #end of obj_311

o obj_312
v 33 		-49.5 		45
v 33 		-25.5 		45
v 33 		-49.5 		43.5
v 33 		-25.5 		43.5
v 32.5 		-25.5 		45
v 32.5 		-49.5 		45
v 32.5 		-25.5 		43.5
v 32.5 		-49.5 		43.5
# 8 vertices

g group_312_16768282

usemtl color_16768282
s 0

f 2477 	2479 	2478
f 2479 	2480 	2478
f 2481 	2483 	2482
f 2483 	2484 	2482
f 2481 	2482 	2478
f 2482 	2477 	2478
f 2484 	2483 	2479
f 2483 	2480 	2479
f 2482 	2484 	2477
f 2484 	2479 	2477
f 2478 	2480 	2481
f 2480 	2483 	2481
# 12 faces

 #end of obj_312

o obj_313
v 28.5 		-49.5 		45
v 28.5 		-25.5 		45
v 28.5 		-49.5 		43.5
v 28.5 		-25.5 		43.5
v 28 		-25.5 		45
v 28 		-49.5 		45
v 28 		-25.5 		43.5
v 28 		-49.5 		43.5
# 8 vertices

g group_313_16768282

usemtl color_16768282
s 0

f 2485 	2487 	2486
f 2487 	2488 	2486
f 2489 	2491 	2490
f 2491 	2492 	2490
f 2489 	2490 	2486
f 2490 	2485 	2486
f 2492 	2491 	2487
f 2491 	2488 	2487
f 2490 	2492 	2485
f 2492 	2487 	2485
f 2486 	2488 	2489
f 2488 	2491 	2489
# 12 faces

 #end of obj_313

o obj_314
v 72.5 		-74.5 		45
v 72.5 		-50.5 		45
v 72.5 		-74.5 		43.5
v 72.5 		-50.5 		43.5
v 72 		-50.5 		45
v 72 		-74.5 		45
v 72 		-50.5 		43.5
v 72 		-74.5 		43.5
# 8 vertices

g group_314_16768282

usemtl color_16768282
s 0

f 2493 	2495 	2494
f 2495 	2496 	2494
f 2497 	2499 	2498
f 2499 	2500 	2498
f 2497 	2498 	2494
f 2498 	2493 	2494
f 2500 	2499 	2495
f 2499 	2496 	2495
f 2498 	2500 	2493
f 2500 	2495 	2493
f 2494 	2496 	2497
f 2496 	2499 	2497
# 12 faces

 #end of obj_314

o obj_315
v 68 		-74.5 		45
v 68 		-50.5 		45
v 68 		-74.5 		43.5
v 68 		-50.5 		43.5
v 67.5 		-50.5 		45
v 67.5 		-74.5 		45
v 67.5 		-50.5 		43.5
v 67.5 		-74.5 		43.5
# 8 vertices

g group_315_16768282

usemtl color_16768282
s 0

f 2501 	2503 	2502
f 2503 	2504 	2502
f 2505 	2507 	2506
f 2507 	2508 	2506
f 2505 	2506 	2502
f 2506 	2501 	2502
f 2508 	2507 	2503
f 2507 	2504 	2503
f 2506 	2508 	2501
f 2508 	2503 	2501
f 2502 	2504 	2505
f 2504 	2507 	2505
# 12 faces

 #end of obj_315

o obj_316
v 63.5 		-74.5 		45
v 63.5 		-50.5 		45
v 63.5 		-74.5 		43.5
v 63.5 		-50.5 		43.5
v 63 		-50.5 		45
v 63 		-74.5 		45
v 63 		-50.5 		43.5
v 63 		-74.5 		43.5
# 8 vertices

g group_316_16768282

usemtl color_16768282
s 0

f 2509 	2511 	2510
f 2511 	2512 	2510
f 2513 	2515 	2514
f 2515 	2516 	2514
f 2513 	2514 	2510
f 2514 	2509 	2510
f 2516 	2515 	2511
f 2515 	2512 	2511
f 2514 	2516 	2509
f 2516 	2511 	2509
f 2510 	2512 	2513
f 2512 	2515 	2513
# 12 faces

 #end of obj_316

o obj_317
v 55.5 		-74.5 		45
v 55.5 		-50.5 		45
v 55.5 		-74.5 		43.5
v 55.5 		-50.5 		43.5
v 55 		-50.5 		45
v 55 		-74.5 		45
v 55 		-50.5 		43.5
v 55 		-74.5 		43.5
# 8 vertices

g group_317_16768282

usemtl color_16768282
s 0

f 2517 	2519 	2518
f 2519 	2520 	2518
f 2521 	2523 	2522
f 2523 	2524 	2522
f 2521 	2522 	2518
f 2522 	2517 	2518
f 2524 	2523 	2519
f 2523 	2520 	2519
f 2522 	2524 	2517
f 2524 	2519 	2517
f 2518 	2520 	2521
f 2520 	2523 	2521
# 12 faces

 #end of obj_317

o obj_318
v 51 		-74.5 		45
v 51 		-50.5 		45
v 51 		-74.5 		43.5
v 51 		-50.5 		43.5
v 50.5 		-50.5 		45
v 50.5 		-74.5 		45
v 50.5 		-50.5 		43.5
v 50.5 		-74.5 		43.5
# 8 vertices

g group_318_16768282

usemtl color_16768282
s 0

f 2525 	2527 	2526
f 2527 	2528 	2526
f 2529 	2531 	2530
f 2531 	2532 	2530
f 2529 	2530 	2526
f 2530 	2525 	2526
f 2532 	2531 	2527
f 2531 	2528 	2527
f 2530 	2532 	2525
f 2532 	2527 	2525
f 2526 	2528 	2529
f 2528 	2531 	2529
# 12 faces

 #end of obj_318

o obj_319
v 46.5 		-74.5 		45
v 46.5 		-50.5 		45
v 46.5 		-74.5 		43.5
v 46.5 		-50.5 		43.5
v 46 		-50.5 		45
v 46 		-74.5 		45
v 46 		-50.5 		43.5
v 46 		-74.5 		43.5
# 8 vertices

g group_319_16768282

usemtl color_16768282
s 0

f 2533 	2535 	2534
f 2535 	2536 	2534
f 2537 	2539 	2538
f 2539 	2540 	2538
f 2537 	2538 	2534
f 2538 	2533 	2534
f 2540 	2539 	2535
f 2539 	2536 	2535
f 2538 	2540 	2533
f 2540 	2535 	2533
f 2534 	2536 	2537
f 2536 	2539 	2537
# 12 faces

 #end of obj_319

o obj_320
v 42 		-74.5 		45
v 42 		-50.5 		45
v 42 		-74.5 		43.5
v 42 		-50.5 		43.5
v 41.5 		-50.5 		45
v 41.5 		-74.5 		45
v 41.5 		-50.5 		43.5
v 41.5 		-74.5 		43.5
# 8 vertices

g group_320_16768282

usemtl color_16768282
s 0

f 2541 	2543 	2542
f 2543 	2544 	2542
f 2545 	2547 	2546
f 2547 	2548 	2546
f 2545 	2546 	2542
f 2546 	2541 	2542
f 2548 	2547 	2543
f 2547 	2544 	2543
f 2546 	2548 	2541
f 2548 	2543 	2541
f 2542 	2544 	2545
f 2544 	2547 	2545
# 12 faces

 #end of obj_320

o obj_321
v 37.5 		-74.5 		45
v 37.5 		-50.5 		45
v 37.5 		-74.5 		43.5
v 37.5 		-50.5 		43.5
v 37 		-50.5 		45
v 37 		-74.5 		45
v 37 		-50.5 		43.5
v 37 		-74.5 		43.5
# 8 vertices

g group_321_16768282

usemtl color_16768282
s 0

f 2549 	2551 	2550
f 2551 	2552 	2550
f 2553 	2555 	2554
f 2555 	2556 	2554
f 2553 	2554 	2550
f 2554 	2549 	2550
f 2556 	2555 	2551
f 2555 	2552 	2551
f 2554 	2556 	2549
f 2556 	2551 	2549
f 2550 	2552 	2553
f 2552 	2555 	2553
# 12 faces

 #end of obj_321

o obj_322
v 33 		-74.5 		45
v 33 		-50.5 		45
v 33 		-74.5 		43.5
v 33 		-50.5 		43.5
v 32.5 		-50.5 		45
v 32.5 		-74.5 		45
v 32.5 		-50.5 		43.5
v 32.5 		-74.5 		43.5
# 8 vertices

g group_322_16768282

usemtl color_16768282
s 0

f 2557 	2559 	2558
f 2559 	2560 	2558
f 2561 	2563 	2562
f 2563 	2564 	2562
f 2561 	2562 	2558
f 2562 	2557 	2558
f 2564 	2563 	2559
f 2563 	2560 	2559
f 2562 	2564 	2557
f 2564 	2559 	2557
f 2558 	2560 	2561
f 2560 	2563 	2561
# 12 faces

 #end of obj_322

o obj_323
v 28.5 		-74.5 		45
v 28.5 		-50.5 		45
v 28.5 		-74.5 		43.5
v 28.5 		-50.5 		43.5
v 28 		-50.5 		45
v 28 		-74.5 		45
v 28 		-50.5 		43.5
v 28 		-74.5 		43.5
# 8 vertices

g group_323_16768282

usemtl color_16768282
s 0

f 2565 	2567 	2566
f 2567 	2568 	2566
f 2569 	2571 	2570
f 2571 	2572 	2570
f 2569 	2570 	2566
f 2570 	2565 	2566
f 2572 	2571 	2567
f 2571 	2568 	2567
f 2570 	2572 	2565
f 2572 	2567 	2565
f 2566 	2568 	2569
f 2568 	2571 	2569
# 12 faces

 #end of obj_323

o obj_324
v 94.5 		-100 		45
v 94.5 		-75.5 		45
v 94.5 		-100 		43.5
v 94.5 		-75.5 		43.5
v 94 		-75.5 		45
v 94 		-100 		45
v 94 		-75.5 		43.5
v 94 		-100 		43.5
# 8 vertices

g group_324_16768282

usemtl color_16768282
s 0

f 2573 	2575 	2574
f 2575 	2576 	2574
f 2577 	2579 	2578
f 2579 	2580 	2578
f 2577 	2578 	2574
f 2578 	2573 	2574
f 2580 	2579 	2575
f 2579 	2576 	2575
f 2578 	2580 	2573
f 2580 	2575 	2573
f 2574 	2576 	2577
f 2576 	2579 	2577
# 12 faces

 #end of obj_324

o obj_325
v 90 		-100 		45
v 90 		-75.5 		45
v 90 		-100 		43.5
v 90 		-75.5 		43.5
v 89.5 		-75.5 		45
v 89.5 		-100 		45
v 89.5 		-75.5 		43.5
v 89.5 		-100 		43.5
# 8 vertices

g group_325_16768282

usemtl color_16768282
s 0

f 2581 	2583 	2582
f 2583 	2584 	2582
f 2585 	2587 	2586
f 2587 	2588 	2586
f 2585 	2586 	2582
f 2586 	2581 	2582
f 2588 	2587 	2583
f 2587 	2584 	2583
f 2586 	2588 	2581
f 2588 	2583 	2581
f 2582 	2584 	2585
f 2584 	2587 	2585
# 12 faces

 #end of obj_325

o obj_326
v 85.5 		-100 		45
v 85.5 		-75.5 		45
v 85.5 		-100 		43.5
v 85.5 		-75.5 		43.5
v 85 		-75.5 		45
v 85 		-100 		45
v 85 		-75.5 		43.5
v 85 		-100 		43.5
# 8 vertices

g group_326_16768282

usemtl color_16768282
s 0

f 2589 	2591 	2590
f 2591 	2592 	2590
f 2593 	2595 	2594
f 2595 	2596 	2594
f 2593 	2594 	2590
f 2594 	2589 	2590
f 2596 	2595 	2591
f 2595 	2592 	2591
f 2594 	2596 	2589
f 2596 	2591 	2589
f 2590 	2592 	2593
f 2592 	2595 	2593
# 12 faces

 #end of obj_326

o obj_327
v 81 		-100 		45
v 81 		-75.5 		45
v 81 		-100 		43.5
v 81 		-75.5 		43.5
v 80.5 		-75.5 		45
v 80.5 		-100 		45
v 80.5 		-75.5 		43.5
v 80.5 		-100 		43.5
# 8 vertices

g group_327_16768282

usemtl color_16768282
s 0

f 2597 	2599 	2598
f 2599 	2600 	2598
f 2601 	2603 	2602
f 2603 	2604 	2602
f 2601 	2602 	2598
f 2602 	2597 	2598
f 2604 	2603 	2599
f 2603 	2600 	2599
f 2602 	2604 	2597
f 2604 	2599 	2597
f 2598 	2600 	2601
f 2600 	2603 	2601
# 12 faces

 #end of obj_327

o obj_328
v 72.5 		-100 		45
v 72.5 		-75.5 		45
v 72.5 		-100 		43.5
v 72.5 		-75.5 		43.5
v 72 		-75.5 		45
v 72 		-100 		45
v 72 		-75.5 		43.5
v 72 		-100 		43.5
# 8 vertices

g group_328_16768282

usemtl color_16768282
s 0

f 2605 	2607 	2606
f 2607 	2608 	2606
f 2609 	2611 	2610
f 2611 	2612 	2610
f 2609 	2610 	2606
f 2610 	2605 	2606
f 2612 	2611 	2607
f 2611 	2608 	2607
f 2610 	2612 	2605
f 2612 	2607 	2605
f 2606 	2608 	2609
f 2608 	2611 	2609
# 12 faces

 #end of obj_328

o obj_329
v 68 		-100 		45
v 68 		-75.5 		45
v 68 		-100 		43.5
v 68 		-75.5 		43.5
v 67.5 		-75.5 		45
v 67.5 		-100 		45
v 67.5 		-75.5 		43.5
v 67.5 		-100 		43.5
# 8 vertices

g group_329_16768282

usemtl color_16768282
s 0

f 2613 	2615 	2614
f 2615 	2616 	2614
f 2617 	2619 	2618
f 2619 	2620 	2618
f 2617 	2618 	2614
f 2618 	2613 	2614
f 2620 	2619 	2615
f 2619 	2616 	2615
f 2618 	2620 	2613
f 2620 	2615 	2613
f 2614 	2616 	2617
f 2616 	2619 	2617
# 12 faces

 #end of obj_329

o obj_330
v 63.5 		-100 		45
v 63.5 		-75.5 		45
v 63.5 		-100 		43.5
v 63.5 		-75.5 		43.5
v 63 		-75.5 		45
v 63 		-100 		45
v 63 		-75.5 		43.5
v 63 		-100 		43.5
# 8 vertices

g group_330_16768282

usemtl color_16768282
s 0

f 2621 	2623 	2622
f 2623 	2624 	2622
f 2625 	2627 	2626
f 2627 	2628 	2626
f 2625 	2626 	2622
f 2626 	2621 	2622
f 2628 	2627 	2623
f 2627 	2624 	2623
f 2626 	2628 	2621
f 2628 	2623 	2621
f 2622 	2624 	2625
f 2624 	2627 	2625
# 12 faces

 #end of obj_330

o obj_331
v 55.5 		-100 		45
v 55.5 		-75.5 		45
v 55.5 		-100 		43.5
v 55.5 		-75.5 		43.5
v 55 		-75.5 		45
v 55 		-100 		45
v 55 		-75.5 		43.5
v 55 		-100 		43.5
# 8 vertices

g group_331_16768282

usemtl color_16768282
s 0

f 2629 	2631 	2630
f 2631 	2632 	2630
f 2633 	2635 	2634
f 2635 	2636 	2634
f 2633 	2634 	2630
f 2634 	2629 	2630
f 2636 	2635 	2631
f 2635 	2632 	2631
f 2634 	2636 	2629
f 2636 	2631 	2629
f 2630 	2632 	2633
f 2632 	2635 	2633
# 12 faces

 #end of obj_331

o obj_332
v 51 		-100 		45
v 51 		-75.5 		45
v 51 		-100 		43.5
v 51 		-75.5 		43.5
v 50.5 		-75.5 		45
v 50.5 		-100 		45
v 50.5 		-75.5 		43.5
v 50.5 		-100 		43.5
# 8 vertices

g group_332_16768282

usemtl color_16768282
s 0

f 2637 	2639 	2638
f 2639 	2640 	2638
f 2641 	2643 	2642
f 2643 	2644 	2642
f 2641 	2642 	2638
f 2642 	2637 	2638
f 2644 	2643 	2639
f 2643 	2640 	2639
f 2642 	2644 	2637
f 2644 	2639 	2637
f 2638 	2640 	2641
f 2640 	2643 	2641
# 12 faces

 #end of obj_332

o obj_333
v 46.5 		-100 		45
v 46.5 		-75.5 		45
v 46.5 		-100 		43.5
v 46.5 		-75.5 		43.5
v 46 		-75.5 		45
v 46 		-100 		45
v 46 		-75.5 		43.5
v 46 		-100 		43.5
# 8 vertices

g group_333_16768282

usemtl color_16768282
s 0

f 2645 	2647 	2646
f 2647 	2648 	2646
f 2649 	2651 	2650
f 2651 	2652 	2650
f 2649 	2650 	2646
f 2650 	2645 	2646
f 2652 	2651 	2647
f 2651 	2648 	2647
f 2650 	2652 	2645
f 2652 	2647 	2645
f 2646 	2648 	2649
f 2648 	2651 	2649
# 12 faces

 #end of obj_333

o obj_334
v 42 		-100 		45
v 42 		-75.5 		45
v 42 		-100 		43.5
v 42 		-75.5 		43.5
v 41.5 		-75.5 		45
v 41.5 		-100 		45
v 41.5 		-75.5 		43.5
v 41.5 		-100 		43.5
# 8 vertices

g group_334_16768282

usemtl color_16768282
s 0

f 2653 	2655 	2654
f 2655 	2656 	2654
f 2657 	2659 	2658
f 2659 	2660 	2658
f 2657 	2658 	2654
f 2658 	2653 	2654
f 2660 	2659 	2655
f 2659 	2656 	2655
f 2658 	2660 	2653
f 2660 	2655 	2653
f 2654 	2656 	2657
f 2656 	2659 	2657
# 12 faces

 #end of obj_334

o obj_335
v 37.5 		-100 		45
v 37.5 		-75.5 		45
v 37.5 		-100 		43.5
v 37.5 		-75.5 		43.5
v 37 		-75.5 		45
v 37 		-100 		45
v 37 		-75.5 		43.5
v 37 		-100 		43.5
# 8 vertices

g group_335_16768282

usemtl color_16768282
s 0

f 2661 	2663 	2662
f 2663 	2664 	2662
f 2665 	2667 	2666
f 2667 	2668 	2666
f 2665 	2666 	2662
f 2666 	2661 	2662
f 2668 	2667 	2663
f 2667 	2664 	2663
f 2666 	2668 	2661
f 2668 	2663 	2661
f 2662 	2664 	2665
f 2664 	2667 	2665
# 12 faces

 #end of obj_335

o obj_336
v 33 		-100 		45
v 33 		-75.5 		45
v 33 		-100 		43.5
v 33 		-75.5 		43.5
v 32.5 		-75.5 		45
v 32.5 		-100 		45
v 32.5 		-75.5 		43.5
v 32.5 		-100 		43.5
# 8 vertices

g group_336_16768282

usemtl color_16768282
s 0

f 2669 	2671 	2670
f 2671 	2672 	2670
f 2673 	2675 	2674
f 2675 	2676 	2674
f 2673 	2674 	2670
f 2674 	2669 	2670
f 2676 	2675 	2671
f 2675 	2672 	2671
f 2674 	2676 	2669
f 2676 	2671 	2669
f 2670 	2672 	2673
f 2672 	2675 	2673
# 12 faces

 #end of obj_336

o obj_337
v 28.5 		-100 		45
v 28.5 		-75.5 		45
v 28.5 		-100 		43.5
v 28.5 		-75.5 		43.5
v 28 		-75.5 		45
v 28 		-100 		45
v 28 		-75.5 		43.5
v 28 		-100 		43.5
# 8 vertices

g group_337_16768282

usemtl color_16768282
s 0

f 2677 	2679 	2678
f 2679 	2680 	2678
f 2681 	2683 	2682
f 2683 	2684 	2682
f 2681 	2682 	2678
f 2682 	2677 	2678
f 2684 	2683 	2679
f 2683 	2680 	2679
f 2682 	2684 	2677
f 2684 	2679 	2677
f 2678 	2680 	2681
f 2680 	2683 	2681
# 12 faces

 #end of obj_337

o obj_338
v 98 		-10 		45
v 94.5 		-10 		45
v 98 		-10 		43.5
v 94.5 		-10 		43.5
v 94.5 		-10.5 		45
v 98 		-10.5 		45
v 94.5 		-10.5 		43.5
v 98 		-10.5 		43.5
# 8 vertices

g group_338_16089887

usemtl color_16089887
s 0

f 2685 	2687 	2686
f 2687 	2688 	2686
f 2689 	2691 	2690
f 2691 	2692 	2690
f 2689 	2690 	2686
f 2690 	2685 	2686
f 2692 	2691 	2687
f 2691 	2688 	2687
f 2690 	2692 	2685
f 2692 	2687 	2685
f 2686 	2688 	2689
f 2688 	2691 	2689
# 12 faces

 #end of obj_338

o obj_339
v 94 		-14 		45
v 90 		-14 		45
v 94 		-14 		43.5
v 90 		-14 		43.5
v 90 		-14.5 		45
v 94 		-14.5 		45
v 90 		-14.5 		43.5
v 94 		-14.5 		43.5
# 8 vertices

g group_339_16089887

usemtl color_16089887
s 0

f 2693 	2695 	2694
f 2695 	2696 	2694
f 2697 	2699 	2698
f 2699 	2700 	2698
f 2697 	2698 	2694
f 2698 	2693 	2694
f 2700 	2699 	2695
f 2699 	2696 	2695
f 2698 	2700 	2693
f 2700 	2695 	2693
f 2694 	2696 	2697
f 2696 	2699 	2697
# 12 faces

 #end of obj_339

o obj_340
v 89.5 		-10 		45
v 85.5 		-10 		45
v 89.5 		-10 		43.5
v 85.5 		-10 		43.5
v 85.5 		-10.5 		45
v 89.5 		-10.5 		45
v 85.5 		-10.5 		43.5
v 89.5 		-10.5 		43.5
# 8 vertices

g group_340_16089887

usemtl color_16089887
s 0

f 2701 	2703 	2702
f 2703 	2704 	2702
f 2705 	2707 	2706
f 2707 	2708 	2706
f 2705 	2706 	2702
f 2706 	2701 	2702
f 2708 	2707 	2703
f 2707 	2704 	2703
f 2706 	2708 	2701
f 2708 	2703 	2701
f 2702 	2704 	2705
f 2704 	2707 	2705
# 12 faces

 #end of obj_340

o obj_341
v 80.5 		-10 		45
v 77.5 		-10 		45
v 80.5 		-10 		43.5
v 77.5 		-10 		43.5
v 77.5 		-10.5 		45
v 80.5 		-10.5 		45
v 77.5 		-10.5 		43.5
v 80.5 		-10.5 		43.5
# 8 vertices

g group_341_16089887

usemtl color_16089887
s 0

f 2709 	2711 	2710
f 2711 	2712 	2710
f 2713 	2715 	2714
f 2715 	2716 	2714
f 2713 	2714 	2710
f 2714 	2709 	2710
f 2716 	2715 	2711
f 2715 	2712 	2711
f 2714 	2716 	2709
f 2716 	2711 	2709
f 2710 	2712 	2713
f 2712 	2715 	2713
# 12 faces

 #end of obj_341

o obj_342
v 85 		-14 		45
v 81 		-14 		45
v 85 		-14 		43.5
v 81 		-14 		43.5
v 81 		-14.5 		45
v 85 		-14.5 		45
v 81 		-14.5 		43.5
v 85 		-14.5 		43.5
# 8 vertices

g group_342_16089887

usemtl color_16089887
s 0

f 2717 	2719 	2718
f 2719 	2720 	2718
f 2721 	2723 	2722
f 2723 	2724 	2722
f 2721 	2722 	2718
f 2722 	2717 	2718
f 2724 	2723 	2719
f 2723 	2720 	2719
f 2722 	2724 	2717
f 2724 	2719 	2717
f 2718 	2720 	2721
f 2720 	2723 	2721
# 12 faces

 #end of obj_342

o obj_343
v 76.5 		-14 		45
v 72.5 		-14 		45
v 76.5 		-14 		43.5
v 72.5 		-14 		43.5
v 72.5 		-14.5 		45
v 76.5 		-14.5 		45
v 72.5 		-14.5 		43.5
v 76.5 		-14.5 		43.5
# 8 vertices

g group_343_16089887

usemtl color_16089887
s 0

f 2725 	2727 	2726
f 2727 	2728 	2726
f 2729 	2731 	2730
f 2731 	2732 	2730
f 2729 	2730 	2726
f 2730 	2725 	2726
f 2732 	2731 	2727
f 2731 	2728 	2727
f 2730 	2732 	2725
f 2732 	2727 	2725
f 2726 	2728 	2729
f 2728 	2731 	2729
# 12 faces

 #end of obj_343

o obj_344
v 72 		-10 		45
v 68 		-10 		45
v 72 		-10 		43.5
v 68 		-10 		43.5
v 68 		-10.5 		45
v 72 		-10.5 		45
v 68 		-10.5 		43.5
v 72 		-10.5 		43.5
# 8 vertices

g group_344_16089887

usemtl color_16089887
s 0

f 2733 	2735 	2734
f 2735 	2736 	2734
f 2737 	2739 	2738
f 2739 	2740 	2738
f 2737 	2738 	2734
f 2738 	2733 	2734
f 2740 	2739 	2735
f 2739 	2736 	2735
f 2738 	2740 	2733
f 2740 	2735 	2733
f 2734 	2736 	2737
f 2736 	2739 	2737
# 12 faces

 #end of obj_344

o obj_345
v 67.5 		-14 		45
v 63.5 		-14 		45
v 67.5 		-14 		43.5
v 63.5 		-14 		43.5
v 63.5 		-14.5 		45
v 67.5 		-14.5 		45
v 63.5 		-14.5 		43.5
v 67.5 		-14.5 		43.5
# 8 vertices

g group_345_16089887

usemtl color_16089887
s 0

f 2741 	2743 	2742
f 2743 	2744 	2742
f 2745 	2747 	2746
f 2747 	2748 	2746
f 2745 	2746 	2742
f 2746 	2741 	2742
f 2748 	2747 	2743
f 2747 	2744 	2743
f 2746 	2748 	2741
f 2748 	2743 	2741
f 2742 	2744 	2745
f 2744 	2747 	2745
# 12 faces

 #end of obj_345

o obj_346
v 63 		-10 		45
v 60.5 		-10 		45
v 63 		-10 		43.5
v 60.5 		-10 		43.5
v 60.5 		-10.5 		45
v 63 		-10.5 		45
v 60.5 		-10.5 		43.5
v 63 		-10.5 		43.5
# 8 vertices

g group_346_16089887

usemtl color_16089887
s 0

f 2749 	2751 	2750
f 2751 	2752 	2750
f 2753 	2755 	2754
f 2755 	2756 	2754
f 2753 	2754 	2750
f 2754 	2749 	2750
f 2756 	2755 	2751
f 2755 	2752 	2751
f 2754 	2756 	2749
f 2756 	2751 	2749
f 2750 	2752 	2753
f 2752 	2755 	2753
# 12 faces

 #end of obj_346

o obj_347
v 59.5 		-14 		45
v 55.5 		-14 		45
v 59.5 		-14 		43.5
v 55.5 		-14 		43.5
v 55.5 		-14.5 		45
v 59.5 		-14.5 		45
v 55.5 		-14.5 		43.5
v 59.5 		-14.5 		43.5
# 8 vertices

g group_347_16089887

usemtl color_16089887
s 0

f 2757 	2759 	2758
f 2759 	2760 	2758
f 2761 	2763 	2762
f 2763 	2764 	2762
f 2761 	2762 	2758
f 2762 	2757 	2758
f 2764 	2763 	2759
f 2763 	2760 	2759
f 2762 	2764 	2757
f 2764 	2759 	2757
f 2758 	2760 	2761
f 2760 	2763 	2761
# 12 faces

 #end of obj_347

o obj_348
v 55 		-10 		45
v 51 		-10 		45
v 55 		-10 		43.5
v 51 		-10 		43.5
v 51 		-10.5 		45
v 55 		-10.5 		45
v 51 		-10.5 		43.5
v 55 		-10.5 		43.5
# 8 vertices

g group_348_16089887

usemtl color_16089887
s 0

f 2765 	2767 	2766
f 2767 	2768 	2766
f 2769 	2771 	2770
f 2771 	2772 	2770
f 2769 	2770 	2766
f 2770 	2765 	2766
f 2772 	2771 	2767
f 2771 	2768 	2767
f 2770 	2772 	2765
f 2772 	2767 	2765
f 2766 	2768 	2769
f 2768 	2771 	2769
# 12 faces

 #end of obj_348

o obj_349
v 46 		-10 		45
v 42 		-10 		45
v 46 		-10 		43.5
v 42 		-10 		43.5
v 42 		-10.5 		45
v 46 		-10.5 		45
v 42 		-10.5 		43.5
v 46 		-10.5 		43.5
# 8 vertices

g group_349_16089887

usemtl color_16089887
s 0

f 2773 	2775 	2774
f 2775 	2776 	2774
f 2777 	2779 	2778
f 2779 	2780 	2778
f 2777 	2778 	2774
f 2778 	2773 	2774
f 2780 	2779 	2775
f 2779 	2776 	2775
f 2778 	2780 	2773
f 2780 	2775 	2773
f 2774 	2776 	2777
f 2776 	2779 	2777
# 12 faces

 #end of obj_349

o obj_350
v 50.5 		-14 		45
v 46.5 		-14 		45
v 50.5 		-14 		43.5
v 46.5 		-14 		43.5
v 46.5 		-14.5 		45
v 50.5 		-14.5 		45
v 46.5 		-14.5 		43.5
v 50.5 		-14.5 		43.5
# 8 vertices

g group_350_16089887

usemtl color_16089887
s 0

f 2781 	2783 	2782
f 2783 	2784 	2782
f 2785 	2787 	2786
f 2787 	2788 	2786
f 2785 	2786 	2782
f 2786 	2781 	2782
f 2788 	2787 	2783
f 2787 	2784 	2783
f 2786 	2788 	2781
f 2788 	2783 	2781
f 2782 	2784 	2785
f 2784 	2787 	2785
# 12 faces

 #end of obj_350

o obj_351
v 37 		-10 		45
v 33 		-10 		45
v 37 		-10 		43.5
v 33 		-10 		43.5
v 33 		-10.5 		45
v 37 		-10.5 		45
v 33 		-10.5 		43.5
v 37 		-10.5 		43.5
# 8 vertices

g group_351_16089887

usemtl color_16089887
s 0

f 2789 	2791 	2790
f 2791 	2792 	2790
f 2793 	2795 	2794
f 2795 	2796 	2794
f 2793 	2794 	2790
f 2794 	2789 	2790
f 2796 	2795 	2791
f 2795 	2792 	2791
f 2794 	2796 	2789
f 2796 	2791 	2789
f 2790 	2792 	2793
f 2792 	2795 	2793
# 12 faces

 #end of obj_351

o obj_352
v 41.5 		-14 		45
v 37.5 		-14 		45
v 41.5 		-14 		43.5
v 37.5 		-14 		43.5
v 37.5 		-14.5 		45
v 41.5 		-14.5 		45
v 37.5 		-14.5 		43.5
v 41.5 		-14.5 		43.5
# 8 vertices

g group_352_16089887

usemtl color_16089887
s 0

f 2797 	2799 	2798
f 2799 	2800 	2798
f 2801 	2803 	2802
f 2803 	2804 	2802
f 2801 	2802 	2798
f 2802 	2797 	2798
f 2804 	2803 	2799
f 2803 	2800 	2799
f 2802 	2804 	2797
f 2804 	2799 	2797
f 2798 	2800 	2801
f 2800 	2803 	2801
# 12 faces

 #end of obj_352

o obj_353
v 28 		-10 		45
v 25 		-10 		45
v 28 		-10 		43.5
v 25 		-10 		43.5
v 25 		-10.5 		45
v 28 		-10.5 		45
v 25 		-10.5 		43.5
v 28 		-10.5 		43.5
# 8 vertices

g group_353_16089887

usemtl color_16089887
s 0

f 2805 	2807 	2806
f 2807 	2808 	2806
f 2809 	2811 	2810
f 2811 	2812 	2810
f 2809 	2810 	2806
f 2810 	2805 	2806
f 2812 	2811 	2807
f 2811 	2808 	2807
f 2810 	2812 	2805
f 2812 	2807 	2805
f 2806 	2808 	2809
f 2808 	2811 	2809
# 12 faces

 #end of obj_353

o obj_354
v 32.5 		-14 		45
v 28.5 		-14 		45
v 32.5 		-14 		43.5
v 28.5 		-14 		43.5
v 28.5 		-14.5 		45
v 32.5 		-14.5 		45
v 28.5 		-14.5 		43.5
v 32.5 		-14.5 		43.5
# 8 vertices

g group_354_16089887

usemtl color_16089887
s 0

f 2813 	2815 	2814
f 2815 	2816 	2814
f 2817 	2819 	2818
f 2819 	2820 	2818
f 2817 	2818 	2814
f 2818 	2813 	2814
f 2820 	2819 	2815
f 2819 	2816 	2815
f 2818 	2820 	2813
f 2820 	2815 	2813
f 2814 	2816 	2817
f 2816 	2819 	2817
# 12 faces

 #end of obj_354

o obj_359
v 59.5 		-39.5 		45
v 55.5 		-39.5 		45
v 59.5 		-39.5 		43.5
v 55.5 		-39.5 		43.5
v 55.5 		-40 		45
v 59.5 		-40 		45
v 55.5 		-40 		43.5
v 59.5 		-40 		43.5
# 8 vertices

g group_359_16089887

usemtl color_16089887
s 0

f 2821 	2823 	2822
f 2823 	2824 	2822
f 2825 	2827 	2826
f 2827 	2828 	2826
f 2825 	2826 	2822
f 2826 	2821 	2822
f 2828 	2827 	2823
f 2827 	2824 	2823
f 2826 	2828 	2821
f 2828 	2823 	2821
f 2822 	2824 	2825
f 2824 	2827 	2825
# 12 faces

 #end of obj_359

o obj_360
v 55 		-35.5 		45
v 51 		-35.5 		45
v 55 		-35.5 		43.5
v 51 		-35.5 		43.5
v 51 		-36 		45
v 55 		-36 		45
v 51 		-36 		43.5
v 55 		-36 		43.5
# 8 vertices

g group_360_16089887

usemtl color_16089887
s 0

f 2829 	2831 	2830
f 2831 	2832 	2830
f 2833 	2835 	2834
f 2835 	2836 	2834
f 2833 	2834 	2830
f 2834 	2829 	2830
f 2836 	2835 	2831
f 2835 	2832 	2831
f 2834 	2836 	2829
f 2836 	2831 	2829
f 2830 	2832 	2833
f 2832 	2835 	2833
# 12 faces

 #end of obj_360

o obj_361
v 50.5 		-39.5 		45
v 46.5 		-39.5 		45
v 50.5 		-39.5 		43.5
v 46.5 		-39.5 		43.5
v 46.5 		-40 		45
v 50.5 		-40 		45
v 46.5 		-40 		43.5
v 50.5 		-40 		43.5
# 8 vertices

g group_361_16089887

usemtl color_16089887
s 0

f 2837 	2839 	2838
f 2839 	2840 	2838
f 2841 	2843 	2842
f 2843 	2844 	2842
f 2841 	2842 	2838
f 2842 	2837 	2838
f 2844 	2843 	2839
f 2843 	2840 	2839
f 2842 	2844 	2837
f 2844 	2839 	2837
f 2838 	2840 	2841
f 2840 	2843 	2841
# 12 faces

 #end of obj_361

o obj_362
v 46 		-35.5 		45
v 42 		-35.5 		45
v 46 		-35.5 		43.5
v 42 		-35.5 		43.5
v 42 		-36 		45
v 46 		-36 		45
v 42 		-36 		43.5
v 46 		-36 		43.5
# 8 vertices

g group_362_16089887

usemtl color_16089887
s 0

f 2845 	2847 	2846
f 2847 	2848 	2846
f 2849 	2851 	2850
f 2851 	2852 	2850
f 2849 	2850 	2846
f 2850 	2845 	2846
f 2852 	2851 	2847
f 2851 	2848 	2847
f 2850 	2852 	2845
f 2852 	2847 	2845
f 2846 	2848 	2849
f 2848 	2851 	2849
# 12 faces

 #end of obj_362

o obj_363
v 41.5 		-39.5 		45
v 37.5 		-39.5 		45
v 41.5 		-39.5 		43.5
v 37.5 		-39.5 		43.5
v 37.5 		-40 		45
v 41.5 		-40 		45
v 37.5 		-40 		43.5
v 41.5 		-40 		43.5
# 8 vertices

g group_363_16089887

usemtl color_16089887
s 0

f 2853 	2855 	2854
f 2855 	2856 	2854
f 2857 	2859 	2858
f 2859 	2860 	2858
f 2857 	2858 	2854
f 2858 	2853 	2854
f 2860 	2859 	2855
f 2859 	2856 	2855
f 2858 	2860 	2853
f 2860 	2855 	2853
f 2854 	2856 	2857
f 2856 	2859 	2857
# 12 faces

 #end of obj_363

o obj_364
v 37 		-35.5 		45
v 33 		-35.5 		45
v 37 		-35.5 		43.5
v 33 		-35.5 		43.5
v 33 		-36 		45
v 37 		-36 		45
v 33 		-36 		43.5
v 37 		-36 		43.5
# 8 vertices

g group_364_16089887

usemtl color_16089887
s 0

f 2861 	2863 	2862
f 2863 	2864 	2862
f 2865 	2867 	2866
f 2867 	2868 	2866
f 2865 	2866 	2862
f 2866 	2861 	2862
f 2868 	2867 	2863
f 2867 	2864 	2863
f 2866 	2868 	2861
f 2868 	2863 	2861
f 2862 	2864 	2865
f 2864 	2867 	2865
# 12 faces

 #end of obj_364

o obj_365
v 32.5 		-39.5 		45
v 28.5 		-39.5 		45
v 32.5 		-39.5 		43.5
v 28.5 		-39.5 		43.5
v 28.5 		-40 		45
v 32.5 		-40 		45
v 28.5 		-40 		43.5
v 32.5 		-40 		43.5
# 8 vertices

g group_365_16089887

usemtl color_16089887
s 0

f 2869 	2871 	2870
f 2871 	2872 	2870
f 2873 	2875 	2874
f 2875 	2876 	2874
f 2873 	2874 	2870
f 2874 	2869 	2870
f 2876 	2875 	2871
f 2875 	2872 	2871
f 2874 	2876 	2869
f 2876 	2871 	2869
f 2870 	2872 	2873
f 2872 	2875 	2873
# 12 faces

 #end of obj_365

o obj_366
v 28 		-35.5 		45
v 25 		-35.5 		45
v 28 		-35.5 		43.5
v 25 		-35.5 		43.5
v 25 		-36 		45
v 28 		-36 		45
v 25 		-36 		43.5
v 28 		-36 		43.5
# 8 vertices

g group_366_16089887

usemtl color_16089887
s 0

f 2877 	2879 	2878
f 2879 	2880 	2878
f 2881 	2883 	2882
f 2883 	2884 	2882
f 2881 	2882 	2878
f 2882 	2877 	2878
f 2884 	2883 	2879
f 2883 	2880 	2879
f 2882 	2884 	2877
f 2884 	2879 	2877
f 2878 	2880 	2881
f 2880 	2883 	2881
# 12 faces

 #end of obj_366

o obj_367
v 76.5 		-64.5 		45
v 72.5 		-64.5 		45
v 76.5 		-64.5 		43.5
v 72.5 		-64.5 		43.5
v 72.5 		-65 		45
v 76.5 		-65 		45
v 72.5 		-65 		43.5
v 76.5 		-65 		43.5
# 8 vertices

g group_367_16089887

usemtl color_16089887
s 0

f 2885 	2887 	2886
f 2887 	2888 	2886
f 2889 	2891 	2890
f 2891 	2892 	2890
f 2889 	2890 	2886
f 2890 	2885 	2886
f 2892 	2891 	2887
f 2891 	2888 	2887
f 2890 	2892 	2885
f 2892 	2887 	2885
f 2886 	2888 	2889
f 2888 	2891 	2889
# 12 faces

 #end of obj_367

o obj_368
v 72 		-60.5 		45
v 68 		-60.5 		45
v 72 		-60.5 		43.5
v 68 		-60.5 		43.5
v 68 		-61 		45
v 72 		-61 		45
v 68 		-61 		43.5
v 72 		-61 		43.5
# 8 vertices

g group_368_16089887

usemtl color_16089887
s 0

f 2893 	2895 	2894
f 2895 	2896 	2894
f 2897 	2899 	2898
f 2899 	2900 	2898
f 2897 	2898 	2894
f 2898 	2893 	2894
f 2900 	2899 	2895
f 2899 	2896 	2895
f 2898 	2900 	2893
f 2900 	2895 	2893
f 2894 	2896 	2897
f 2896 	2899 	2897
# 12 faces

 #end of obj_368

o obj_369
v 67.5 		-64.5 		45
v 63.5 		-64.5 		45
v 67.5 		-64.5 		43.5
v 63.5 		-64.5 		43.5
v 63.5 		-65 		45
v 67.5 		-65 		45
v 63.5 		-65 		43.5
v 67.5 		-65 		43.5
# 8 vertices

g group_369_16089887

usemtl color_16089887
s 0

f 2901 	2903 	2902
f 2903 	2904 	2902
f 2905 	2907 	2906
f 2907 	2908 	2906
f 2905 	2906 	2902
f 2906 	2901 	2902
f 2908 	2907 	2903
f 2907 	2904 	2903
f 2906 	2908 	2901
f 2908 	2903 	2901
f 2902 	2904 	2905
f 2904 	2907 	2905
# 12 faces

 #end of obj_369

o obj_370
v 63 		-60.5 		45
v 60.5 		-60.5 		45
v 63 		-60.5 		43.5
v 60.5 		-60.5 		43.5
v 60.5 		-61 		45
v 63 		-61 		45
v 60.5 		-61 		43.5
v 63 		-61 		43.5
# 8 vertices

g group_370_16089887

usemtl color_16089887
s 0

f 2909 	2911 	2910
f 2911 	2912 	2910
f 2913 	2915 	2914
f 2915 	2916 	2914
f 2913 	2914 	2910
f 2914 	2909 	2910
f 2916 	2915 	2911
f 2915 	2912 	2911
f 2914 	2916 	2909
f 2916 	2911 	2909
f 2910 	2912 	2913
f 2912 	2915 	2913
# 12 faces

 #end of obj_370

o obj_371
v 59.5 		-64.5 		45
v 55.5 		-64.5 		45
v 59.5 		-64.5 		43.5
v 55.5 		-64.5 		43.5
v 55.5 		-65 		45
v 59.5 		-65 		45
v 55.5 		-65 		43.5
v 59.5 		-65 		43.5
# 8 vertices

g group_371_16089887

usemtl color_16089887
s 0

f 2917 	2919 	2918
f 2919 	2920 	2918
f 2921 	2923 	2922
f 2923 	2924 	2922
f 2921 	2922 	2918
f 2922 	2917 	2918
f 2924 	2923 	2919
f 2923 	2920 	2919
f 2922 	2924 	2917
f 2924 	2919 	2917
f 2918 	2920 	2921
f 2920 	2923 	2921
# 12 faces

 #end of obj_371

o obj_372
v 55 		-60.5 		45
v 51 		-60.5 		45
v 55 		-60.5 		43.5
v 51 		-60.5 		43.5
v 51 		-61 		45
v 55 		-61 		45
v 51 		-61 		43.5
v 55 		-61 		43.5
# 8 vertices

g group_372_16089887

usemtl color_16089887
s 0

f 2925 	2927 	2926
f 2927 	2928 	2926
f 2929 	2931 	2930
f 2931 	2932 	2930
f 2929 	2930 	2926
f 2930 	2925 	2926
f 2932 	2931 	2927
f 2931 	2928 	2927
f 2930 	2932 	2925
f 2932 	2927 	2925
f 2926 	2928 	2929
f 2928 	2931 	2929
# 12 faces

 #end of obj_372

o obj_373
v 50.5 		-64.5 		45
v 46.5 		-64.5 		45
v 50.5 		-64.5 		43.5
v 46.5 		-64.5 		43.5
v 46.5 		-65 		45
v 50.5 		-65 		45
v 46.5 		-65 		43.5
v 50.5 		-65 		43.5
# 8 vertices

g group_373_16089887

usemtl color_16089887
s 0

f 2933 	2935 	2934
f 2935 	2936 	2934
f 2937 	2939 	2938
f 2939 	2940 	2938
f 2937 	2938 	2934
f 2938 	2933 	2934
f 2940 	2939 	2935
f 2939 	2936 	2935
f 2938 	2940 	2933
f 2940 	2935 	2933
f 2934 	2936 	2937
f 2936 	2939 	2937
# 12 faces

 #end of obj_373

o obj_374
v 46 		-60.5 		45
v 42 		-60.5 		45
v 46 		-60.5 		43.5
v 42 		-60.5 		43.5
v 42 		-61 		45
v 46 		-61 		45
v 42 		-61 		43.5
v 46 		-61 		43.5
# 8 vertices

g group_374_16089887

usemtl color_16089887
s 0

f 2941 	2943 	2942
f 2943 	2944 	2942
f 2945 	2947 	2946
f 2947 	2948 	2946
f 2945 	2946 	2942
f 2946 	2941 	2942
f 2948 	2947 	2943
f 2947 	2944 	2943
f 2946 	2948 	2941
f 2948 	2943 	2941
f 2942 	2944 	2945
f 2944 	2947 	2945
# 12 faces

 #end of obj_374

o obj_375
v 41.5 		-64.5 		45
v 37.5 		-64.5 		45
v 41.5 		-64.5 		43.5
v 37.5 		-64.5 		43.5
v 37.5 		-65 		45
v 41.5 		-65 		45
v 37.5 		-65 		43.5
v 41.5 		-65 		43.5
# 8 vertices

g group_375_16089887

usemtl color_16089887
s 0

f 2949 	2951 	2950
f 2951 	2952 	2950
f 2953 	2955 	2954
f 2955 	2956 	2954
f 2953 	2954 	2950
f 2954 	2949 	2950
f 2956 	2955 	2951
f 2955 	2952 	2951
f 2954 	2956 	2949
f 2956 	2951 	2949
f 2950 	2952 	2953
f 2952 	2955 	2953
# 12 faces

 #end of obj_375

o obj_376
v 37 		-60.5 		45
v 33 		-60.5 		45
v 37 		-60.5 		43.5
v 33 		-60.5 		43.5
v 33 		-61 		45
v 37 		-61 		45
v 33 		-61 		43.5
v 37 		-61 		43.5
# 8 vertices

g group_376_16089887

usemtl color_16089887
s 0

f 2957 	2959 	2958
f 2959 	2960 	2958
f 2961 	2963 	2962
f 2963 	2964 	2962
f 2961 	2962 	2958
f 2962 	2957 	2958
f 2964 	2963 	2959
f 2963 	2960 	2959
f 2962 	2964 	2957
f 2964 	2959 	2957
f 2958 	2960 	2961
f 2960 	2963 	2961
# 12 faces

 #end of obj_376

o obj_377
v 32.5 		-64.5 		45
v 28.5 		-64.5 		45
v 32.5 		-64.5 		43.5
v 28.5 		-64.5 		43.5
v 28.5 		-65 		45
v 32.5 		-65 		45
v 28.5 		-65 		43.5
v 32.5 		-65 		43.5
# 8 vertices

g group_377_16089887

usemtl color_16089887
s 0

f 2965 	2967 	2966
f 2967 	2968 	2966
f 2969 	2971 	2970
f 2971 	2972 	2970
f 2969 	2970 	2966
f 2970 	2965 	2966
f 2972 	2971 	2967
f 2971 	2968 	2967
f 2970 	2972 	2965
f 2972 	2967 	2965
f 2966 	2968 	2969
f 2968 	2971 	2969
# 12 faces

 #end of obj_377

o obj_378
v 28 		-60.5 		45
v 25 		-60.5 		45
v 28 		-60.5 		43.5
v 25 		-60.5 		43.5
v 25 		-61 		45
v 28 		-61 		45
v 25 		-61 		43.5
v 28 		-61 		43.5
# 8 vertices

g group_378_16089887

usemtl color_16089887
s 0

f 2973 	2975 	2974
f 2975 	2976 	2974
f 2977 	2979 	2978
f 2979 	2980 	2978
f 2977 	2978 	2974
f 2978 	2973 	2974
f 2980 	2979 	2975
f 2979 	2976 	2975
f 2978 	2980 	2973
f 2980 	2975 	2973
f 2974 	2976 	2977
f 2976 	2979 	2977
# 12 faces

 #end of obj_378

o obj_379
v 98 		-85.5 		45
v 94.5 		-85.5 		45
v 98 		-85.5 		43.5
v 94.5 		-85.5 		43.5
v 94.5 		-86 		45
v 98 		-86 		45
v 94.5 		-86 		43.5
v 98 		-86 		43.5
# 8 vertices

g group_379_16089887

usemtl color_16089887
s 0

f 2981 	2983 	2982
f 2983 	2984 	2982
f 2985 	2987 	2986
f 2987 	2988 	2986
f 2985 	2986 	2982
f 2986 	2981 	2982
f 2988 	2987 	2983
f 2987 	2984 	2983
f 2986 	2988 	2981
f 2988 	2983 	2981
f 2982 	2984 	2985
f 2984 	2987 	2985
# 12 faces

 #end of obj_379

o obj_380
v 94 		-89.5 		45
v 90 		-89.5 		45
v 94 		-89.5 		43.5
v 90 		-89.5 		43.5
v 90 		-90 		45
v 94 		-90 		45
v 90 		-90 		43.5
v 94 		-90 		43.5
# 8 vertices

g group_380_16089887

usemtl color_16089887
s 0

f 2989 	2991 	2990
f 2991 	2992 	2990
f 2993 	2995 	2994
f 2995 	2996 	2994
f 2993 	2994 	2990
f 2994 	2989 	2990
f 2996 	2995 	2991
f 2995 	2992 	2991
f 2994 	2996 	2989
f 2996 	2991 	2989
f 2990 	2992 	2993
f 2992 	2995 	2993
# 12 faces

 #end of obj_380

o obj_381
v 89.5 		-85.5 		45
v 85.5 		-85.5 		45
v 89.5 		-85.5 		43.5
v 85.5 		-85.5 		43.5
v 85.5 		-86 		45
v 89.5 		-86 		45
v 85.5 		-86 		43.5
v 89.5 		-86 		43.5
# 8 vertices

g group_381_16089887

usemtl color_16089887
s 0

f 2997 	2999 	2998
f 2999 	3000 	2998
f 3001 	3003 	3002
f 3003 	3004 	3002
f 3001 	3002 	2998
f 3002 	2997 	2998
f 3004 	3003 	2999
f 3003 	3000 	2999
f 3002 	3004 	2997
f 3004 	2999 	2997
f 2998 	3000 	3001
f 3000 	3003 	3001
# 12 faces

 #end of obj_381

o obj_382
v 85 		-89.5 		45
v 81 		-89.5 		45
v 85 		-89.5 		43.5
v 81 		-89.5 		43.5
v 81 		-90 		45
v 85 		-90 		45
v 81 		-90 		43.5
v 85 		-90 		43.5
# 8 vertices

g group_382_16089887

usemtl color_16089887
s 0

f 3005 	3007 	3006
f 3007 	3008 	3006
f 3009 	3011 	3010
f 3011 	3012 	3010
f 3009 	3010 	3006
f 3010 	3005 	3006
f 3012 	3011 	3007
f 3011 	3008 	3007
f 3010 	3012 	3005
f 3012 	3007 	3005
f 3006 	3008 	3009
f 3008 	3011 	3009
# 12 faces

 #end of obj_382

o obj_383
v 80.5 		-85.5 		45
v 77.5 		-85.5 		45
v 80.5 		-85.5 		43.5
v 77.5 		-85.5 		43.5
v 77.5 		-86 		45
v 80.5 		-86 		45
v 77.5 		-86 		43.5
v 80.5 		-86 		43.5
# 8 vertices

g group_383_16089887

usemtl color_16089887
s 0

f 3013 	3015 	3014
f 3015 	3016 	3014
f 3017 	3019 	3018
f 3019 	3020 	3018
f 3017 	3018 	3014
f 3018 	3013 	3014
f 3020 	3019 	3015
f 3019 	3016 	3015
f 3018 	3020 	3013
f 3020 	3015 	3013
f 3014 	3016 	3017
f 3016 	3019 	3017
# 12 faces

 #end of obj_383

o obj_384
v 76.5 		-89.5 		45
v 72.5 		-89.5 		45
v 76.5 		-89.5 		43.5
v 72.5 		-89.5 		43.5
v 72.5 		-90 		45
v 76.5 		-90 		45
v 72.5 		-90 		43.5
v 76.5 		-90 		43.5
# 8 vertices

g group_384_16089887

usemtl color_16089887
s 0

f 3021 	3023 	3022
f 3023 	3024 	3022
f 3025 	3027 	3026
f 3027 	3028 	3026
f 3025 	3026 	3022
f 3026 	3021 	3022
f 3028 	3027 	3023
f 3027 	3024 	3023
f 3026 	3028 	3021
f 3028 	3023 	3021
f 3022 	3024 	3025
f 3024 	3027 	3025
# 12 faces

 #end of obj_384

o obj_385
v 72 		-85.5 		45
v 68 		-85.5 		45
v 72 		-85.5 		43.5
v 68 		-85.5 		43.5
v 68 		-86 		45
v 72 		-86 		45
v 68 		-86 		43.5
v 72 		-86 		43.5
# 8 vertices

g group_385_16089887

usemtl color_16089887
s 0

f 3029 	3031 	3030
f 3031 	3032 	3030
f 3033 	3035 	3034
f 3035 	3036 	3034
f 3033 	3034 	3030
f 3034 	3029 	3030
f 3036 	3035 	3031
f 3035 	3032 	3031
f 3034 	3036 	3029
f 3036 	3031 	3029
f 3030 	3032 	3033
f 3032 	3035 	3033
# 12 faces

 #end of obj_385

o obj_386
v 67.5 		-89.5 		45
v 63.5 		-89.5 		45
v 67.5 		-89.5 		43.5
v 63.5 		-89.5 		43.5
v 63.5 		-90 		45
v 67.5 		-90 		45
v 63.5 		-90 		43.5
v 67.5 		-90 		43.5
# 8 vertices

g group_386_16089887

usemtl color_16089887
s 0

f 3037 	3039 	3038
f 3039 	3040 	3038
f 3041 	3043 	3042
f 3043 	3044 	3042
f 3041 	3042 	3038
f 3042 	3037 	3038
f 3044 	3043 	3039
f 3043 	3040 	3039
f 3042 	3044 	3037
f 3044 	3039 	3037
f 3038 	3040 	3041
f 3040 	3043 	3041
# 12 faces

 #end of obj_386

o obj_387
v 63 		-85.5 		45
v 60.5 		-85.5 		45
v 63 		-85.5 		43.5
v 60.5 		-85.5 		43.5
v 60.5 		-86 		45
v 63 		-86 		45
v 60.5 		-86 		43.5
v 63 		-86 		43.5
# 8 vertices

g group_387_16089887

usemtl color_16089887
s 0

f 3045 	3047 	3046
f 3047 	3048 	3046
f 3049 	3051 	3050
f 3051 	3052 	3050
f 3049 	3050 	3046
f 3050 	3045 	3046
f 3052 	3051 	3047
f 3051 	3048 	3047
f 3050 	3052 	3045
f 3052 	3047 	3045
f 3046 	3048 	3049
f 3048 	3051 	3049
# 12 faces

 #end of obj_387

o obj_388
v 59.5 		-89.5 		45
v 55.5 		-89.5 		45
v 59.5 		-89.5 		43.5
v 55.5 		-89.5 		43.5
v 55.5 		-90 		45
v 59.5 		-90 		45
v 55.5 		-90 		43.5
v 59.5 		-90 		43.5
# 8 vertices

g group_388_16089887

usemtl color_16089887
s 0

f 3053 	3055 	3054
f 3055 	3056 	3054
f 3057 	3059 	3058
f 3059 	3060 	3058
f 3057 	3058 	3054
f 3058 	3053 	3054
f 3060 	3059 	3055
f 3059 	3056 	3055
f 3058 	3060 	3053
f 3060 	3055 	3053
f 3054 	3056 	3057
f 3056 	3059 	3057
# 12 faces

 #end of obj_388

o obj_389
v 55 		-85.5 		45
v 51 		-85.5 		45
v 55 		-85.5 		43.5
v 51 		-85.5 		43.5
v 51 		-86 		45
v 55 		-86 		45
v 51 		-86 		43.5
v 55 		-86 		43.5
# 8 vertices

g group_389_16089887

usemtl color_16089887
s 0

f 3061 	3063 	3062
f 3063 	3064 	3062
f 3065 	3067 	3066
f 3067 	3068 	3066
f 3065 	3066 	3062
f 3066 	3061 	3062
f 3068 	3067 	3063
f 3067 	3064 	3063
f 3066 	3068 	3061
f 3068 	3063 	3061
f 3062 	3064 	3065
f 3064 	3067 	3065
# 12 faces

 #end of obj_389

o obj_390
v 50.5 		-89.5 		45
v 46.5 		-89.5 		45
v 50.5 		-89.5 		43.5
v 46.5 		-89.5 		43.5
v 46.5 		-90 		45
v 50.5 		-90 		45
v 46.5 		-90 		43.5
v 50.5 		-90 		43.5
# 8 vertices

g group_390_16089887

usemtl color_16089887
s 0

f 3069 	3071 	3070
f 3071 	3072 	3070
f 3073 	3075 	3074
f 3075 	3076 	3074
f 3073 	3074 	3070
f 3074 	3069 	3070
f 3076 	3075 	3071
f 3075 	3072 	3071
f 3074 	3076 	3069
f 3076 	3071 	3069
f 3070 	3072 	3073
f 3072 	3075 	3073
# 12 faces

 #end of obj_390

o obj_391
v 46 		-85.5 		45
v 42 		-85.5 		45
v 46 		-85.5 		43.5
v 42 		-85.5 		43.5
v 42 		-86 		45
v 46 		-86 		45
v 42 		-86 		43.5
v 46 		-86 		43.5
# 8 vertices

g group_391_16089887

usemtl color_16089887
s 0

f 3077 	3079 	3078
f 3079 	3080 	3078
f 3081 	3083 	3082
f 3083 	3084 	3082
f 3081 	3082 	3078
f 3082 	3077 	3078
f 3084 	3083 	3079
f 3083 	3080 	3079
f 3082 	3084 	3077
f 3084 	3079 	3077
f 3078 	3080 	3081
f 3080 	3083 	3081
# 12 faces

 #end of obj_391

o obj_392
v 41.5 		-89.5 		45
v 37.5 		-89.5 		45
v 41.5 		-89.5 		43.5
v 37.5 		-89.5 		43.5
v 37.5 		-90 		45
v 41.5 		-90 		45
v 37.5 		-90 		43.5
v 41.5 		-90 		43.5
# 8 vertices

g group_392_16089887

usemtl color_16089887
s 0

f 3085 	3087 	3086
f 3087 	3088 	3086
f 3089 	3091 	3090
f 3091 	3092 	3090
f 3089 	3090 	3086
f 3090 	3085 	3086
f 3092 	3091 	3087
f 3091 	3088 	3087
f 3090 	3092 	3085
f 3092 	3087 	3085
f 3086 	3088 	3089
f 3088 	3091 	3089
# 12 faces

 #end of obj_392

o obj_393
v 37 		-85.5 		45
v 33 		-85.5 		45
v 37 		-85.5 		43.5
v 33 		-85.5 		43.5
v 33 		-86 		45
v 37 		-86 		45
v 33 		-86 		43.5
v 37 		-86 		43.5
# 8 vertices

g group_393_16089887

usemtl color_16089887
s 0

f 3093 	3095 	3094
f 3095 	3096 	3094
f 3097 	3099 	3098
f 3099 	3100 	3098
f 3097 	3098 	3094
f 3098 	3093 	3094
f 3100 	3099 	3095
f 3099 	3096 	3095
f 3098 	3100 	3093
f 3100 	3095 	3093
f 3094 	3096 	3097
f 3096 	3099 	3097
# 12 faces

 #end of obj_393

o obj_394
v 32.5 		-89.5 		45
v 28.5 		-89.5 		45
v 32.5 		-89.5 		43.5
v 28.5 		-89.5 		43.5
v 28.5 		-90 		45
v 32.5 		-90 		45
v 28.5 		-90 		43.5
v 32.5 		-90 		43.5
# 8 vertices

g group_394_16089887

usemtl color_16089887
s 0

f 3101 	3103 	3102
f 3103 	3104 	3102
f 3105 	3107 	3106
f 3107 	3108 	3106
f 3105 	3106 	3102
f 3106 	3101 	3102
f 3108 	3107 	3103
f 3107 	3104 	3103
f 3106 	3108 	3101
f 3108 	3103 	3101
f 3102 	3104 	3105
f 3104 	3107 	3105
# 12 faces

 #end of obj_394

o obj_395
v 28 		-85.5 		45
v 25 		-85.5 		45
v 28 		-85.5 		43.5
v 25 		-85.5 		43.5
v 25 		-86 		45
v 28 		-86 		45
v 25 		-86 		43.5
v 28 		-86 		43.5
# 8 vertices

g group_395_16089887

usemtl color_16089887
s 0

f 3109 	3111 	3110
f 3111 	3112 	3110
f 3113 	3115 	3114
f 3115 	3116 	3114
f 3113 	3114 	3110
f 3114 	3109 	3110
f 3116 	3115 	3111
f 3115 	3112 	3111
f 3114 	3116 	3109
f 3116 	3111 	3109
f 3110 	3112 	3113
f 3112 	3115 	3113
# 12 faces

 #end of obj_395

o obj_396
v 99 		-60 		45
v 98 		-60 		45
v 99 		-60 		42.5
v 98 		-60 		42.5
v 98 		-74 		45
v 99 		-74 		45
v 98 		-74 		42.5
v 99 		-74 		42.5
# 8 vertices

g group_396_4634441

usemtl color_4634441
s 0

f 3117 	3119 	3118
f 3119 	3120 	3118
f 3121 	3123 	3122
f 3123 	3124 	3122
f 3121 	3122 	3118
f 3122 	3117 	3118
f 3124 	3123 	3119
f 3123 	3120 	3119
f 3122 	3124 	3117
f 3124 	3119 	3117
f 3118 	3120 	3121
f 3120 	3123 	3121
# 12 faces

 #end of obj_396

o obj_397
v 98 		-61 		45
v 98 		-60 		45
v 98 		-61 		42.5
v 98 		-60 		42.5
v 77.5 		-60 		45
v 77.5 		-61 		45
v 77.5 		-60 		42.5
v 77.5 		-61 		42.5
# 8 vertices

g group_397_4634441

usemtl color_4634441
s 0

f 3125 	3127 	3126
f 3127 	3128 	3126
f 3129 	3131 	3130
f 3131 	3132 	3130
f 3129 	3130 	3126
f 3130 	3125 	3126
f 3132 	3131 	3127
f 3131 	3128 	3127
f 3130 	3132 	3125
f 3132 	3127 	3125
f 3126 	3128 	3129
f 3128 	3131 	3129
# 12 faces

 #end of obj_397

o obj_398
v 94.5 		-74.5 		45
v 94.5 		-61 		45
v 94.5 		-74.5 		43.5
v 94.5 		-61 		43.5
v 94 		-61 		45
v 94 		-74.5 		45
v 94 		-61 		43.5
v 94 		-74.5 		43.5
# 8 vertices

g group_398_16768282

usemtl color_16768282
s 0

f 3133 	3135 	3134
f 3135 	3136 	3134
f 3137 	3139 	3138
f 3139 	3140 	3138
f 3137 	3138 	3134
f 3138 	3133 	3134
f 3140 	3139 	3135
f 3139 	3136 	3135
f 3138 	3140 	3133
f 3140 	3135 	3133
f 3134 	3136 	3137
f 3136 	3139 	3137
# 12 faces

 #end of obj_398

o obj_399
v 90 		-74.5 		45
v 90 		-61 		45
v 90 		-74.5 		43.5
v 90 		-61 		43.5
v 89.5 		-61 		45
v 89.5 		-74.5 		45
v 89.5 		-61 		43.5
v 89.5 		-74.5 		43.5
# 8 vertices

g group_399_16768282

usemtl color_16768282
s 0

f 3141 	3143 	3142
f 3143 	3144 	3142
f 3145 	3147 	3146
f 3147 	3148 	3146
f 3145 	3146 	3142
f 3146 	3141 	3142
f 3148 	3147 	3143
f 3147 	3144 	3143
f 3146 	3148 	3141
f 3148 	3143 	3141
f 3142 	3144 	3145
f 3144 	3147 	3145
# 12 faces

 #end of obj_399

o obj_400
v 85.5 		-74.5 		45
v 85.5 		-61 		45
v 85.5 		-74.5 		43.5
v 85.5 		-61 		43.5
v 85 		-61 		45
v 85 		-74.5 		45
v 85 		-61 		43.5
v 85 		-74.5 		43.5
# 8 vertices

g group_400_16768282

usemtl color_16768282
s 0

f 3149 	3151 	3150
f 3151 	3152 	3150
f 3153 	3155 	3154
f 3155 	3156 	3154
f 3153 	3154 	3150
f 3154 	3149 	3150
f 3156 	3155 	3151
f 3155 	3152 	3151
f 3154 	3156 	3149
f 3156 	3151 	3149
f 3150 	3152 	3153
f 3152 	3155 	3153
# 12 faces

 #end of obj_400

o obj_401
v 81 		-74.5 		45
v 81 		-61 		45
v 81 		-74.5 		43.5
v 81 		-61 		43.5
v 80.5 		-61 		45
v 80.5 		-74.5 		45
v 80.5 		-61 		43.5
v 80.5 		-74.5 		43.5
# 8 vertices

g group_401_16768282

usemtl color_16768282
s 0

f 3157 	3159 	3158
f 3159 	3160 	3158
f 3161 	3163 	3162
f 3163 	3164 	3162
f 3161 	3162 	3158
f 3162 	3157 	3158
f 3164 	3163 	3159
f 3163 	3160 	3159
f 3162 	3164 	3157
f 3164 	3159 	3157
f 3158 	3160 	3161
f 3160 	3163 	3161
# 12 faces

 #end of obj_401

o obj_402
v 24 		0 		45
v 24 		1 		45
v 24 		0 		42.5
v 24 		1 		42.5
v 10 		1 		45
v 10 		0 		45
v 10 		1 		42.5
v 10 		0 		42.5
# 8 vertices

g group_402_4634441

usemtl color_4634441
s 0

f 3165 	3167 	3166
f 3167 	3168 	3166
f 3169 	3171 	3170
f 3171 	3172 	3170
f 3169 	3170 	3166
f 3170 	3165 	3166
f 3172 	3171 	3167
f 3171 	3168 	3167
f 3170 	3172 	3165
f 3172 	3167 	3165
f 3166 	3168 	3169
f 3168 	3171 	3169
# 12 faces

 #end of obj_402

o obj_403
v 24 		-25.5 		45
v 24 		-24.5 		45
v 24 		-25.5 		42.5
v 24 		-24.5 		42.5
v 10 		-24.5 		45
v 10 		-25.5 		45
v 10 		-24.5 		42.5
v 10 		-25.5 		42.5
# 8 vertices

g group_403_4634441

usemtl color_4634441
s 0

f 3173 	3175 	3174
f 3175 	3176 	3174
f 3177 	3179 	3178
f 3179 	3180 	3178
f 3177 	3178 	3174
f 3178 	3173 	3174
f 3180 	3179 	3175
f 3179 	3176 	3175
f 3178 	3180 	3173
f 3180 	3175 	3173
f 3174 	3176 	3177
f 3176 	3179 	3177
# 12 faces

 #end of obj_403

o obj_404
v 24 		-50.5 		45
v 24 		-49.5 		45
v 24 		-50.5 		42.5
v 24 		-49.5 		42.5
v 10 		-49.5 		45
v 10 		-50.5 		45
v 10 		-49.5 		42.5
v 10 		-50.5 		42.5
# 8 vertices

g group_404_4634441

usemtl color_4634441
s 0

f 3181 	3183 	3182
f 3183 	3184 	3182
f 3185 	3187 	3186
f 3187 	3188 	3186
f 3185 	3186 	3182
f 3186 	3181 	3182
f 3188 	3187 	3183
f 3187 	3184 	3183
f 3186 	3188 	3181
f 3188 	3183 	3181
f 3182 	3184 	3185
f 3184 	3187 	3185
# 12 faces

 #end of obj_404

o obj_405
v 11 		0 		45
v 10 		0 		45
v 11 		0 		42.5
v 10 		0 		42.5
v 10 		-24.5 		45
v 11 		-24.5 		45
v 10 		-24.5 		42.5
v 11 		-24.5 		42.5
# 8 vertices

g group_405_4634441

usemtl color_4634441
s 0

f 3189 	3191 	3190
f 3191 	3192 	3190
f 3193 	3195 	3194
f 3195 	3196 	3194
f 3193 	3194 	3190
f 3194 	3189 	3190
f 3196 	3195 	3191
f 3195 	3192 	3191
f 3194 	3196 	3189
f 3196 	3191 	3189
f 3190 	3192 	3193
f 3192 	3195 	3193
# 12 faces

 #end of obj_405

o obj_406
v 11 		-25.5 		45
v 10 		-25.5 		45
v 11 		-25.5 		42.5
v 10 		-25.5 		42.5
v 10 		-49.5 		45
v 11 		-49.5 		45
v 10 		-49.5 		42.5
v 11 		-49.5 		42.5
# 8 vertices

g group_406_4634441

usemtl color_4634441
s 0

f 3197 	3199 	3198
f 3199 	3200 	3198
f 3201 	3203 	3202
f 3203 	3204 	3202
f 3201 	3202 	3198
f 3202 	3197 	3198
f 3204 	3203 	3199
f 3203 	3200 	3199
f 3202 	3204 	3197
f 3204 	3199 	3197
f 3198 	3200 	3201
f 3200 	3203 	3201
# 12 faces

 #end of obj_406

o obj_407
v 20 		-24.5 		45
v 20 		0 		45
v 20 		-24.5 		43.5
v 20 		0 		43.5
v 19.5 		0 		45
v 19.5 		-24.5 		45
v 19.5 		0 		43.5
v 19.5 		-24.5 		43.5
# 8 vertices

g group_407_16768282

usemtl color_16768282
s 0

f 3205 	3207 	3206
f 3207 	3208 	3206
f 3209 	3211 	3210
f 3211 	3212 	3210
f 3209 	3210 	3206
f 3210 	3205 	3206
f 3212 	3211 	3207
f 3211 	3208 	3207
f 3210 	3212 	3205
f 3212 	3207 	3205
f 3206 	3208 	3209
f 3208 	3211 	3209
# 12 faces

 #end of obj_407

o obj_408
v 24 		-14 		45
v 20 		-14 		45
v 24 		-14 		43.5
v 20 		-14 		43.5
v 20 		-14.5 		45
v 24 		-14.5 		45
v 20 		-14.5 		43.5
v 24 		-14.5 		43.5
# 8 vertices

g group_408_16089887

usemtl color_16089887
s 0

f 3213 	3215 	3214
f 3215 	3216 	3214
f 3217 	3219 	3218
f 3219 	3220 	3218
f 3217 	3218 	3214
f 3218 	3213 	3214
f 3220 	3219 	3215
f 3219 	3216 	3215
f 3218 	3220 	3213
f 3220 	3215 	3213
f 3214 	3216 	3217
f 3216 	3219 	3217
# 12 faces

 #end of obj_408

o obj_409
v 19.5 		-10 		45
v 15.5 		-10 		45
v 19.5 		-10 		43.5
v 15.5 		-10 		43.5
v 15.5 		-10.5 		45
v 19.5 		-10.5 		45
v 15.5 		-10.5 		43.5
v 19.5 		-10.5 		43.5
# 8 vertices

g group_409_16089887

usemtl color_16089887
s 0

f 3221 	3223 	3222
f 3223 	3224 	3222
f 3225 	3227 	3226
f 3227 	3228 	3226
f 3225 	3226 	3222
f 3226 	3221 	3222
f 3228 	3227 	3223
f 3227 	3224 	3223
f 3226 	3228 	3221
f 3228 	3223 	3221
f 3222 	3224 	3225
f 3224 	3227 	3225
# 12 faces

 #end of obj_409

o obj_410
v 15.5 		-24.5 		45
v 15.5 		0 		45
v 15.5 		-24.5 		43.5
v 15.5 		0 		43.5
v 15 		0 		45
v 15 		-24.5 		45
v 15 		0 		43.5
v 15 		-24.5 		43.5
# 8 vertices

g group_410_16768282

usemtl color_16768282
s 0

f 3229 	3231 	3230
f 3231 	3232 	3230
f 3233 	3235 	3234
f 3235 	3236 	3234
f 3233 	3234 	3230
f 3234 	3229 	3230
f 3236 	3235 	3231
f 3235 	3232 	3231
f 3234 	3236 	3229
f 3236 	3231 	3229
f 3230 	3232 	3233
f 3232 	3235 	3233
# 12 faces

 #end of obj_410

o obj_411
v 15 		-14 		45
v 11 		-14 		45
v 15 		-14 		43.5
v 11 		-14 		43.5
v 11 		-14.5 		45
v 15 		-14.5 		45
v 11 		-14.5 		43.5
v 15 		-14.5 		43.5
# 8 vertices

g group_411_16089887

usemtl color_16089887
s 0

f 3237 	3239 	3238
f 3239 	3240 	3238
f 3241 	3243 	3242
f 3243 	3244 	3242
f 3241 	3242 	3238
f 3242 	3237 	3238
f 3244 	3243 	3239
f 3243 	3240 	3239
f 3242 	3244 	3237
f 3244 	3239 	3237
f 3238 	3240 	3241
f 3240 	3243 	3241
# 12 faces

 #end of obj_411

o obj_412
v 20 		-49.5 		45
v 20 		-25.5 		45
v 20 		-49.5 		43.5
v 20 		-25.5 		43.5
v 19.5 		-25.5 		45
v 19.5 		-49.5 		45
v 19.5 		-25.5 		43.5
v 19.5 		-49.5 		43.5
# 8 vertices

g group_412_16768282

usemtl color_16768282
s 0

f 3245 	3247 	3246
f 3247 	3248 	3246
f 3249 	3251 	3250
f 3251 	3252 	3250
f 3249 	3250 	3246
f 3250 	3245 	3246
f 3252 	3251 	3247
f 3251 	3248 	3247
f 3250 	3252 	3245
f 3252 	3247 	3245
f 3246 	3248 	3249
f 3248 	3251 	3249
# 12 faces

 #end of obj_412

o obj_413
v 15.5 		-49.5 		45
v 15.5 		-25.5 		45
v 15.5 		-49.5 		43.5
v 15.5 		-25.5 		43.5
v 15 		-25.5 		45
v 15 		-49.5 		45
v 15 		-25.5 		43.5
v 15 		-49.5 		43.5
# 8 vertices

g group_413_16768282

usemtl color_16768282
s 0

f 3253 	3255 	3254
f 3255 	3256 	3254
f 3257 	3259 	3258
f 3259 	3260 	3258
f 3257 	3258 	3254
f 3258 	3253 	3254
f 3260 	3259 	3255
f 3259 	3256 	3255
f 3258 	3260 	3253
f 3260 	3255 	3253
f 3254 	3256 	3257
f 3256 	3259 	3257
# 12 faces

 #end of obj_413

o obj_414
v 24 		-39.5 		45
v 20 		-39.5 		45
v 24 		-39.5 		43.5
v 20 		-39.5 		43.5
v 20 		-40 		45
v 24 		-40 		45
v 20 		-40 		43.5
v 24 		-40 		43.5
# 8 vertices

g group_414_16089887

usemtl color_16089887
s 0

f 3261 	3263 	3262
f 3263 	3264 	3262
f 3265 	3267 	3266
f 3267 	3268 	3266
f 3265 	3266 	3262
f 3266 	3261 	3262
f 3268 	3267 	3263
f 3267 	3264 	3263
f 3266 	3268 	3261
f 3268 	3263 	3261
f 3262 	3264 	3265
f 3264 	3267 	3265
# 12 faces

 #end of obj_414

o obj_415
v 19.5 		-35.5 		45
v 15.5 		-35.5 		45
v 19.5 		-35.5 		43.5
v 15.5 		-35.5 		43.5
v 15.5 		-36 		45
v 19.5 		-36 		45
v 15.5 		-36 		43.5
v 19.5 		-36 		43.5
# 8 vertices

g group_415_16089887

usemtl color_16089887
s 0

f 3269 	3271 	3270
f 3271 	3272 	3270
f 3273 	3275 	3274
f 3275 	3276 	3274
f 3273 	3274 	3270
f 3274 	3269 	3270
f 3276 	3275 	3271
f 3275 	3272 	3271
f 3274 	3276 	3269
f 3276 	3271 	3269
f 3270 	3272 	3273
f 3272 	3275 	3273
# 12 faces

 #end of obj_415

o obj_416
v 15 		-39.5 		45
v 11 		-39.5 		45
v 15 		-39.5 		43.5
v 11 		-39.5 		43.5
v 11 		-40 		45
v 15 		-40 		45
v 11 		-40 		43.5
v 15 		-40 		43.5
# 8 vertices

g group_416_16089887

usemtl color_16089887
s 0

f 3277 	3279 	3278
f 3279 	3280 	3278
f 3281 	3283 	3282
f 3283 	3284 	3282
f 3281 	3282 	3278
f 3282 	3277 	3278
f 3284 	3283 	3279
f 3283 	3280 	3279
f 3282 	3284 	3277
f 3284 	3279 	3277
f 3278 	3280 	3281
f 3280 	3283 	3281
# 12 faces

 #end of obj_416

o obj_417
v 115.0000 		15.0000 		50.0000
v 125.0000 		15.0000 		50.0000
v 123.0000 		21.0000 		54.0000
v 113.0000 		21.0000 		54.0000
# 4 vertices

g group_417_color_temp_plane

usemtl color_temp_plane
s 0

f 3285 	3286 	3287
f 3285 	3287 	3288
# 2 faces

 #end of obj_417

o obj_418
v 115.0000 		27.0000 		50.0000
v 125.0000 		27.0000 		50.0000
v 125.0000 		33.0000 		50.0000
v 115.0000 		33.0000 		50.0000
v 115.0000 		27.0000 		54.0000
v 125.0000 		27.0000 		54.0000
v 125.0000 		33.0000 		54.0000
v 115.0000 		33.0000 		54.0000
# 8 vertices

g group_418_color_temp_volume

usemtl color_temp_volume
s 0

f 3289 	3290 	3291
f 3289 	3291 	3292
f 3293 	3294 	3295
f 3293 	3295 	3296
f 3289 	3290 	3294
f 3289 	3294 	3293
f 3290 	3291 	3295
f 3290 	3295 	3294
f 3291 	3292 	3296
f 3291 	3296 	3295
f 3289 	3292 	3296
f 3289 	3296 	3293
# 12 faces

 #end of obj_418

o obj_419
v 115.0000 		39.0000 		50.0000
v 125.0000 		39.0000 		50.0000
v 127.0000 		45.0000 		51.0000
v 117.0000 		45.0000 		51.0000
v 115.0000 		39.0000 		55.0000
v 125.0000 		39.0000 		56.0000
v 127.0000 		45.0000 		57.0000
v 117.0000 		45.0000 		56.0000
# 8 vertices

g group_419_color_temp_volume

usemtl color_temp_volume
s 0

f 3297 	3298 	3299
f 3297 	3299 	3300
f 3301 	3302 	3303
f 3301 	3303 	3304
f 3297 	3298 	3302
f 3297 	3302 	3301
f 3298 	3299 	3303
f 3298 	3303 	3302
f 3299 	3300 	3304
f 3299 	3304 	3303
f 3297 	3300 	3304
f 3297 	3304 	3301
# 12 faces

 #end of obj_419

o obj_420
v 115.0000 		51.0000 		50.0000
v 115.0000 		51.0000 		55.0000
v 119.0000 		54.0000 		55.0000
v 119.0000 		54.0000 		56.0000
v 115.0000 		59.0000 		50.0000
v 119.0000 		59.0000 		51.0000
v 119.0000 		60.0000 		51.0000
v 115.0000 		59.0000 		55.0000
v 119.0000 		59.0000 		55.0000
v 119.0000 		60.0000 		56.0000
v 125.0000 		51.0000 		50.0000
v 125.0000 		54.0000 		51.0000
v 129.0000 		54.0000 		51.0000
v 125.0000 		51.0000 		55.0000
v 125.0000 		54.0000 		55.0000
v 129.0000 		54.0000 		56.0000
v 125.0000 		59.0000 		50.0000
v 125.0000 		59.0000 		51.0000
v 129.0000 		60.0000 		51.0000
v 129.0000 		60.0000 		56.0000
# 20 vertices

g group_420_color_temp_result

usemtl color_temp_result
s 0

f 3305 	3315 	3306
f 3305 	3309 	3315
f 3305 	3306 	3312
f 3306 	3307 	3313
f 3306 	3315 	3318
f 3306 	3318 	3307
f 3305 	3312 	3309
f 3309 	3312 	3310
f 3309 	3321 	3315
f 3309 	3310 	3321
f 3306 	3313 	3312
f 3312 	3313 	3310
f 3315 	3316 	3319
f 3315 	3321 	3316
f 3315 	3319 	3318
f 3318 	3319 	3307
f 3321 	3322 	3316
f 3321 	3310 	3322
f 3308 	3307 	3319
f 3311 	3322 	3310
f 3311 	3310 	3313
f 3308 	3313 	3307
f 3308 	3314 	3313
f 3311 	3313 	3314
f 3317 	3319 	3316
f 3308 	3319 	3320
f 3317 	3320 	3319
f 3311 	3323 	3322
f 3323 	3316 	3322
f 3317 	3316 	3323
f 3317 	3323 	3320
f 3311 	3324 	3323
f 3311 	3314 	3324
f 3308 	3324 	3314
f 3308 	3320 	3324
f 3320 	3323 	3324
# 36 faces

 #end of obj_420

o obj_421
v 115.0000 		63.0000 		50.0000
v 118.0000 		65.0000 		51.0000
v 115.0000 		63.0000 		56.0000
v 118.0000 		65.0000 		55.0000
v 115.0000 		71.0000 		50.0000
v 118.0000 		69.0000 		51.0000
v 115.0000 		71.0000 		56.0000
v 118.0000 		69.0000 		55.0000
v 127.0000 		63.0000 		50.0000
v 124.0000 		65.0000 		51.0000
v 127.0000 		63.0000 		56.0000
v 124.0000 		65.0000 		55.0000
v 124.0000 		69.0000 		51.0000
v 127.0000 		71.0000 		50.0000
v 124.0000 		69.0000 		55.0000
v 127.0000 		71.0000 		56.0000
# 16 vertices

g group_421_color_temp_result

usemtl color_temp_result
s 0

f 3325 	3333 	3327
f 3325 	3329 	3333
f 3325 	3327 	3331
f 3325 	3331 	3329
f 3327 	3340 	3331
f 3329 	3331 	3340
f 3333 	3338 	3335
f 3327 	3333 	3335
f 3327 	3335 	3340
f 3329 	3338 	3333
f 3329 	3340 	3338
f 3335 	3338 	3340
f 3326 	3334 	3330
f 3326 	3328 	3334
f 3326 	3332 	3328
f 3326 	3330 	3332
f 3328 	3332 	3339
f 3330 	3339 	3332
f 3334 	3336 	3337
f 3328 	3336 	3334
f 3328 	3339 	3336
f 3330 	3334 	3337
f 3330 	3337 	3339
f 3336 	3339 	3337
# 24 faces

 #end of obj_421

o obj_422
v 120.0000 		77.0000 		51.0000
v 120.0000 		77.0000 		55.0000
v 120.0000 		82.0000 		51.0000
v 120.0000 		82.0000 		55.0000
v 124.0000 		77.0000 		51.0000
v 124.0000 		77.0000 		55.0000
v 124.0000 		82.0000 		51.0000
v 124.0000 		82.0000 		55.0000
# 8 vertices

g group_422_color_temp_result

usemtl color_temp_result
s 0

f 3348 	3344 	3342
f 3348 	3343 	3344
f 3348 	3342 	3346
f 3348 	3346 	3345
f 3348 	3347 	3343
f 3348 	3345 	3347
f 3341 	3342 	3344
f 3341 	3346 	3342
f 3341 	3344 	3343
f 3341 	3343 	3347
f 3341 	3345 	3346
f 3341 	3347 	3345
# 12 faces

 #end of obj_422

o obj_423
v 115.0000 		87.0000 		50.0000
v 115.0000 		87.0000 		60.0000
v 115.0000 		87.0000 		65.0000
v 115.0000 		89.0000 		50.0000
v 115.0000 		89.0000 		60.0000
v 115.0000 		89.0000 		65.0000
v 117.0000 		87.0000 		50.0000
v 117.0000 		87.0000 		60.0000
v 117.0000 		87.0000 		65.0000
v 117.0000 		89.0000 		50.0000
v 117.0000 		89.0000 		60.0000
v 117.0000 		89.0000 		65.0000
# 12 vertices

g group_423_color_temp_result

usemtl color_temp_result
s 0

f 3349 	3350 	3353
f 3349 	3355 	3350
f 3349 	3352 	3355
f 3349 	3353 	3352
f 3352 	3353 	3359
f 3350 	3355 	3356
f 3355 	3358 	3356
f 3352 	3358 	3355
f 3352 	3359 	3358
f 3356 	3358 	3359
f 3350 	3351 	3354
f 3350 	3356 	3351
f 3350 	3354 	3353
f 3351 	3360 	3354
f 3353 	3354 	3360
f 3351 	3356 	3357
f 3351 	3357 	3360
f 3357 	3356 	3359
f 3353 	3360 	3359
f 3357 	3359 	3360
# 20 faces

 #end of obj_423

o obj_424
v 5.0000 		1.0000 		89.1096
v 118.0000 		1.0000 		65.8904
v 118.0000 		-101.0000 		65.8904
v 5.0000 		-101.0000 		89.1096
# 4 vertices

g group_424_color_temp_plane

usemtl color_temp_plane
s 0

f 3361 	3362 	3363
f 3361 	3363 	3364
# 2 faces

 #end of obj_424

o obj_425
v 5.0000 		-101.0000 		89.1096
v 118.0000 		-101.0000 		65.8904
v 118.0000 		1.0000 		65.8904
v 5.0000 		1.0000 		89.1096
v 5.0000 		-101.0000 		120.0000
v 118.0000 		-101.0000 		120.0000
v 118.0000 		1.0000 		120.0000
v 5.0000 		1.0000 		120.0000
# 8 vertices

g group_425_color_temp_subtract

usemtl color_temp_subtract
s 0

f 3367 	3366 	3365
f 3368 	3367 	3365
f 3371 	3372 	3369
f 3370 	3371 	3369
f 3370 	3369 	3365
f 3366 	3370 	3365
f 3372 	3371 	3367
f 3368 	3372 	3367
f 3371 	3370 	3366
f 3367 	3371 	3366
f 3372 	3368 	3365
f 3369 	3372 	3365
# 12 faces

 #end of obj_425
